product_id,brand,category,sub_category,price_bucket,price,intrinsic_quality,brand_strength,review_count,rating,num_purchases,color,size,delivery_days
1,Nike,Footwear,Sports Shoes,price_low,1360,0.4125673885483874,0.6766994874229113,2,,207,Blue,UK12,4
2,Nike,Clothing,Tshirts,price_mid,2040,0.7031191803554125,0.7160196129224035,99,3.792660041274865,4394,Black,M,4
3,H&M,Footwear,Sneakers,price_mid,3460,0.5714321126135298,0.3402505165179919,57,3.283967505520188,2910,Purple,UK4,1
4,Puma,Footwear,Sports Shoes,price_low,710,0.2915924784188603,0.45942487967184253,31,2.162070341900462,2409,Black,UK4,5
5,Levis,Clothing,Dresses,price_low,420,0.45302583210434877,0.06955514882374092,0,,46,Pink,S,7
6,Nike,Clothing,Shirts,price_mid,1830,0.4164553182150568,0.37018096711688264,20,2.6251451650079107,1948,Pink,S,5
7,Adidas,Footwear,Sneakers,price_mid,3340,0.6175478177086268,0.9253911796212178,45,3.4502316474059285,3020,Yellow,UK8,7
8,MAC,Cosmetics,Sunscreen,price_mid,1460,0.5366165754826435,0.06618860521154724,9,3.0896722554951195,258,Purple,Small,6
9,Zara,Footwear,Sandals,price_low,880,0.20503308584343774,0.7449889820916066,42,1.825767365168723,1707,Black,UK12,4
10,Zara,Footwear,Sneakers,price_mid,4340,0.4986138585213055,0.8611029096666658,0,,0,Green,UK10,5
11,Libas,Clothing,Dresses,price_mid,2070,0.5907647538745314,0.8607797022344981,66,3.348438760867336,2971,Blue,XXL,7
12,Levis,Clothing,Tshirts,price_mid,1770,0.25973497322538314,0.9538159275210801,33,2.0656281045202083,2379,Pink,XXL,7
13,Zara,Clothing,Dresses,price_low,630,0.4915577367812767,0.6089702114381723,3,,317,Green,XXL,7
14,Levis,Accessories,Watches,price_mid,1370,0.418787933099357,0.36298076718093353,103,2.6937461603581596,4346,Pink,Small,1
15,Levis,Clothing,Tshirts,price_mid,2180,0.4573245764628893,0.9779844936773342,0,,0,Green,M,6
16,Adidas,Footwear,Sports Shoes,price_high,11520,0.3322467764249057,0.21179820544208205,33,2.3199110069983826,1722,Yellow,UK8,4
17,Zara,Accessories,Watches,price_mid,1460,0.27945188155144746,0.22469733703155736,35,2.096612309028654,1388,Brown,Small,5
18,Nike,Clothing,Jeans,price_low,800,0.34471712622692235,0.8596354002537465,42,2.4058240650240834,1806,Yellow,L,6
19,Adidas,Footwear,Sandals,price_high,12480,0.8896142533509432,0.2429972423957245,103,4.55962563672252,3890,Black,UK6,1
20,Libas,Clothing,Shirts,price_mid,1690,0.41118454601328047,0.6733645472933015,88,2.6612727566205465,3301,Blue,S,4
21,SwissBeauty,Cosmetics,Lipstick,price_low,230,0.34239824278473935,0.14018229709477448,44,2.399409878016617,2246,White,Small,7
22,H&M,Accessories,Belts,price_mid,1010,0.7184221179206931,0.9992824684127266,101,3.857516122989502,4332,Blue,Small,2
23,Puma,Footwear,Flats,price_high,8660,0.8361047133429375,0.002155378351426429,46,4.352976582788725,2563,White,UK8,4
24,SwissBeauty,Cosmetics,Sunscreen,price_mid,930,0.42340701700606587,0.18989786726763713,29,2.727345036270153,1778,Red,Large,6
25,Adidas,Footwear,Sneakers,price_mid,3910,0.5915899576918576,0.8527198920482854,73,3.3555206434257006,4765,Brown,UK4,7
26,Levis,Clothing,Kurtis,price_low,380,0.6304407007706788,0.8902873141294375,88,3.5112803058577993,3833,Red,XXL,1
27,Adidas,Footwear,Sports Shoes,price_high,9830,0.3892677296944622,0.7161918007894148,66,2.577417477076769,2349,Black,UK6,6
28,Puma,Footwear,Boots,price_high,6250,0.466843334227317,0.6211592554930928,34,2.863152696568448,3119,Blue,UK4,5
29,Adidas,Clothing,Dresses,price_high,7980,0.8629418742894248,0.36952708873888396,53,4.444085780221278,4563,Brown,L,5
30,Zara,Accessories,Watches,price_mid,2200,0.24564750075123512,0.9317560394360774,32,1.9985770745292208,1476,Green,Medium,1
31,Zara,Accessories,Bags,price_low,380,0.6487522363504442,0.34288028779325863,9,3.6398062948034045,389,Pink,Large,4
32,Zara,Clothing,Tshirts,price_mid,2300,0.7221618458758313,0.04408676179905002,12,3.904613496418619,553,Green,L,2
33,Maybelline,Cosmetics,Foundation,price_low,150,0.3504512785659281,0.883106393300143,11,2.3555017325113328,641,Brown,Small,7
34,Adidas,Footwear,Sports Shoes,price_low,1110,0.6336469145858118,0.9330880105206542,74,3.5135728251778726,3743,Red,UK8,2
35,Maybelline,Cosmetics,Foundation,price_mid,1380,0.7642985395497363,0.973837022637289,120,4.073402787859284,5000,Yellow,Small,7
36,SwissBeauty,Cosmetics,Lipstick,price_mid,830,0.5253692534959915,0.9308158860483255,73,3.122144833050336,3768,Yellow,Medium,2
37,MAC,Cosmetics,Sunscreen,price_high,4580,0.7721090681621106,0.816586605596929,60,4.098397087939881,3975,Pink,Small,2
38,Puma,Clothing,Shirts,price_high,8000,0.5981437770940142,0.2791249927218714,40,3.410056998990765,2280,Black,XXL,3
39,Nike,Accessories,Belts,price_low,700,0.1725197816305707,0.2654663625229686,0,,0,Black,Medium,6
40,Maybelline,Cosmetics,Sunscreen,price_low,350,0.20621787133845487,0.19007877450229604,8,1.800640992988497,550,Black,Small,5
41,H&M,Accessories,Caps,price_mid,1960,0.3738940160547449,0.3642214717812642,5,2.5649306968436645,284,Purple,Large,3
42,MAC,Cosmetics,Sunscreen,price_mid,1730,0.5072044649170182,0.32618290485739987,10,2.9841165125650915,331,Brown,Small,2
43,Zara,Footwear,Sandals,price_high,12210,0.7813689212801792,0.3009498745655653,122,4.12099451282489,4010,Red,UK8,3
44,H&M,Clothing,Jeans,price_low,460,0.08562601133098904,0.6756272331900999,40,1.347024396342165,2733,Green,S,3
45,Adidas,Footwear,Sports Shoes,price_mid,4520,0.6028412972314606,0.672795670557167,36,3.435938464138473,2198,Yellow,UK6,1
46,Zara,Clothing,Jeans,price_mid,1850,0.5668837631603914,0.8861369090509815,5,3.216876325579045,721,Black,XL,4
47,Levis,Clothing,Tshirts,price_mid,2120,0.44455894651761496,0.10658729656353894,44,2.764811366300926,2231,Green,XXL,4
48,Adidas,Clothing,Dresses,price_mid,2360,0.775784467413811,0.6675777325863531,10,4.091906309536885,1185,Purple,XL,5
49,SwissBeauty,Cosmetics,Foundation,price_high,3270,0.7897653972748112,0.1591579075429993,61,4.161703649196412,4880,White,Medium,7
50,Levis,Clothing,Kurtis,price_mid,1940,0.2666295996120918,0.2745974469175383,33,2.0903405025273876,1573,Pink,M,3
51,Zara,Clothing,Tshirts,price_low,530,0.6255708572814719,0.152805266577148,14,3.5297665656579698,530,Black,XL,3
52,Puma,Footwear,Sneakers,price_mid,4660,0.47030066898826073,0.5840794142042252,9,2.8622910383574216,341,Black,UK10,1
53,Adidas,Accessories,Watches,price_high,11300,0.6296841501788776,0.5382205676102315,92,3.5309062458771927,3298,Yellow,Medium,2
54,Libas,Clothing,Shirts,price_mid,1760,0.8143031813815614,0.7241813776272887,108,4.254806134152866,5000,Green,XXL,5
55,Libas,Clothing,Jeans,price_low,490,0.20458895673031763,0.13569948723056424,41,1.81581624214694,1559,Red,L,4
56,Libas,Clothing,Shirts,price_high,4100,0.6927273298306156,0.9512041198605617,59,3.748822162754237,2724,Blue,XL,1
57,MAC,Cosmetics,Sunscreen,price_low,220,0.11541745533606214,0.9572856027763683,16,1.4285633276514649,1520,Red,Small,2
58,Maybelline,Cosmetics,Lipstick,price_mid,730,0.4544411547685091,0.9477570222166518,30,2.8047348664830425,2558,Pink,Medium,2
59,Zara,Footwear,Sandals,price_mid,2880,0.6418609479636455,0.31103891959859986,8,3.602553013967693,315,Pink,UK12,6
60,Adidas,Accessories,Belts,price_low,540,0.28628015855588745,0.8305716337803184,39,2.122557878675246,1779,Pink,Large,5
61,SwissBeauty,Cosmetics,Moisturizer,price_low,230,0.4867709058843019,0.6615213406873559,5,2.8902488359151803,168,Purple,Small,7
62,Puma,Footwear,Sports Shoes,price_low,1390,0.4751890240318844,0.4597393476017463,3,,0,Green,UK12,6
63,H&M,Clothing,Jeans,price_mid,1510,0.3572125783820022,0.7310262143051223,38,2.454782861014438,2261,Yellow,S,3
64,Puma,Accessories,Watches,price_mid,1870,0.20313306133598977,0.02869999777008958,25,1.7853867552047233,2142,Green,Medium,2
65,Nike,Footwear,Sports Shoes,price_mid,4970,0.5487015051560366,0.5557910279195838,8,3.2508951819115683,119,Yellow,UK4,2
66,Maybelline,Cosmetics,Moisturizer,price_mid,1160,0.5902089695660299,0.49082133507858616,101,3.36368616983666,3527,Blue,Medium,2
67,Nike,Footwear,Sandals,price_low,1230,0.5709746078719019,0.34375739414620254,59,3.2978432001579403,2741,Brown,UK8,3
68,MAC,Cosmetics,Lipstick,price_low,280,0.4298992027905081,0.11955474125505283,27,2.6966360114467385,1282,Green,Small,2
69,MAC,Cosmetics,Moisturizer,price_mid,1660,0.36923985122006986,0.9805106304625131,11,2.5287625688072786,694,Pink,Small,3
70,Nike,Clothing,Jeans,price_low,800,0.4549580432612652,0.5533589667986083,18,2.847670242175574,801,Green,XL,1
71,H&M,Accessories,Watches,price_mid,1330,0.49069998873453413,0.051376717183577836,36,2.9749987591659455,2147,White,Small,7
72,Libas,Clothing,Jeans,price_mid,1140,0.7650976987853094,0.8111420762750475,98,4.062150596480311,3561,Blue,M,1
73,Puma,Footwear,Sandals,price_mid,4210,0.4261729434360558,0.38037802614654936,37,2.7043908332703355,2471,Pink,UK12,4
74,Levis,Clothing,Jeans,price_mid,2450,0.36358684117162027,0.20778790582355133,16,2.4805932332605503,1452,Blue,M,2
75,Nike,Clothing,Tshirts,price_mid,2080,0.33407272150460854,0.2912592890310276,39,2.318949096327754,1653,Pink,XL,1
76,SwissBeauty,Cosmetics,Sunscreen,price_mid,1040,0.4987592491171114,0.9336684584455133,62,2.9870372207333356,2163,Brown,Small,6
77,Adidas,Clothing,Tshirts,price_low,730,0.4385022040455533,0.5950440373194047,82,2.770446500643669,3939,Pink,XL,1
78,Puma,Footwear,Sports Shoes,price_low,1120,0.25696279185232984,0.437758863571598,13,1.9839463102917612,1595,Black,UK8,5
79,Nike,Clothing,Dresses,price_mid,2060,0.5234900781482977,0.9507862778063524,74,3.088348141564185,5000,Pink,XXL,1
80,MAC,Cosmetics,Foundation,price_mid,1320,0.28661334110279596,0.9969454749325635,2,,88,White,Small,4
81,Adidas,Clothing,Kurtis,price_high,5680,0.8061883030129134,0.6936736739834325,81,4.243190807654681,4082,Black,XXL,1
82,Puma,Footwear,Sports Shoes,price_high,10440,0.9687205377506568,0.5145962523291051,57,4.893988902070224,2917,Brown,UK10,4
83,Libas,Clothing,Jeans,price_mid,1440,0.2595777648397962,0.05161177518634674,9,1.976517681738931,901,Green,L,4
84,H&M,Accessories,Bags,price_mid,2160,0.8842865059493366,0.7097828251002591,53,4.518203466099039,2910,Red,Large,4
85,Zara,Clothing,Dresses,price_mid,1390,0.5824136409001703,0.8321431737689012,21,3.359313766815204,610,Pink,XXL,6
86,H&M,Clothing,Dresses,price_low,490,0.1844444378058947,0.3835860132471499,7,1.6891782722625241,344,Brown,M,7
87,H&M,Clothing,Dresses,price_low,570,0.09305600909804988,0.2671726630669048,30,1.3460123606958667,856,Pink,XXL,5
88,H&M,Accessories,Bags,price_mid,1570,0.34008534283905373,0.551917417070811,75,2.3697612398380072,2675,White,Medium,7
89,Levis,Clothing,Jeans,price_low,660,0.27198114279570174,0.04364729909730192,30,2.091725559850431,1386,Black,XL,6
90,Maybelline,Cosmetics,Lipstick,price_high,2770,0.631362185529876,0.9653535901768537,16,3.5179700925664275,463,Blue,Medium,1
91,Puma,Footwear,Sandals,price_mid,3900,0.669964926664418,0.15436121877154885,127,3.686361682155146,4445,Pink,UK8,5
92,Maybelline,Cosmetics,Sunscreen,price_high,4820,0.5522280312443522,0.38000939752265506,3,,320,White,Large,1
93,Nike,Footwear,Sandals,price_low,1000,0.31464905700713364,0.09037933076896865,15,2.2487207919728016,523,Blue,UK10,2
94,SwissBeauty,Cosmetics,Lipstick,price_mid,810,0.25957920495600784,0.37484108977531483,1,,123,Brown,Medium,5
95,MAC,Cosmetics,Lipstick,price_mid,1450,0.5846960478589363,0.6831345799627139,66,3.31570124467512,2788,Green,Small,4
96,Puma,Footwear,Sandals,price_high,10810,0.942265528331192,0.2876316657484388,46,4.760306429703643,2469,Blue,UK10,3
97,Adidas,Accessories,Belts,price_mid,2160,0.7922829280284841,0.3021216705383136,0,,0,White,Small,2
98,Puma,Footwear,Sports Shoes,price_mid,2050,0.1226246654508235,0.830037561492844,10,1.5376729932130857,693,Red,UK12,7
99,SwissBeauty,Cosmetics,Lipstick,price_mid,940,0.5264221873445524,0.9041552908937254,89,3.0866764496051005,3800,Yellow,Large,7
100,Adidas,Footwear,Sandals,price_mid,4430,0.4338027935146028,0.6591815403167537,33,2.7211003701489385,2925,Blue,UK4,3
101,MAC,Cosmetics,Foundation,price_low,500,0.23947149582705957,0.3267191257140104,38,1.9618232395648292,1735,Yellow,Small,7
102,Zara,Footwear,Sports Shoes,price_high,13900,0.8185791544862595,0.2569700845632623,71,4.28560793240345,3341,White,UK8,6
103,Zara,Accessories,Watches,price_low,580,0.4009289838479331,0.22561469569907033,0,,0,Black,Large,3
104,Libas,Clothing,Shirts,price_low,410,0.31191278311867726,0.7490116035367608,9,2.1814306474137726,297,Black,L,1
105,Maybelline,Cosmetics,Moisturizer,price_high,3420,0.551439744560551,0.610082195858413,32,3.1792027032427663,2684,White,Large,3
106,Nike,Footwear,Sneakers,price_low,1500,0.30967286903580743,0.1161204807251095,43,2.218380737267131,2139,Brown,UK6,4
107,Adidas,Footwear,Sandals,price_high,11490,0.6432237282540725,0.7422690147653158,6,3.6261640800752746,76,Black,UK4,7
108,Puma,Footwear,Boots,price_low,1020,0.7302897141941352,0.44338308606070165,71,3.9447205445778546,3523,Purple,UK4,6
109,Zara,Footwear,Sandals,price_low,1000,0.20396448488808414,0.9682068759363868,14,1.790799530063552,797,White,UK4,6
110,Levis,Clothing,Dresses,price_low,490,0.18239933979447023,0.9888209039414217,31,1.7456483339770388,1937,Yellow,S,7
111,MAC,Cosmetics,Lipstick,price_high,5030,0.8335456605607756,0.1475541799414437,85,4.3412160487571665,3010,Red,Medium,7
112,Levis,Accessories,Watches,price_mid,1360,0.47332959289644466,0.866447888506801,104,2.9065371218755267,3719,Purple,Small,5
113,Puma,Clothing,Tshirts,price_mid,1840,0.451568469335419,0.7456652750339957,5,2.776779041334907,339,Purple,XXL,5
114,Libas,Clothing,Dresses,price_low,540,0.5061625150180256,0.8669809077598383,21,3.029873699901965,1946,White,S,1
115,Levis,Accessories,Watches,price_low,540,0.2705284914618604,0.44356232936300866,14,2.039620468349314,416,Purple,Large,2
116,Adidas,Clothing,Jeans,price_mid,1780,0.5988412462014339,0.9946277558609236,42,3.4182967343351467,2116,White,XXL,5
117,H&M,Footwear,Sneakers,price_mid,3930,0.47496652682782303,0.5513352283897989,0,,68,Black,UK10,2
118,H&M,Footwear,Sports Shoes,price_mid,2740,0.432757344699239,0.3125235711418678,11,2.697352926998944,342,Green,UK10,1
119,Nike,Clothing,Shirts,price_mid,1840,0.18515607711317186,0.13011545357384335,21,1.78117097942478,608,Brown,XXL,3
120,Maybelline,Cosmetics,Sunscreen,price_high,3650,0.9714103717356086,0.9158436709721437,38,4.877110349597479,3464,Pink,Large,3
121,Adidas,Footwear,Sneakers,price_mid,3210,0.3399801390706413,0.10821838192726663,77,2.3379426616160335,3994,Purple,UK4,7
122,Adidas,Clothing,Shirts,price_mid,2300,0.4214089348814076,0.6217238054690754,7,2.647467368471128,257,Brown,S,5
123,Zara,Accessories,Bags,price_low,560,0.33658922618408293,0.30898468882991015,30,2.3106907118143947,1890,Red,Small,7
124,Levis,Clothing,Tshirts,price_mid,2500,0.4979589558990506,0.09175768305444532,7,3.029505522643015,148,Black,XL,4
125,Libas,Clothing,Kurtis,price_mid,1540,0.10467849001771096,0.0849570399771793,5,1.3449892781734742,262,Green,XXL,1
126,MAC,Cosmetics,Moisturizer,price_mid,1510,0.5170829990213511,0.27316684436476946,31,3.0781334345553537,2615,Blue,Medium,4
127,Levis,Clothing,Jeans,price_mid,1610,0.4468096131769189,0.2205184355025246,121,2.7866711235285497,4647,Red,S,2
128,Puma,Clothing,Tshirts,price_low,490,0.09172457675265218,0.0077299065693119395,2,,598,Green,M,4
129,Nike,Footwear,Sandals,price_mid,3570,0.7946079475253216,0.3970711742472973,36,4.16725276512496,3341,Black,UK4,4
130,Levis,Accessories,Watches,price_mid,2340,0.5557101268902402,0.41769395984348057,2,,128,Red,Medium,2
131,Maybelline,Cosmetics,Sunscreen,price_high,2590,0.5928853967146545,0.8444843598146969,54,3.3723034254061472,2639,Black,Large,1
132,Puma,Footwear,Sports Shoes,price_low,870,0.46631261941812086,0.5104832845421483,33,2.8939637755152847,2028,Brown,UK6,7
133,H&M,Clothing,Kurtis,price_mid,1320,0.26347118755936827,0.14644421827769438,2,,370,Green,S,2
134,Zara,Accessories,Watches,price_mid,2240,0.634733217439701,0.6811334783148337,9,3.5513263166167945,509,Purple,Large,3
135,Nike,Clothing,Shirts,price_low,510,0.22925004737328422,0.05617212021307805,25,1.895962418061804,1205,Pink,XL,4
136,Libas,Clothing,Shirts,price_mid,2090,0.5099732686308556,0.0902965040133028,37,3.047596481389663,2145,Black,XL,5
137,H&M,Footwear,Flats,price_mid,3720,0.6849200926985667,0.6518374546486099,72,3.7371521645452557,2739,White,UK12,2
138,H&M,Accessories,Caps,price_mid,2640,0.25686176399521443,0.08432913202456382,56,2.007247981243243,2134,Red,Small,6
139,Puma,Footwear,Sports Shoes,price_low,1020,0.671438327239476,0.2828935786144179,0,,69,Purple,UK12,1
140,Maybelline,Cosmetics,Lipstick,price_low,290,0.28826800255980006,0.2841469738781137,38,2.129239389912024,2046,Green,Medium,1
141,Nike,Footwear,Sports Shoes,price_high,13340,0.7570938683296737,0.39195798433536033,14,4.002216640483116,614,Blue,UK8,5
142,H&M,Footwear,Flats,price_mid,3780,0.5261599290147034,0.7387746721294828,9,3.162099542126411,675,Brown,UK4,6
143,Maybelline,Cosmetics,Lipstick,price_low,370,0.49567712832739347,0.34173234513154815,35,2.9704106097619256,2594,Yellow,Small,2
144,Adidas,Clothing,Kurtis,price_mid,2020,0.6338029331603117,0.7386440030014676,84,3.5482093858687294,3109,Purple,XXL,2
145,Nike,Footwear,Sneakers,price_mid,4180,0.4415488707871072,0.9026559827144381,3,,89,Red,UK10,3
146,MAC,Cosmetics,Foundation,price_low,450,0.15841991941904132,0.44892796303334037,27,1.6428780488007269,1146,Pink,Medium,7
147,Levis,Clothing,Jeans,price_mid,2120,0.5164207555928423,0.778124037249926,18,3.0681931380500114,1816,Black,M,7
148,Levis,Clothing,Dresses,price_low,540,0.6425145595532968,0.3712121066044326,33,3.53576931804144,3510,Brown,S,3
149,Puma,Clothing,Shirts,price_mid,2210,0.45344688852040027,0.09171356965909339,7,2.8315294721405215,735,White,L,1
150,Puma,Footwear,Sports Shoes,price_low,770,0.31858517948890097,0.22453875860711592,10,2.2265126715540213,718,Blue,UK8,7
151,Nike,Clothing,Dresses,price_mid,2410,0.6868416760950193,0.7588411547656072,42,3.746351119647047,2424,Red,S,1
152,H&M,Clothing,Jeans,price_mid,1590,0.6675397398316627,0.11118686032423841,62,3.685081161848191,2995,Pink,S,1
153,Levis,Clothing,Jeans,price_low,690,0.3804922528967388,0.4998292222376096,38,2.544756206650988,2207,Brown,XXL,2
154,MAC,Cosmetics,Lipstick,price_low,390,0.11279997762858968,0.18731391179838253,38,1.4328195616427355,1368,Brown,Medium,1
155,H&M,Accessories,Caps,price_mid,890,0.5899523081782297,0.8733314385275176,47,3.33890820269592,2278,Black,Medium,3
156,Maybelline,Cosmetics,Lipstick,price_low,280,0.15828549493696936,0.10366386749968948,43,1.608992894756922,1569,Purple,Small,1
157,Puma,Footwear,Sandals,price_mid,3970,0.8487816738009492,0.9808191857888493,8,4.374620076115129,649,Green,UK6,1
158,SwissBeauty,Cosmetics,Lipstick,price_low,280,0.5110221622192486,0.8857903856181051,9,3.0081992074308626,336,Pink,Large,4
159,H&M,Accessories,Bags,price_mid,1340,0.7251915300244671,0.3569741760353634,90,3.908777429718734,3201,Purple,Medium,1
160,Maybelline,Cosmetics,Foundation,price_mid,1510,0.7546203166498774,0.3390366284081606,58,4.0131930794231785,2149,White,Medium,7
161,H&M,Footwear,Sandals,price_low,1000,0.24704463102711463,0.8223412795398867,36,1.9654654588163905,1640,Purple,UK4,1
162,Adidas,Clothing,Shirts,price_mid,1550,0.5920734103113728,0.443908381101094,8,3.4210914182795875,225,Purple,XXL,4
163,Zara,Clothing,Dresses,price_low,630,0.45792620443619597,0.3633111306509823,37,2.8238546538806646,2725,Green,S,2
164,Maybelline,Cosmetics,Foundation,price_low,200,0.33727790021397425,0.645162875699464,26,2.354841441954653,1460,Red,Large,2
165,SwissBeauty,Cosmetics,Foundation,price_mid,980,0.4179466222091989,0.5294598815362896,38,2.671952997865048,1654,Pink,Small,1
166,Puma,Clothing,Jeans,price_high,4220,0.6763928134120795,0.7749644835314882,8,3.6521189381095858,461,Yellow,XXL,3
167,SwissBeauty,Cosmetics,Lipstick,price_low,130,0.40340075523802466,0.17265636398404105,56,2.5950029669705996,2413,Blue,Large,7
168,Zara,Accessories,Caps,price_mid,1810,0.39750949420579723,0.2999566782367382,16,2.618307580897604,1550,Green,Medium,5
169,Zara,Clothing,Kurtis,price_low,570,0.24135795387565892,0.36089652444438214,26,1.9751510045319276,1261,White,XXL,2
170,Nike,Footwear,Sports Shoes,price_high,13500,0.24569070364748175,0.5256956548303001,42,1.9628198562218797,2061,Blue,UK6,3
171,Puma,Footwear,Sandals,price_low,1380,0.394797041261165,0.7802629288383084,43,2.5618156421043508,3338,Green,UK6,4
172,H&M,Footwear,Flats,price_mid,2720,0.41467361429158417,0.16196695955589968,30,2.685325486846868,2639,Yellow,UK8,5
173,Levis,Accessories,Bags,price_mid,2100,0.7844997456292707,0.1251702951269027,105,4.149198543940112,3584,Brown,Small,5
174,Adidas,Footwear,Sandals,price_low,1280,0.6543243743645515,0.9020008936907269,78,3.624514808914785,3973,Red,UK4,1
175,Levis,Clothing,Jeans,price_mid,2110,0.4283034325732783,0.4165867836632462,56,2.6890442709939144,1903,White,XXL,3
176,Puma,Footwear,Sneakers,price_mid,3380,0.5673579385778129,0.45354413295517126,80,3.2892126998873232,2524,Green,UK10,4
177,Nike,Footwear,Sandals,price_low,1350,0.1335211578064712,0.7341997548045468,30,1.5682522972045216,3280,Black,UK6,7
178,Adidas,Footwear,Sports Shoes,price_mid,3340,0.7424339249001304,0.24791888252554561,0,,177,Pink,UK10,7
179,Nike,Footwear,Flats,price_low,1090,0.25059740623855625,0.5776870378935964,11,2.0048943571017515,310,Green,UK10,5
180,H&M,Footwear,Sports Shoes,price_low,900,0.12490120813042904,0.45723064218973086,20,1.5097064558740443,1099,Purple,UK4,1
181,Levis,Clothing,Dresses,price_mid,1590,0.5089604893117147,0.008177405947240923,5,2.9915214835725896,0,Green,L,6
182,Puma,Footwear,Sneakers,price_low,1140,0.15088534686732005,0.36252377594428453,22,1.5838698944921494,1197,Black,UK12,4
183,MAC,Cosmetics,Sunscreen,price_mid,1080,0.6745430717874813,0.975082815413784,24,3.7171804536835586,985,Purple,Large,3
184,MAC,Cosmetics,Foundation,price_mid,910,0.636344107788109,0.1370363735675204,45,3.525107019639851,1844,White,Large,4
185,Zara,Clothing,Tshirts,price_high,5400,0.7163878770052919,0.3929545878664831,107,3.858240231925784,3798,Pink,XXL,3
186,Adidas,Footwear,Sports Shoes,price_mid,3850,0.523589640539324,0.01663695550231492,52,3.1128123543200066,1784,Blue,UK10,5
187,Zara,Clothing,Dresses,price_mid,2000,0.45542313968793896,0.2655304369857213,36,2.840385877161574,1955,Yellow,S,5
188,Adidas,Footwear,Sandals,price_mid,3630,0.483235608708844,0.8216612911278522,0,,0,Blue,UK6,1
189,Puma,Footwear,Sports Shoes,price_low,1100,0.08669884922270801,0.6114780598917674,49,1.3336422951838727,1961,Red,UK6,5
190,Adidas,Clothing,Kurtis,price_mid,1770,0.3281887838030729,0.17318242385732774,59,2.309640964279597,2287,Purple,XXL,3
191,SwissBeauty,Cosmetics,Moisturizer,price_mid,780,0.5797395454115596,0.48418010169464465,20,3.3317096007416986,525,Pink,Large,3
192,Zara,Clothing,Shirts,price_low,450,0.7333666790332454,0.7049882597401967,82,3.920344640024965,3112,Purple,XXL,7
193,MAC,Cosmetics,Moisturizer,price_mid,2000,0.5450978049333862,0.39453245564086326,67,3.1769537044927705,2403,Green,Medium,1
194,H&M,Clothing,Shirts,price_mid,1340,0.6557573773521469,0.4790792630164832,1,,84,Brown,L,5
195,MAC,Cosmetics,Moisturizer,price_mid,1280,0.5159500321180842,0.669833964893104,6,2.989432788422226,793,Yellow,Small,1
196,Adidas,Footwear,Sneakers,price_mid,2010,0.7223608751159762,0.5503525657796167,49,3.8627928490458068,4365,Black,UK10,4
197,SwissBeauty,Cosmetics,Foundation,price_low,130,0.48676257930319855,0.7687249935378188,113,2.9634874374453233,3829,Yellow,Large,6
198,SwissBeauty,Cosmetics,Sunscreen,price_low,300,0.36789540409393845,0.17578870753886255,75,2.4641113092018125,3200,Black,Medium,2
199,Levis,Accessories,Belts,price_high,3970,0.7810932920063305,0.5679618686644954,10,4.130078616200078,667,Purple,Medium,4
200,H&M,Accessories,Watches,price_high,9070,0.984296094874414,0.4680207690062901,44,4.947085283270846,2570,Blue,Medium,2
201,Maybelline,Cosmetics,Moisturizer,price_low,220,0.29457029810899804,0.295024257658282,43,2.1509507998880317,1648,Yellow,Small,5
202,Levis,Accessories,Belts,price_mid,1300,0.3186788855130564,0.6692558534099542,16,2.2906784786917,1962,Green,Medium,3
203,Nike,Accessories,Watches,price_mid,1850,0.5332249692218509,0.32962530331273254,23,3.167031201465619,2096,Red,Medium,6
204,Nike,Footwear,Sandals,price_mid,2990,0.1654549952102529,0.6860736198911105,54,1.6397221053270434,4116,Pink,UK4,6
205,Adidas,Accessories,Caps,price_low,350,0.6122812445450676,0.1531855646891792,35,3.462370176037705,1889,Purple,Medium,6
206,Puma,Footwear,Sports Shoes,price_mid,2920,0.2699356095147892,0.24746542930857773,2,,422,Blue,UK12,4
207,Puma,Footwear,Boots,price_low,1330,0.2810503465537863,0.9028881602398087,25,2.109774732810389,1789,Brown,UK6,2
208,Levis,Clothing,Tshirts,price_low,580,0.2789311430591196,0.09094164445168784,33,2.0817869160552567,1956,Red,XL,2
209,Puma,Footwear,Sneakers,price_mid,4300,0.34933365795786314,0.7232800798250023,20,2.400983336199659,623,Red,UK6,5
210,Libas,Clothing,Kurtis,price_mid,990,0.21122810954131993,0.8942184453384514,75,1.8460872264536854,2671,White,S,3
211,Adidas,Footwear,Flats,price_high,12950,0.7414802614315947,0.42036193888232787,81,3.9726387161655645,4141,Black,UK10,7
212,Adidas,Accessories,Bags,price_high,11700,0.35278592929577174,0.13298980633567337,42,2.3805186458237255,3621,Blue,Small,5
213,Nike,Footwear,Boots,price_mid,4530,0.2849502489930046,0.978490682679139,9,2.1138424195315824,381,Brown,UK10,5
214,Nike,Footwear,Sports Shoes,price_low,970,0.6680184074267133,0.8752081746237274,66,3.680479907639188,4021,Red,UK10,5
215,SwissBeauty,Cosmetics,Lipstick,price_low,140,0.15098372103176072,0.03357627575428079,44,1.6026727614439156,2253,Red,Small,6
216,Libas,Clothing,Jeans,price_mid,1740,0.5401934324984723,0.1401355751149046,19,3.204986610310795,633,Yellow,XXL,3
217,Adidas,Footwear,Flats,price_low,1500,0.26588728671974604,0.9856955607251258,56,2.0419830071661,2326,Black,UK8,3
218,Zara,Clothing,Dresses,price_high,6460,0.5590024203632031,0.4272005822945435,11,3.2155561171403955,245,Purple,XL,7
219,Adidas,Footwear,Sports Shoes,price_low,960,0.20157331762948727,0.5379282643908174,39,1.7783439202811504,1448,Yellow,UK8,7
220,SwissBeauty,Cosmetics,Sunscreen,price_mid,1360,0.39324989225727974,0.5572867581992731,91,2.5737311188691563,3259,Yellow,Medium,2
221,Nike,Clothing,Shirts,price_low,610,0.09149974414653056,0.8294062852150322,42,1.3716586483164757,1825,Black,XXL,5
222,Nike,Clothing,Kurtis,price_mid,2170,0.24217334972150312,0.21701652168776242,37,1.9847120361392814,1225,Purple,L,1
223,Puma,Clothing,Kurtis,price_mid,2090,0.7476450752701931,0.9144412967755882,43,4.019343525571771,3541,Yellow,XL,2
224,Adidas,Footwear,Sports Shoes,price_mid,3580,0.8186300002787956,0.2615616273853526,0,,0,White,UK10,1
225,SwissBeauty,Cosmetics,Moisturizer,price_low,170,0.5670966716026695,0.312922018870191,6,3.2053267601282953,435,Yellow,Large,2
226,Levis,Clothing,Jeans,price_mid,1600,0.8593017993532523,0.1961917827268338,78,4.432219397189463,2855,Yellow,XL,5
227,Maybelline,Cosmetics,Lipstick,price_mid,1540,0.5322534259659912,0.6416944543987072,62,3.147448051846273,2050,Green,Large,7
228,Nike,Footwear,Sports Shoes,price_low,1500,0.20064896575905547,0.9903235408798564,56,1.79747726127999,2439,Brown,UK4,7
229,SwissBeauty,Cosmetics,Moisturizer,price_mid,890,0.7629353989984189,0.8425447168253485,67,4.032963546762041,3539,Green,Small,2
230,Puma,Footwear,Sandals,price_mid,3810,0.5026293056628884,0.4832041536218251,30,3.004823410059464,2774,Red,UK12,5
231,Nike,Footwear,Sandals,price_mid,3390,0.7980898341344529,0.5022160322454364,12,4.142405207787778,426,Black,UK6,1
232,H&M,Accessories,Bags,price_mid,1440,0.6887531084151843,0.35444110086057135,64,3.771133552344151,3215,Blue,Medium,4
233,Nike,Footwear,Sandals,price_low,1450,0.0906387970444796,0.08061691860657716,24,1.3333731222418514,1846,Red,UK4,4
234,Adidas,Footwear,Sneakers,price_low,950,0.19483601592839012,0.499858393112792,37,1.7856562510925917,1919,Purple,UK12,7
235,Levis,Accessories,Belts,price_low,640,0.4942017613908863,0.6922877124514751,1,,301,Pink,Small,1
236,MAC,Cosmetics,Moisturizer,price_mid,1190,0.5776728812632486,0.8504276001042477,2,,201,Yellow,Large,2
237,SwissBeauty,Cosmetics,Foundation,price_low,160,0.46726309088452295,0.2404721943042868,54,2.886836059684282,1915,Black,Large,5
238,H&M,Clothing,Tshirts,price_high,5660,0.6573157909640133,0.5007928516377251,50,3.614946085866349,2595,Red,S,4
239,Nike,Clothing,Jeans,price_mid,2080,0.30044854908332325,0.968920527201555,12,2.2084578376073094,430,Pink,XL,4
240,Levis,Clothing,Shirts,price_low,580,0.7356249055486482,0.3800727135367252,81,3.9336324837768344,3074,Pink,M,6
241,Adidas,Clothing,Shirts,price_mid,1530,0.7322989516832448,0.3896219753971564,8,3.9423500435237107,423,Blue,S,3
242,Adidas,Footwear,Sneakers,price_low,1160,0.04519568533546651,0.5569850322212279,45,1.2032680792840411,1831,Blue,UK4,1
243,Nike,Footwear,Sandals,price_low,1130,0.378858638538866,0.291847351296321,28,2.510991484536723,1325,Blue,UK12,2
244,Nike,Footwear,Sports Shoes,price_low,1070,0.41123360830152583,0.4931239422107847,57,2.621594666756408,2632,Black,UK8,4
245,H&M,Clothing,Shirts,price_high,5650,0.769020133388935,0.4958024367228626,22,4.112687727458175,767,White,S,2
246,Zara,Clothing,Shirts,price_mid,2260,0.7027110692642566,0.3295417162792602,68,3.834992135534817,2517,Green,L,3
247,Adidas,Footwear,Sports Shoes,price_low,1140,0.40490628354066827,0.31913766482061257,21,2.6577775669912165,2352,White,UK12,7
248,Libas,Clothing,Kurtis,price_low,310,0.33387040593585626,0.5638505086287859,3,,351,Brown,M,6
249,MAC,Cosmetics,Moisturizer,price_high,4520,0.9607145759322437,0.7976855210314036,52,4.81938683474151,2634,Blue,Medium,6
250,Adidas,Footwear,Sneakers,price_mid,4420,0.6853104082605317,0.7890767632200629,6,3.725124974285573,110,White,UK12,4
251,Zara,Footwear,Flats,price_mid,2270,0.44431972780857937,0.9684280407393685,48,2.760802955361998,3711,Brown,UK12,6
252,Nike,Accessories,Bags,price_mid,1640,0.7504314835325463,0.6126779023132971,108,4.008754874252318,5000,Black,Medium,7
253,Nike,Footwear,Sports Shoes,price_mid,3940,0.7543925302408477,0.5805182955240041,86,4.0133191645914135,2940,White,UK8,4
254,Adidas,Footwear,Sandals,price_low,1500,0.31375486688573867,0.48277108449153117,1,,0,Blue,UK4,7
255,Nike,Accessories,Bags,price_mid,1730,0.4030393230520202,0.48292599877938847,41,2.6350553630970532,3205,White,Large,6
256,Nike,Footwear,Sneakers,price_mid,2250,0.5970329331604944,0.34307794755674836,23,3.3935221681218812,2305,Green,UK6,5
257,Puma,Clothing,Jeans,price_high,4810,0.5768063645127043,0.40504743628025286,14,3.2856363310426198,393,Black,XL,1
258,SwissBeauty,Cosmetics,Foundation,price_mid,500,0.5748301087435063,0.21479610507029645,67,3.280309771108606,2464,Blue,Large,1
259,Maybelline,Cosmetics,Foundation,price_low,170,0.4378742861314515,0.6707014282244186,2,,183,Purple,Large,4
260,Adidas,Footwear,Sports Shoes,price_mid,4160,0.21285097560658653,0.8137382542609338,50,1.830231669832014,2524,Pink,UK12,5
261,Puma,Clothing,Tshirts,price_low,420,0.37748975180686045,0.6934365417164455,0,,300,Black,XXL,2
262,Puma,Footwear,Sports Shoes,price_mid,4730,0.1990882323785216,0.9306949377052453,33,1.7896885229345665,1816,Green,UK10,3
263,Adidas,Clothing,Shirts,price_low,550,0.5695888623873867,0.009583439563281226,52,3.265444948357107,2090,Black,XXL,5
264,Maybelline,Cosmetics,Foundation,price_mid,1030,0.48239640525350463,0.1672534874280588,0,,343,Yellow,Medium,1
265,Levis,Clothing,Tshirts,price_mid,2080,0.7389241917564039,0.7659195549436907,59,3.975446691179919,2501,Blue,XXL,1
266,Levis,Clothing,Dresses,price_mid,2100,0.3318459381930272,0.7600041308923083,0,,0,Yellow,XL,1
267,Maybelline,Cosmetics,Lipstick,price_high,2240,0.7950184733933032,0.26281522474122765,62,4.20503337593217,2038,Blue,Medium,7
268,Zara,Accessories,Bags,price_mid,2250,0.5697029742140748,0.3506308411139897,10,3.255429641313615,238,Black,Small,5
269,Puma,Clothing,Tshirts,price_low,500,0.4524102257001903,0.281085018790198,60,2.82978770450483,3787,Purple,L,3
270,Zara,Footwear,Sports Shoes,price_high,13750,0.6818905478455479,0.13558890642800914,47,3.7427956487975407,2678,Black,UK4,3
271,Nike,Accessories,Belts,price_low,590,0.40695397677962397,0.8284818026986326,104,2.609926191021464,5000,Black,Medium,2
272,Nike,Footwear,Sports Shoes,price_mid,4200,0.6777758684205603,0.8801250813073235,102,3.717405317799972,5000,Brown,UK8,6
273,Adidas,Accessories,Belts,price_low,200,0.4716963968800912,0.7741352904376932,75,2.8911069820184907,5000,White,Large,6
274,SwissBeauty,Cosmetics,Sunscreen,price_low,340,0.4310194514469091,0.8248476476360221,78,2.7445899914254768,3321,Purple,Medium,3
275,Nike,Footwear,Flats,price_mid,5000,0.4271433879290155,0.7622540224225018,37,2.7128535354983363,1736,White,UK4,1
276,Puma,Accessories,Watches,price_high,7880,0.5025106999289374,0.9956940687342872,97,3.0028001320306528,4432,Pink,Small,7
277,Adidas,Accessories,Caps,price_low,460,0.31074235674693945,0.9038002688356579,0,,163,Black,Large,3
278,SwissBeauty,Cosmetics,Foundation,price_low,140,0.4588390874331604,0.2134211769462131,36,2.8654182560328114,1263,Yellow,Large,6
279,Nike,Footwear,Sports Shoes,price_low,1480,0.03746257873038547,0.6940310011221107,47,1.1718675041879432,1577,Yellow,UK10,1
280,MAC,Cosmetics,Foundation,price_high,4140,0.6849538016987003,0.7734604836506241,19,3.747164662307014,924,Green,Large,6
281,Levis,Clothing,Tshirts,price_mid,1760,0.6883799267174497,0.7224320263643224,93,3.7669237937127606,5000,Green,XL,5
282,SwissBeauty,Cosmetics,Lipstick,price_low,270,0.23568383178715396,0.5895739177615131,3,,559,Black,Medium,7
283,Adidas,Clothing,Tshirts,price_mid,2090,0.36460984548058467,0.6075930989155233,43,2.453878343993568,2192,Red,L,2
284,Adidas,Footwear,Sandals,price_low,800,0.12609970984595212,0.8979125603569896,68,1.490020278688593,2897,White,UK10,1
285,Levis,Clothing,Tshirts,price_high,3220,0.5272716689435287,0.3610982070410579,8,3.1457245565229957,399,Black,XXL,4
286,Adidas,Footwear,Flats,price_high,13930,0.8456235216496102,0.016689401770856205,38,4.385249969213866,2435,Pink,UK6,1
287,Levis,Accessories,Watches,price_low,540,0.30096579464678525,0.7671100006657242,8,2.139151919415608,148,Black,Small,6
288,Adidas,Footwear,Sports Shoes,price_low,1210,0.1555446197957141,0.20319749395782782,22,1.6590984355140597,1181,Brown,UK8,4
289,Adidas,Footwear,Sandals,price_mid,3450,0.4629221671481754,0.43748604305057504,133,2.835416757060785,4991,Yellow,UK4,2
290,Libas,Clothing,Shirts,price_mid,1320,0.6877024776884268,0.7416935090575543,11,3.804731074028931,430,Blue,S,6
291,Nike,Clothing,Jeans,price_low,610,0.3692998429240442,0.8225068727192694,42,2.4897719950494976,1778,Purple,M,6
292,MAC,Cosmetics,Sunscreen,price_mid,850,0.703815404117977,0.8071078466573698,52,3.8273792612165076,4729,Blue,Medium,6
293,Zara,Accessories,Watches,price_mid,1250,0.37422766792170287,0.8593597826874713,49,2.5040551966059663,1812,Green,Medium,7
294,Levis,Clothing,Kurtis,price_low,550,0.22622213060444643,0.04403790726280954,51,1.8860023875949272,2405,Yellow,S,4
295,Zara,Footwear,Sneakers,price_high,7280,0.8376680319518292,0.8031154864575539,118,4.334777604299648,4817,Black,UK6,3
296,Zara,Clothing,Shirts,price_mid,1970,0.5490547650983163,0.1194009296748112,37,3.2149514584798244,1816,Red,M,2
297,SwissBeauty,Cosmetics,Sunscreen,price_low,220,0.06494163138097318,0.28230687062090243,68,1.2360698568178885,2212,Purple,Small,5
298,Puma,Footwear,Sports Shoes,price_mid,4110,0.3874653902112732,0.24258399355356908,3,,163,White,UK6,6
299,Zara,Accessories,Bags,price_low,460,0.2453825941787811,0.23299774185974298,8,2.045371260844119,1131,Red,Medium,1
300,Maybelline,Cosmetics,Moisturizer,price_low,190,0.5039602672996808,0.9831157418948977,37,3.0294289657407623,2315,Red,Small,6
301,Nike,Clothing,Tshirts,price_mid,1890,0.5588615719757746,0.8955779401398597,96,3.2237330324318103,5000,Blue,XXL,1
302,Adidas,Footwear,Sports Shoes,price_mid,2540,0.60490806423353,0.662443928153949,26,3.4555278650104584,1777,Pink,UK8,7
303,H&M,Clothing,Kurtis,price_mid,1400,0.7338605627592133,0.2719558718324544,65,3.9547944988881487,2690,Yellow,M,7
304,MAC,Cosmetics,Lipstick,price_mid,1370,0.509949490253685,0.12073673707190558,22,3.0543532187250926,1498,Yellow,Medium,3
305,H&M,Footwear,Sneakers,price_mid,2720,0.45946104217267114,0.7047048039501754,11,2.786845957172751,935,Yellow,UK8,2
306,Adidas,Clothing,Shirts,price_mid,2180,0.4697539881842618,0.2601667927212239,50,2.87241351228742,2754,Red,XL,7
307,Adidas,Footwear,Sneakers,price_mid,4680,0.12299170571357833,0.13979303927312237,15,1.5006886687502035,570,Yellow,UK6,2
308,Maybelline,Cosmetics,Moisturizer,price_mid,1120,0.5168086236543292,0.25882065234652585,84,3.0817958747822405,3005,Red,Small,2
309,H&M,Accessories,Bags,price_high,8900,0.7976295233551689,0.33154989125227674,36,4.17725449860963,2209,White,Small,2
310,H&M,Accessories,Caps,price_mid,1620,0.5193083152509442,0.4266640184283793,0,,253,Green,Medium,3
311,Nike,Footwear,Sandals,price_mid,4240,0.2882427154984143,0.49889160999649906,21,2.1480222484403466,1651,White,UK4,1
312,Puma,Clothing,Tshirts,price_high,5850,0.6417693052846019,0.6307543888247554,134,3.5716459309039044,5000,Red,XL,7
313,Maybelline,Cosmetics,Sunscreen,price_low,270,0.2617780306125661,0.32160441866801137,30,2.07331639439426,1647,Red,Medium,5
314,Zara,Clothing,Kurtis,price_low,800,0.1764258534512437,0.5294322919654316,42,1.7194011831090423,2249,Yellow,M,1
315,Adidas,Clothing,Jeans,price_mid,2260,0.5904582672083697,0.764049723717511,68,3.373106797227369,4052,Black,L,7
316,Puma,Accessories,Bags,price_low,550,0.29769827815245736,0.35878313268706197,28,2.1695933818870388,1758,Purple,Large,5
317,Zara,Clothing,Kurtis,price_mid,2500,0.451971533600162,0.5421246015209933,38,2.7886575191853433,1908,Red,S,1
318,Puma,Clothing,Jeans,price_low,750,0.6999752361054162,0.20146438335214112,37,3.776414376704667,3181,Green,L,1
319,Levis,Clothing,Dresses,price_mid,2230,0.2580566516677262,0.8606694665915507,7,1.967072471906516,336,Purple,XL,5
320,Adidas,Clothing,Tshirts,price_low,800,0.8033570260006543,0.7918425249998717,4,,0,Purple,M,6
321,Zara,Accessories,Belts,price_mid,1690,0.5033000038654613,0.5889501557831036,51,3.0123231279391236,1974,Pink,Large,6
322,Puma,Clothing,Tshirts,price_mid,1890,0.5253391453188476,0.8507569655350083,6,3.141051630474524,469,Red,M,5
323,H&M,Clothing,Jeans,price_mid,1130,0.36488184022459197,0.49618505791309,78,2.451427601402121,2587,Blue,M,3
324,Puma,Accessories,Belts,price_low,540,0.34754159288038255,0.639102687904879,48,2.383193512394547,2522,White,Small,3
325,Levis,Clothing,Shirts,price_mid,2050,0.501454985414202,0.04814745773328166,3,,0,Black,M,4
326,Puma,Footwear,Sports Shoes,price_low,1090,0.48156708975544676,0.8640507204685769,38,2.9189113043326267,2537,Yellow,UK6,4
327,H&M,Clothing,Shirts,price_low,670,0.07231453124970556,0.07420040176665932,13,1.2938783802702052,356,Black,M,6
328,Zara,Clothing,Dresses,price_low,800,0.12086548831618332,0.8932261726464091,55,1.5033448968221295,2309,Black,M,5
329,Puma,Accessories,Bags,price_low,350,0.36500440281002683,0.6971967038073571,7,2.4890995467427537,366,Brown,Medium,6
330,Adidas,Clothing,Tshirts,price_mid,2420,0.5230168360872776,0.1535899345167342,5,3.1499846168215035,193,Black,S,3
331,Maybelline,Cosmetics,Foundation,price_low,190,0.1783230049599747,0.6381906590745706,47,1.6992642681669432,2810,White,Small,3
332,Maybelline,Cosmetics,Sunscreen,price_low,280,0.6046418329219658,0.3875271170204968,52,3.446089207572706,2890,Black,Medium,2
333,Nike,Footwear,Sports Shoes,price_low,1040,0.3317535830335447,0.06163936966009931,6,2.3762242531410593,53,Blue,UK4,6
334,Levis,Clothing,Dresses,price_mid,1870,0.8849470512199118,0.8407971664302505,85,4.521575688827958,5000,Black,XXL,6
335,H&M,Accessories,Belts,price_mid,1100,0.21018427069691636,0.9027772013391541,12,1.8973958314711972,495,Brown,Large,5
336,Maybelline,Cosmetics,Moisturizer,price_low,310,0.1423447348243818,0.17287897280649445,8,1.6394717629962618,556,Yellow,Small,2
337,Nike,Clothing,Kurtis,price_low,750,0.3166378388222679,0.14787825073382344,52,2.2901287304458466,2052,Purple,S,1
338,Puma,Footwear,Sports Shoes,price_low,1080,0.2142460586846273,0.8734662533727571,4,,193,Brown,UK10,1
339,Nike,Footwear,Sandals,price_mid,5000,0.11198687168339579,0.9249281667592735,37,1.4678602111456376,1388,Blue,UK8,7
340,Puma,Footwear,Sports Shoes,price_low,1090,0.2624810266192352,0.6089621519524352,9,2.030580727927209,364,Pink,UK10,2
341,Adidas,Footwear,Sports Shoes,price_low,1500,0.19607460549179112,0.6905137541709787,60,1.7937719342964729,2745,White,UK8,3
342,H&M,Clothing,Shirts,price_low,470,0.5754148191835695,0.6961828446749748,13,3.2977774312354566,327,Yellow,M,3
343,H&M,Accessories,Belts,price_low,380,0.24723915262381793,0.6455548114276443,56,1.9734978515253956,3443,Yellow,Medium,6
344,Adidas,Footwear,Sports Shoes,price_low,1410,0.503449106890452,0.06561696761193192,5,3.067156736856647,399,Black,UK6,7
345,Levis,Accessories,Bags,price_low,600,0.21348003621225625,0.836976677608695,0,,0,White,Small,3
346,MAC,Cosmetics,Sunscreen,price_mid,1700,0.39207957689181167,0.12387285889069999,1,,0,Purple,Medium,5
347,Zara,Footwear,Sports Shoes,price_mid,3390,0.3994698390434871,0.8376537702567273,7,2.5890722535383115,211,Blue,UK8,1
348,Nike,Footwear,Sandals,price_high,14790,0.7042426131948386,0.647379891761482,52,3.8323383820908634,2352,Pink,UK10,5
349,H&M,Clothing,Kurtis,price_low,640,0.1792326767416612,0.6473715541750241,55,1.729963877654107,3999,Red,M,3
350,Zara,Footwear,Sandals,price_mid,3220,0.289614869164908,0.8954829750692505,55,2.1409567966446192,3609,White,UK8,2
351,Adidas,Footwear,Flats,price_low,870,0.530751867484567,0.5115137174683018,5,3.066706919546489,301,Purple,UK12,6
352,Puma,Footwear,Sandals,price_mid,3230,0.8466225426968552,0.276483249966761,8,4.368748613223809,552,Pink,UK8,6
353,SwissBeauty,Cosmetics,Foundation,price_low,270,0.30203292137968296,0.8996870447454949,114,2.1975747725207695,5000,Black,Large,3
354,SwissBeauty,Cosmetics,Moisturizer,price_high,2850,0.8392960545727683,0.4185656860813416,85,4.347004544469448,5000,Red,Large,6
355,Zara,Accessories,Watches,price_mid,2400,0.45472228785917684,0.6383135898776132,66,2.8389990786200303,4841,Purple,Large,3
356,SwissBeauty,Cosmetics,Sunscreen,price_low,140,0.08757544093858488,0.12794413969605334,23,1.3417831745181585,657,Brown,Small,6
357,Zara,Accessories,Bags,price_low,640,0.34940299273699926,0.42047256818481105,58,2.373184328954006,3124,Purple,Medium,5
358,Zara,Clothing,Jeans,price_high,6310,0.41496259541983915,0.944300984000077,4,,254,Yellow,XXL,1
359,Adidas,Accessories,Bags,price_low,660,0.253888678371198,0.13736525917312392,1,,5,Black,Large,4
360,Zara,Clothing,Tshirts,price_low,510,0.605323179488981,0.9866403726996799,37,3.4102586242712274,2134,Red,S,4
361,H&M,Clothing,Tshirts,price_mid,1560,0.30960916814725603,0.7635691671054993,36,2.2640936804354244,1163,Black,XL,4
362,Puma,Footwear,Sneakers,price_mid,4090,0.5987014800099318,0.950068615481832,8,3.4364517966864425,535,Brown,UK6,1
363,Maybelline,Cosmetics,Lipstick,price_mid,950,0.40233412629187665,0.12893080042830274,21,2.6052177484743204,536,Pink,Small,1
364,MAC,Cosmetics,Foundation,price_mid,1660,0.4430520873414997,0.33783515120793295,11,2.712512305504835,504,Green,Medium,4
365,Nike,Footwear,Boots,price_high,11390,0.6269564859235275,0.2284182848358255,0,,129,Green,UK6,6
366,Libas,Clothing,Tshirts,price_mid,1760,0.5120630625770799,0.37519243267583946,75,3.05707674030154,2735,Brown,XXL,1
367,Nike,Footwear,Sneakers,price_mid,2450,0.3888485628444377,0.11578982633930113,49,2.5432768423878076,1961,Blue,UK12,3
368,Nike,Footwear,Sandals,price_mid,3430,0.31833342884344984,0.661664576090722,0,,0,Pink,UK12,5
369,Maybelline,Cosmetics,Sunscreen,price_mid,1140,0.17880142327106086,0.28270676817009255,38,1.683462924598597,2232,White,Small,5
370,Adidas,Clothing,Jeans,price_low,680,0.36059834917044237,0.29535120100061296,15,2.483260906591086,813,White,M,6
371,Adidas,Accessories,Bags,price_mid,3000,0.39111977563071954,0.8352321652632412,11,2.5998850556343056,815,Green,Small,7
372,Adidas,Footwear,Sneakers,price_low,1010,0.6434623662517615,0.9886659307576041,9,3.5837743657900067,222,White,UK4,1
373,SwissBeauty,Cosmetics,Sunscreen,price_low,250,0.3608436828876055,0.42599520637497446,8,2.419075640978264,254,Red,Small,7
374,Levis,Clothing,Shirts,price_high,7890,0.7722975590051644,0.26830939858016023,54,4.103445374266437,4185,Purple,L,2
375,Libas,Clothing,Shirts,price_mid,1650,0.5034561807269945,0.47824501097127115,31,3.0120715015726134,1738,Green,S,2
376,MAC,Cosmetics,Sunscreen,price_low,350,0.17128645246135046,0.5907503029903385,30,1.6860441001727606,2249,White,Small,5
377,Puma,Footwear,Sneakers,price_mid,4410,0.3279062381000951,0.9734445802253693,10,2.325770581863831,230,White,UK4,4
378,Nike,Footwear,Sandals,price_low,1490,0.3367723574718232,0.5248179120386296,39,2.3335109048578,2730,Yellow,UK8,5
379,Adidas,Footwear,Sneakers,price_mid,3280,0.5246980369759087,0.34574948745750367,36,3.1293333484982635,1650,Black,UK6,7
380,SwissBeauty,Cosmetics,Moisturizer,price_low,320,0.2054350145185914,0.5055675718847332,47,1.8184670712656772,1891,White,Small,1
381,MAC,Cosmetics,Foundation,price_low,380,0.3953829257553313,0.550495569730679,31,2.568974504667841,1877,Yellow,Small,4
382,Adidas,Footwear,Sneakers,price_mid,3470,0.2607862717457535,0.9806707389457028,45,2.050261355679541,3633,Red,UK4,4
383,Adidas,Footwear,Sneakers,price_low,1270,0.21677523312651809,0.6190661537463823,31,1.8668778999710982,1164,Brown,UK12,2
384,Maybelline,Cosmetics,Foundation,price_mid,1310,0.334634024798997,0.8443174396042524,32,2.310269191925892,2840,White,Large,6
385,Puma,Footwear,Sneakers,price_mid,1780,0.4059207358354274,0.35513897858473564,3,,162,Pink,UK12,5
386,Nike,Footwear,Flats,price_mid,4750,0.8231349441734881,0.742510890376263,51,4.305487177722633,4629,Pink,UK12,2
387,Zara,Clothing,Shirts,price_mid,2230,0.4499812210645395,0.716787914469343,33,2.78401362963236,1992,Black,S,6
388,Maybelline,Cosmetics,Moisturizer,price_mid,1170,0.5254337757902464,0.956190321625751,37,3.0859125818602893,2696,White,Small,5
389,Maybelline,Cosmetics,Foundation,price_mid,1450,0.14255433239709908,0.7810814970818334,0,,41,Green,Large,7
390,Libas,Clothing,Jeans,price_high,4740,0.8485565203860708,0.3846626387437041,10,4.4002236371640135,330,Yellow,L,4
391,Levis,Accessories,Watches,price_low,440,0.1386273455768294,0.7000142848971251,7,1.5081611626902347,244,Pink,Large,5
392,Zara,Accessories,Belts,price_mid,1640,0.16550400852097896,0.6241675892053882,7,1.7113123807488009,373,Purple,Large,2
393,Zara,Accessories,Belts,price_mid,2420,0.508228514039744,0.3223813974138552,22,3.003594822242506,1421,Purple,Large,4
394,Zara,Footwear,Sandals,price_mid,4820,0.5365031809852892,0.5339028037036059,5,3.1156531223180113,293,Black,UK4,5
395,Libas,Clothing,Tshirts,price_low,380,0.6395151343103224,0.7855321925948217,107,3.570372136202579,4376,Pink,M,7
396,H&M,Clothing,Tshirts,price_mid,1440,0.7119722594822416,0.4525945045238733,3,,470,Brown,M,6
397,Puma,Footwear,Sports Shoes,price_mid,4000,0.5606003513699717,0.6929360752142486,59,3.250234885211246,2671,Black,UK10,4
398,Levis,Accessories,Bags,price_mid,970,0.39249589037926663,0.2513411283723057,89,2.5685138504555196,3167,White,Small,6
399,Maybelline,Cosmetics,Moisturizer,price_mid,1130,0.41514295692173264,0.7761467451223322,64,2.6758481233657334,3150,Pink,Medium,2
400,Nike,Accessories,Belts,price_mid,1510,0.39389384408505457,0.040634232971875406,0,,0,Pink,Small,2
401,Nike,Footwear,Sports Shoes,price_mid,2970,0.8671843334085257,0.15370338356962976,60,4.490647423756754,2556,Red,UK12,7
402,Maybelline,Cosmetics,Moisturizer,price_low,310,0.47711448708646476,0.3178590053721895,47,2.8871369364690636,2320,Green,Large,1
403,MAC,Cosmetics,Moisturizer,price_mid,1410,0.44539880074277644,0.8833967388671174,34,2.7717577818021497,3207,Purple,Medium,3
404,H&M,Clothing,Jeans,price_high,6050,0.7577683101358172,0.9811331976152965,104,4.026525018623357,4760,Purple,XL,2
405,Zara,Accessories,Caps,price_high,9680,0.7765746081215926,0.32093701050708145,19,4.140584020069526,983,Blue,Medium,3
406,Puma,Footwear,Boots,price_mid,3320,0.6212218328286334,0.8028167375082939,72,3.478507845812661,3204,Red,UK8,6
407,Libas,Clothing,Dresses,price_low,640,0.316548031144934,0.537974830964251,7,2.2842093486275825,240,Blue,M,6
408,Nike,Footwear,Sandals,price_mid,3150,0.7347852614483562,0.828748670985869,0,,0,Black,UK4,6
409,MAC,Cosmetics,Moisturizer,price_low,220,0.2935629509491161,0.17799216355543424,11,2.174026266502358,589,Blue,Large,7
410,Adidas,Clothing,Shirts,price_mid,1910,0.22640554389823478,0.016890968304141274,40,1.878719947855105,2787,Brown,S,6
411,MAC,Cosmetics,Moisturizer,price_low,490,0.38686126130281445,0.35770013874804785,57,2.5385098674820186,2143,Pink,Large,3
412,Puma,Footwear,Boots,price_low,1320,0.08343426793179481,0.030819151356724417,9,1.344367893878405,439,Yellow,UK6,6
413,H&M,Footwear,Sports Shoes,price_high,7300,0.8722038988268777,0.6772890455050625,5,4.462828649520251,187,Purple,UK4,5
414,Nike,Accessories,Bags,price_mid,2070,0.38234916666452357,0.5475254501922383,37,2.526462679720603,2014,Yellow,Large,6
415,Adidas,Accessories,Watches,price_mid,2240,0.7720449689616449,0.16095435756439502,7,4.063700539492236,365,Pink,Small,1
416,H&M,Clothing,Dresses,price_high,6640,0.8527622319008784,0.9943130504254334,2,,342,Brown,S,3
417,MAC,Cosmetics,Lipstick,price_mid,2000,0.5326273525646362,0.35713835901182245,24,3.102050056297862,1763,Yellow,Small,3
418,Zara,Footwear,Sports Shoes,price_mid,3990,0.8821295542879559,0.30567548940672074,38,4.536959773919361,3256,Purple,UK8,4
419,Adidas,Clothing,Kurtis,price_mid,2140,0.4891814672937238,0.27667983502231575,11,2.9691884421511965,726,Purple,XL,4
420,Adidas,Footwear,Sports Shoes,price_low,1290,0.24937085193157874,0.08197369308615465,18,1.9918129430585183,1422,Green,UK12,2
421,Zara,Clothing,Tshirts,price_low,300,0.29078107914737594,0.5071783112855739,66,2.148200107070684,2208,Black,XXL,2
422,H&M,Accessories,Watches,price_high,7000,0.818022126131554,0.7751972388374282,10,4.2845558465890905,317,Yellow,Large,6
423,Nike,Accessories,Watches,price_low,460,0.17851507555422422,0.010591683258700968,4,,84,Green,Large,2
424,Nike,Footwear,Boots,price_mid,5000,0.6875301219817485,0.7359198088348244,31,3.728732653856338,2565,Purple,UK4,2
425,MAC,Cosmetics,Lipstick,price_low,420,0.4788306587025241,0.5178852297941303,30,2.883338662118644,2335,Black,Medium,4
426,Nike,Accessories,Caps,price_low,700,0.1157300579015761,0.6335669817749199,18,1.433247848496232,1904,Pink,Large,5
427,Puma,Footwear,Sports Shoes,price_mid,4630,0.776513606995885,0.07783747104304206,36,4.080940013270137,2963,Yellow,UK12,4
428,H&M,Footwear,Sports Shoes,price_mid,3270,0.6351694062436742,0.5018369844707418,77,3.530918065538243,2848,Green,UK6,1
429,Puma,Footwear,Sneakers,price_low,1160,0.07284540216036775,0.8169550755495594,23,1.3294747261056032,2057,Black,UK8,6
430,Levis,Clothing,Jeans,price_mid,1960,0.5344280301728459,0.41089920716320005,0,,0,Green,XXL,5
431,Levis,Clothing,Tshirts,price_mid,1190,0.69670845228514,0.2582596460167085,61,3.7735523138745206,2182,Black,XXL,5
432,H&M,Footwear,Sandals,price_mid,4210,0.45499096893846636,0.21659341789188502,68,2.8311627324769004,2688,White,UK10,2
433,Libas,Clothing,Tshirts,price_mid,1730,0.42224766754346454,0.6232117389116343,96,2.687343167761033,3392,Green,L,4
434,Nike,Footwear,Sports Shoes,price_low,710,0.24611212804376287,0.5227113430171585,34,1.9893732186195991,3090,Black,UK6,5
435,Libas,Clothing,Jeans,price_low,540,0.6400951397855751,0.5033292081384595,42,3.5650462868520143,2381,White,M,5
436,Nike,Footwear,Boots,price_mid,3750,0.12442924835015906,0.42068402000052807,13,1.5048052765700033,552,Brown,UK10,2
437,H&M,Accessories,Caps,price_low,500,0.0840131032717567,0.9078588765974285,55,1.3582718606876514,3034,Blue,Medium,2
438,H&M,Clothing,Dresses,price_low,500,0.7056012404842519,0.5437310219455265,37,3.796408613896435,3256,Red,S,5
439,Adidas,Footwear,Sports Shoes,price_low,1420,0.49872366657269535,0.4088450771739318,36,2.9746476197781857,1549,Black,UK12,3
440,Levis,Clothing,Jeans,price_mid,2500,0.4828274754449716,0.39745414819547453,49,2.935431213992584,1773,Brown,XXL,4
441,Levis,Clothing,Jeans,price_high,6020,0.9016110857461181,0.7741944842449918,59,4.584654621079782,3124,Green,S,6
442,H&M,Clothing,Dresses,price_low,480,0.20331454220021355,0.786081122893377,6,1.8726141870873105,340,Red,M,4
443,Nike,Accessories,Bags,price_low,700,0.1954161730327268,0.435377434552764,26,1.795711832293308,1148,Yellow,Medium,1
444,Adidas,Footwear,Boots,price_mid,4260,0.27114255525042924,0.2864692338675694,8,2.017341051545718,363,Red,UK6,6
445,Nike,Footwear,Flats,price_high,12110,0.8598566363188419,0.19474649454362203,55,4.447279764269533,3537,Brown,UK12,6
446,Puma,Clothing,Tshirts,price_low,230,0.24408875954170955,0.15744476085039083,33,1.9923221231887345,2503,Black,L,6
447,Adidas,Footwear,Sports Shoes,price_mid,2580,0.23248142590632137,0.0901658575951505,20,1.8858138691853221,925,Brown,UK12,3
448,H&M,Clothing,Tshirts,price_high,4870,0.7945400285453348,0.403956469706496,52,4.203470633802484,2072,Green,XL,5
449,Nike,Clothing,Shirts,price_high,7530,0.7857515556167387,0.9567093495852752,20,4.125338272786874,624,Pink,XL,4
450,Adidas,Footwear,Flats,price_high,11750,0.6094164268272879,0.4607204414645122,29,3.423259252486133,2174,Red,UK10,1
451,Libas,Clothing,Kurtis,price_low,510,0.3250057810374324,0.8001613938490353,11,2.343260629410388,463,Purple,XXL,5
452,H&M,Clothing,Shirts,price_low,530,0.477682251392435,0.8210746894925302,7,2.9070212822225447,444,Green,XL,3
453,Zara,Footwear,Sports Shoes,price_high,12670,0.5357013281893866,0.9099274589878878,54,3.1415642422775027,2586,Yellow,UK6,6
454,Adidas,Clothing,Tshirts,price_mid,2420,0.44220563245635813,0.35602737334367307,30,2.781906713842657,2314,Blue,S,6
455,H&M,Accessories,Bags,price_high,10160,0.8098326276903547,0.848010595755965,21,4.275250460873214,735,Purple,Medium,5
456,H&M,Accessories,Belts,price_high,6050,0.861317886517092,0.22209278307981328,24,4.443149166570503,2202,Red,Large,7
457,Zara,Footwear,Sneakers,price_low,1420,0.3203804796037276,0.7759039638549116,79,2.277875273329712,2925,Blue,UK12,4
458,Nike,Clothing,Kurtis,price_low,400,0.3867516652586368,0.3616023258326805,34,2.538528797405553,2575,Green,XXL,3
459,Libas,Clothing,Jeans,price_low,450,0.1141029904188172,0.21053248211065634,41,1.4709585597856432,1464,Purple,L,7
460,Puma,Footwear,Sandals,price_high,12140,0.8601021246950901,0.8141906641413996,56,4.4520994736962,3133,Yellow,UK12,4
461,Puma,Accessories,Caps,price_mid,2000,0.43867196838037226,0.009742291097397104,49,2.7644928874037134,1684,Green,Large,5
462,Puma,Footwear,Sports Shoes,price_low,1360,0.298049231389227,0.04770930408240781,16,2.241410489504766,1067,Green,UK4,2
463,Maybelline,Cosmetics,Moisturizer,price_mid,950,0.4634823188631361,0.36096202105512154,0,,394,Pink,Medium,1
464,Puma,Footwear,Sandals,price_mid,3730,0.6438073102197659,0.6498654831136088,13,3.620193127735268,492,Pink,UK8,3
465,Maybelline,Cosmetics,Moisturizer,price_high,3560,0.8483678951711452,0.2865235765557891,6,4.449697962553184,244,Green,Small,6
466,MAC,Cosmetics,Moisturizer,price_mid,1980,0.6165867279725279,0.07134407817655741,2,,485,Yellow,Medium,3
467,SwissBeauty,Cosmetics,Moisturizer,price_low,300,0.5615433167685833,0.7809740369230991,70,3.222956249475079,2603,Brown,Medium,4
468,Zara,Clothing,Tshirts,price_low,470,0.3757454432703638,0.7438753448478648,101,2.5105936748002806,5000,Yellow,M,4
469,Nike,Clothing,Dresses,price_mid,1190,0.5309638962110846,0.39701252076016946,35,3.1436746913276847,2957,Blue,S,3
470,Nike,Footwear,Boots,price_low,1010,0.07307672900068289,0.7375932282520479,45,1.2709121617541599,2252,Green,UK6,5
471,MAC,Cosmetics,Moisturizer,price_high,5020,0.43651505704133736,0.47615474065537355,49,2.760101237662766,2549,Brown,Medium,5
472,Zara,Footwear,Sandals,price_low,1210,0.18266085504452828,0.6310475226410597,39,1.7368222580536918,2527,Black,UK12,6
473,Puma,Footwear,Sports Shoes,price_mid,4300,0.6881029078924527,0.44186030557653444,0,,0,Pink,UK6,3
474,Levis,Clothing,Kurtis,price_low,470,0.3693648970684371,0.5350988880419515,54,2.487468210161947,2021,White,XL,3
475,Libas,Clothing,Shirts,price_low,210,0.5740277641049819,0.37364387652703357,24,3.2721923674374525,1686,Brown,XL,4
476,H&M,Clothing,Jeans,price_mid,1300,0.5752454214652636,0.07920973317503466,7,3.313313034479783,492,Brown,XXL,7
477,MAC,Cosmetics,Moisturizer,price_mid,1310,0.4835800148656725,0.1880006257704051,12,2.9144405270150693,553,Green,Medium,1
478,Adidas,Footwear,Sports Shoes,price_mid,3090,0.34214899220905204,0.01939539724699635,4,,580,Brown,UK4,2
479,Adidas,Accessories,Bags,price_mid,1020,0.601839715894588,0.0901969831487811,31,3.3851120151325205,1197,Yellow,Medium,4
480,H&M,Clothing,Dresses,price_mid,1850,0.7663582040303782,0.33024864703583034,85,4.078185512735253,3202,Green,S,3
481,MAC,Cosmetics,Foundation,price_low,480,0.2521116548068487,0.8172507239995703,44,2.0016605916667563,4739,Blue,Large,2
482,Zara,Footwear,Sneakers,price_high,9380,0.4908339687822828,0.735322779200941,33,2.93039116723286,1506,Yellow,UK10,4
483,MAC,Cosmetics,Foundation,price_mid,900,0.37897771162505794,0.9374209236322338,98,2.5242861793119724,3481,Pink,Medium,6
484,Libas,Clothing,Tshirts,price_mid,2070,0.5131938736881257,0.23596583778343316,2,,215,Red,M,7
485,Nike,Clothing,Kurtis,price_low,340,0.2470305033666776,0.7834752402510599,101,1.9805363591834269,3764,Green,L,7
486,Puma,Clothing,Tshirts,price_mid,2400,0.501277245095206,0.9969731029835355,14,3.0022691329144173,679,Red,L,6
487,Levis,Clothing,Tshirts,price_mid,1620,0.6719363245951948,0.5583504422646897,114,3.69857308619785,4200,Purple,XL,6
488,Levis,Clothing,Shirts,price_low,730,0.6185754064966795,0.48530213316251314,50,3.4853999469487587,3291,Pink,XXL,6
489,Adidas,Footwear,Sports Shoes,price_low,1180,0.5050270538302499,0.8676618399571596,70,3.030233137668169,5000,Brown,UK6,1
490,Puma,Footwear,Flats,price_mid,3480,0.40385863477088346,0.7759179073425089,35,2.5984516056418574,2058,Green,UK4,5
491,Zara,Accessories,Bags,price_mid,2360,0.3235714114974732,0.5389565215934048,54,2.31366389002035,3066,Brown,Large,4
492,MAC,Cosmetics,Foundation,price_mid,1380,0.5182878213838873,0.0962562972545663,79,3.0894645930479103,3088,Red,Small,2
493,Puma,Accessories,Watches,price_low,490,0.5119451917395532,0.8362995266064913,34,3.049016272357736,2498,Brown,Large,6
494,Nike,Footwear,Sneakers,price_mid,2140,0.21016449871220827,0.9210352093632377,0,,174,Blue,UK10,7
495,Puma,Footwear,Sandals,price_high,13220,0.8570622375953404,0.7942495771380795,37,4.40312697565563,3009,Pink,UK12,1
496,SwissBeauty,Cosmetics,Lipstick,price_low,230,0.3701565815993371,0.10122512076178136,22,2.4663356266891463,968,Black,Small,2
497,Nike,Footwear,Sandals,price_low,1380,0.23229169453398626,0.41518460024974024,29,1.9131672961954889,1360,Purple,UK10,6
498,SwissBeauty,Cosmetics,Lipstick,price_low,210,0.49755906572267783,0.337512870561569,0,,0,White,Medium,3
499,Zara,Footwear,Flats,price_mid,4030,0.625033131961658,0.8261549750407612,0,,83,Yellow,UK12,5
500,H&M,Clothing,Dresses,price_low,680,0.3462328840354791,0.4474997889982494,88,2.3651130445508013,3319,Red,L,5
501,Puma,Clothing,Dresses,price_low,800,0.36483637705532096,0.21482281279355597,0,,151,Pink,XXL,5
502,Zara,Footwear,Sneakers,price_low,1060,0.3130039450675953,0.13840819347640998,28,2.289472888649663,973,Yellow,UK6,3
503,MAC,Cosmetics,Foundation,price_high,6470,0.605765589933016,0.723580526744515,25,3.447748002463855,721,Green,Medium,7
504,Zara,Accessories,Caps,price_low,540,0.14643433471276757,0.03737159617833308,37,1.614368704122958,1543,Black,Small,7
505,H&M,Clothing,Shirts,price_mid,1500,0.17863456835931332,0.8678310969512203,90,1.694824679905245,2968,Yellow,XXL,1
506,Adidas,Footwear,Sneakers,price_mid,3480,0.5564342781100051,0.5649128939925135,7,3.245220863078144,567,Yellow,UK6,1
507,SwissBeauty,Cosmetics,Sunscreen,price_mid,980,0.5785846711296415,0.09008295254473109,18,3.294699354710521,1679,Black,Small,2
508,Libas,Clothing,Kurtis,price_mid,1270,0.6068550329385224,0.3985270373659068,97,3.420879059565102,4338,Green,M,4
509,Puma,Footwear,Sandals,price_low,1170,0.6602118397044856,0.7356677541453226,14,3.632373740927479,506,Blue,UK8,7
510,Adidas,Footwear,Sandals,price_low,1150,0.45777652077408043,0.36526764443746096,59,2.8298283365394266,2123,Purple,UK12,6
511,Adidas,Clothing,Dresses,price_mid,2500,0.749955380926011,0.4422101052342515,51,4.026250146831575,2642,Red,M,2
512,MAC,Cosmetics,Moisturizer,price_low,440,0.31289558353604935,0.24304830989942627,27,2.288013973906141,1215,Green,Medium,1
513,H&M,Clothing,Shirts,price_mid,1420,0.1153009160436581,0.7400129850060154,36,1.4751817537416008,1310,Brown,XXL,7
514,Libas,Clothing,Kurtis,price_low,510,0.35527757087646367,0.01838851255630447,0,,0,Brown,S,3
515,Adidas,Clothing,Kurtis,price_mid,1290,0.643890932086258,0.654757871815387,33,3.5739610575205636,1771,Black,L,6
516,Zara,Accessories,Belts,price_low,640,0.31037623067887066,0.6494111447522284,56,2.2224125441994955,3259,Black,Large,6
517,Adidas,Clothing,Dresses,price_mid,1580,0.38193727913913944,0.5006508228688789,50,2.540759978689426,2809,Red,S,2
518,Adidas,Accessories,Watches,price_mid,1100,0.166445309771093,0.6843113552921495,4,,89,Pink,Small,5
519,Nike,Clothing,Shirts,price_low,800,0.26848930912830327,0.9903615864326498,9,2.045625396431048,142,Pink,M,2
520,Libas,Clothing,Tshirts,price_mid,1500,0.9116204332578428,0.677994896564248,130,4.638471182948993,5000,Yellow,XL,2
521,Puma,Footwear,Sports Shoes,price_mid,3470,0.6946709430630394,0.1317721322682296,8,3.769039839156538,532,Brown,UK6,7
522,Levis,Clothing,Dresses,price_high,5560,0.4870356540309898,0.9090020952804155,56,2.9340310411292005,3847,Green,L,1
523,Zara,Footwear,Sneakers,price_low,1440,0.35640910886679855,0.7270795332601915,98,2.4152984357558407,4072,Black,UK10,3
524,Zara,Footwear,Flats,price_high,10000,0.65496251830853,0.7791078849727928,5,3.7033420300496687,304,Green,UK4,7
525,Zara,Accessories,Caps,price_mid,2260,0.6967911422210621,0.23091237759126637,31,3.770408979302686,2645,Blue,Large,7
526,Adidas,Footwear,Sandals,price_mid,3620,0.3421775265464032,0.8521294324655851,9,2.3276778286480253,568,Green,UK6,2
527,Libas,Clothing,Dresses,price_high,6420,0.7246002904876542,0.22255421237920714,53,3.9176287011645763,3219,Yellow,M,1
528,Zara,Clothing,Shirts,price_mid,2100,0.5919701334544617,0.8667749051566789,129,3.379988947714421,5000,Black,XL,7
529,H&M,Clothing,Shirts,price_low,510,0.3659608278518337,0.7424678547079447,10,2.41192706371619,398,Brown,S,5
530,Libas,Clothing,Dresses,price_high,3990,0.558422715792077,0.5378691434533237,13,3.284131566643874,442,Red,XXL,4
531,Adidas,Footwear,Sneakers,price_low,1140,0.3057407126144492,0.30455414782223855,44,2.211676327905107,2432,White,UK6,4
532,Zara,Clothing,Kurtis,price_high,5920,0.9127816777586033,0.6461015079296982,73,4.673781493420826,2535,Brown,S,2
533,SwissBeauty,Cosmetics,Moisturizer,price_low,210,0.1569589265491353,0.45088585484707433,19,1.605876837320102,1130,Yellow,Medium,1
534,Levis,Clothing,Dresses,price_mid,2050,0.4781191884649299,0.12354421683543348,21,2.8959127314507347,1419,White,L,1
535,Puma,Footwear,Flats,price_mid,4890,0.8732820159385368,0.37867863141257974,66,4.473739372918475,2344,Green,UK8,5
536,Levis,Accessories,Bags,price_low,560,0.2600176719740538,0.051310490217668425,21,2.042576468207986,925,White,Medium,6
537,Zara,Clothing,Dresses,price_low,680,0.5176103988300281,0.012207764824052503,3,,261,White,XXL,7
538,Zara,Clothing,Tshirts,price_mid,1870,0.8927652267450992,0.41015136571135635,72,4.562374967674937,2845,Red,M,5
539,Levis,Clothing,Kurtis,price_low,420,0.6540632225826865,0.05506393800137099,15,3.576232385739336,472,Green,S,6
540,Adidas,Footwear,Sports Shoes,price_low,880,0.06734194192508952,0.9937351806331306,55,1.2962386724385468,2421,Pink,UK12,6
541,Maybelline,Cosmetics,Sunscreen,price_low,250,0.13810867788647513,0.5789662924422967,2,,0,Blue,Medium,3
542,Puma,Footwear,Sneakers,price_mid,3670,0.28385848378512474,0.29283271335673955,37,2.1589975991826895,1530,Pink,UK8,5
543,Nike,Footwear,Sneakers,price_low,1240,0.5476697684783445,0.9793499457014992,76,3.199053286414297,3958,Blue,UK10,6
544,SwissBeauty,Cosmetics,Sunscreen,price_low,240,0.1508714983218265,0.31648855849847224,0,,223,Purple,Small,5
545,Adidas,Footwear,Sandals,price_mid,3060,0.47721184406857553,0.6094057577306153,81,2.8974331531749344,2887,Yellow,UK4,1
546,Levis,Clothing,Tshirts,price_mid,2160,0.5304705194851537,0.9989870072501308,47,3.1036916749286125,2321,Purple,L,5
547,MAC,Cosmetics,Moisturizer,price_mid,1290,0.6392002520888905,0.06783606341311743,0,,0,Brown,Medium,7
548,Levis,Clothing,Shirts,price_mid,1930,0.6753323950976716,0.02911738181146062,40,3.7261922764324718,1570,Purple,L,6
549,Puma,Footwear,Sneakers,price_low,860,0.3122844952378715,0.4606179363433891,62,2.229104998467299,2887,Purple,UK10,7
550,SwissBeauty,Cosmetics,Lipstick,price_mid,980,0.1506178086971438,0.6781976246498737,54,1.6269828439274663,2290,Red,Small,5
551,SwissBeauty,Cosmetics,Sunscreen,price_low,340,0.51794427275214,0.28046002865388353,44,3.079087325849274,1834,Black,Large,5
552,Maybelline,Cosmetics,Foundation,price_mid,1370,0.5004968105134906,0.7515402086696134,102,3.0176346054276335,4159,Purple,Large,1
553,Nike,Clothing,Dresses,price_low,750,0.2158294978690653,0.30262870502576134,93,1.8548074069792297,3200,Green,S,3
554,SwissBeauty,Cosmetics,Sunscreen,price_mid,500,0.7059105652095469,0.4826631911468192,17,3.791506236037499,527,Yellow,Medium,4
555,Maybelline,Cosmetics,Moisturizer,price_low,340,0.3079531383156354,0.8221385179629435,58,2.2357298021886924,2264,Green,Small,6
556,Libas,Clothing,Dresses,price_low,390,0.43017884244416277,0.04402996366510037,25,2.7546138814467933,2372,Blue,L,4
557,Nike,Accessories,Caps,price_mid,1130,0.32996316457079067,0.7584938206683315,42,2.3171101805277536,3085,Yellow,Medium,2
558,Adidas,Clothing,Shirts,price_mid,1450,0.17379785269158962,0.14932072279971842,4,,113,Red,XXL,5
559,Nike,Footwear,Sports Shoes,price_low,920,0.4788493341476851,0.7043536961376878,74,2.9065797620394322,4004,Yellow,UK6,1
560,Zara,Clothing,Jeans,price_low,310,0.1842580755123889,0.9032924076579208,0,,0,Black,S,1
561,Nike,Footwear,Sandals,price_mid,4800,0.7075275637549135,0.699365499957176,39,3.8579997643235933,2902,Pink,UK8,7
562,H&M,Clothing,Kurtis,price_low,650,0.1556000117021706,0.7644282837636422,82,1.609653212186011,2893,Blue,XL,1
563,Adidas,Footwear,Sandals,price_mid,3230,0.4951767705357644,0.22379445391686015,85,2.961693664907973,2919,Pink,UK8,4
564,Zara,Clothing,Shirts,price_high,5420,0.9250902280448603,0.4875067325701127,10,4.689756017530263,299,Blue,L,4
565,Nike,Footwear,Flats,price_mid,2860,0.5702718459225102,0.10293221030895394,1,,216,Blue,UK8,5
566,H&M,Footwear,Sports Shoes,price_mid,2940,0.4494151701206877,0.620874838856541,31,2.8001607479434725,2808,White,UK10,1
567,H&M,Clothing,Jeans,price_mid,1510,0.24289434582105698,0.7873267705902519,59,1.9672750533500536,2612,Yellow,M,6
568,SwissBeauty,Cosmetics,Moisturizer,price_mid,640,0.5379407416452058,0.5960754935660096,60,3.135875801088756,1995,Blue,Medium,2
569,Libas,Clothing,Jeans,price_mid,1560,0.759456333487181,0.8198657287576124,66,4.023036078783772,3518,Red,S,2
570,SwissBeauty,Cosmetics,Sunscreen,price_mid,500,0.752496100319997,0.14672535405219633,8,4.001524622234675,717,Brown,Medium,4
571,Puma,Footwear,Sneakers,price_high,9760,0.5152142218921583,0.7943466597289164,4,,185,Black,UK8,1
572,Adidas,Footwear,Sports Shoes,price_mid,4860,0.6883679469373419,0.06241055853085875,93,3.757376383376506,3514,Red,UK4,6
573,Zara,Footwear,Sneakers,price_low,720,0.43722275026672275,0.43171550111637913,14,2.7629536866715267,454,Purple,UK10,4
574,Adidas,Footwear,Sandals,price_mid,3090,0.5798129972005606,0.3845950576910947,43,3.317318343008926,2998,Black,UK6,3
575,Zara,Accessories,Bags,price_low,230,0.18763097584070537,0.7213392323619774,83,1.7420256178852631,3443,Black,Small,1
576,H&M,Clothing,Dresses,price_high,5560,0.5545059862509146,0.9303110124595774,37,3.2501155454654307,2422,White,XXL,4
577,Puma,Footwear,Sports Shoes,price_low,1160,0.22449639525552867,0.5779385007780563,0,,269,Yellow,UK12,3
578,Adidas,Footwear,Sports Shoes,price_high,12420,0.8287292656182826,0.7048825425548747,2,,440,White,UK4,2
579,Maybelline,Cosmetics,Sunscreen,price_mid,900,0.612385229395609,0.5169495499002531,30,3.4746767014648325,2674,Blue,Small,4
580,Adidas,Footwear,Sandals,price_mid,3980,0.6066016148525673,0.5796284400857964,98,3.4381771897829996,3296,Purple,UK12,7
581,Libas,Clothing,Dresses,price_mid,1340,0.44369271968944884,0.3529145416660703,82,2.7951064809480664,3819,Pink,L,2
582,Zara,Clothing,Kurtis,price_mid,1960,0.4497018261633248,0.06141776315346392,42,2.772403729224342,2184,Green,XXL,1
583,MAC,Cosmetics,Moisturizer,price_low,370,0.19197802132582203,0.12682133544680552,1,,0,Pink,Medium,2
584,Nike,Footwear,Sports Shoes,price_mid,4130,0.3374872512744018,0.9101314886791267,9,2.3108202589605416,171,White,UK8,7
585,H&M,Clothing,Tshirts,price_low,480,0.4177715716957259,0.03309052692985526,110,2.6811765244547545,3601,Green,XXL,7
586,Libas,Clothing,Dresses,price_mid,1250,0.7761158255028363,0.44018500839173114,60,4.090814006788687,3962,Yellow,XXL,6
587,MAC,Cosmetics,Lipstick,price_mid,930,0.44232082738679984,0.4640149280335366,44,2.7696535565954936,1936,White,Large,7
588,Puma,Accessories,Caps,price_low,380,0.4757497048026242,0.5304421325793693,39,2.8926616648396704,2139,Pink,Medium,4
589,SwissBeauty,Cosmetics,Moisturizer,price_low,310,0.22885221779953754,0.6374241512553996,86,1.9082507397024178,3314,Black,Large,6
590,Adidas,Accessories,Bags,price_low,570,0.643802563966973,0.39115376368990973,53,3.552244159743037,2002,Yellow,Large,6
591,Nike,Footwear,Sports Shoes,price_mid,3060,0.6233581647347958,0.5476125554038433,7,3.525075259098236,395,Blue,UK4,4
592,Nike,Clothing,Shirts,price_low,510,0.3449450169033376,0.19307953144641044,15,2.4126540028706325,702,Blue,S,5
593,SwissBeauty,Cosmetics,Sunscreen,price_mid,1070,0.36885412856245425,0.11997710977782583,0,,158,Green,Medium,6
594,Maybelline,Cosmetics,Sunscreen,price_low,170,0.21854708566762296,0.18426299283903635,14,1.9264780387648162,510,Blue,Large,4
595,Adidas,Accessories,Watches,price_high,10740,0.6978893326039485,0.3234041277865811,17,3.7721609884106475,663,Blue,Medium,7
596,Libas,Clothing,Dresses,price_low,550,0.44845403690514773,0.17792948663662989,17,2.8131593087318225,709,Yellow,XXL,4
597,Libas,Clothing,Tshirts,price_mid,1230,0.2461008856089669,0.6433381669688948,118,1.9848550129920919,4731,Pink,S,1
598,Levis,Clothing,Shirts,price_mid,2320,0.584401421575794,0.14885427544165641,30,3.3159066111042903,1372,Red,XL,3
599,Adidas,Clothing,Shirts,price_low,680,0.25464433901448724,0.7709906286796886,42,2.0278073478482637,2936,Black,S,5
600,Libas,Clothing,Kurtis,price_mid,1100,0.7907917853357583,0.53530407648565,18,4.147295690684101,632,Purple,L,4
601,Zara,Clothing,Jeans,price_low,730,0.3115181146500505,0.3400627902184187,49,2.2252511223720486,1989,Pink,M,2
602,Zara,Footwear,Sandals,price_low,1080,0.7070407126501941,0.10676801674527714,66,3.8138500711830963,4157,White,UK4,6
603,Nike,Footwear,Sneakers,price_low,1500,0.6353402819318863,0.2384851313325207,18,3.5321461511575807,1290,Brown,UK8,4
604,H&M,Footwear,Sports Shoes,price_high,6040,0.9345599012343647,0.0560544530877366,52,4.741886316413636,3375,Red,UK10,1
605,Levis,Clothing,Jeans,price_high,7260,0.8227909012115044,0.5365613933574678,109,4.309781225629859,5000,Yellow,S,1
606,Maybelline,Cosmetics,Lipstick,price_high,4090,0.6600350208780803,0.24268255160225038,53,3.648421518085485,1932,Red,Small,6
607,Adidas,Clothing,Kurtis,price_mid,1560,0.1834852689862189,0.5910424892899215,62,1.7129167521152322,2312,Blue,S,4
608,Adidas,Footwear,Sneakers,price_low,1090,0.21308282570236117,0.8358959479793365,65,1.8382143096987087,2638,Black,UK8,1
609,H&M,Accessories,Bags,price_mid,2150,0.3599097731587921,0.7642278823672722,125,2.445521696858195,4264,Purple,Small,1
610,H&M,Clothing,Tshirts,price_low,350,0.2822155507113986,0.2436446094935799,80,2.1157817192664607,3069,Green,S,7
611,Maybelline,Cosmetics,Moisturizer,price_low,250,0.5462495550186324,0.0063495785536169524,35,3.2183057863355624,1119,Blue,Large,6
612,Puma,Footwear,Sandals,price_mid,3530,0.5063099143099153,0.12689241920530958,8,2.9776678448617653,644,Pink,UK12,4
613,Zara,Footwear,Sandals,price_low,920,0.1499483692859947,0.4998876349035636,56,1.5874694971605985,2624,Pink,UK8,4
614,Adidas,Clothing,Tshirts,price_mid,1410,0.47855781093516686,0.3619013045931686,32,2.9042910072085495,1574,Brown,XXL,2
615,Adidas,Footwear,Sneakers,price_low,880,0.4797375118081952,0.1492174169811885,4,,316,White,UK10,2
616,Zara,Clothing,Tshirts,price_low,450,0.29122751296606214,0.2513817797176139,13,2.2009931517070407,431,White,S,1
617,SwissBeauty,Cosmetics,Lipstick,price_mid,930,0.3267082436512109,0.11606508546217897,29,2.33808704869213,2666,White,Large,5
618,Puma,Clothing,Kurtis,price_low,660,0.26833740332541334,0.32613222470717174,13,2.0684089621122834,933,Black,M,4
619,Nike,Accessories,Watches,price_low,490,0.03901019688476134,0.21616516208564573,60,1.1410316034225931,1938,Green,Medium,3
620,H&M,Clothing,Jeans,price_high,4040,0.6242377285662741,0.1272117646939649,14,3.4719468030220453,432,Red,L,2
621,Libas,Clothing,Shirts,price_mid,1230,0.3040234824293052,0.2951615125211774,13,2.1971820271312215,840,Green,XXL,5
622,Nike,Accessories,Belts,price_mid,3000,0.6759348629804515,0.5915808712951018,15,3.6545362419275547,616,Pink,Small,6
623,H&M,Footwear,Sneakers,price_mid,2530,0.3150630184526623,0.9274796813113363,0,,0,Red,UK10,1
624,Libas,Clothing,Kurtis,price_low,460,0.4619272312216154,0.4792693392166235,72,2.828989691232592,4271,Blue,XL,4
625,Levis,Clothing,Tshirts,price_mid,2450,0.22047372775714213,0.1327120017886585,8,1.9207366570138271,298,Blue,S,4
626,MAC,Cosmetics,Foundation,price_mid,1640,0.4656110620064717,0.9764207784447133,37,2.842598414277734,2359,Green,Large,4
627,Zara,Clothing,Jeans,price_mid,970,0.14440842572986268,0.6273050238989188,3,,92,Purple,XXL,1
628,H&M,Clothing,Kurtis,price_mid,1630,0.5581762533825357,0.20714642694362873,114,3.2443735967061604,4029,Purple,S,5
629,Zara,Accessories,Belts,price_low,440,0.4082938719404219,0.6191334503954227,58,2.6444131097281316,2289,Green,Large,5
630,Maybelline,Cosmetics,Moisturizer,price_low,220,0.23919579631997645,0.5396338262674039,10,2.016289477824634,646,Yellow,Large,7
631,Libas,Clothing,Shirts,price_mid,1290,0.5370886615958207,0.06336918005953562,0,,0,White,XXL,5
632,Maybelline,Cosmetics,Moisturizer,price_mid,1410,0.7207649384604761,0.45197838262432266,9,3.928540728367087,168,Blue,Small,4
633,Libas,Clothing,Tshirts,price_high,3220,0.7830317037980308,0.1647662168438936,5,4.193933667992169,126,Green,XL,2
634,H&M,Accessories,Caps,price_low,600,0.1938622346427563,0.5414349580684413,37,1.773587860945994,1440,Purple,Medium,4
635,MAC,Cosmetics,Lipstick,price_low,470,0.30173272577105925,0.8349475186128072,41,2.182911744961659,1606,Purple,Medium,5
636,Levis,Clothing,Shirts,price_mid,2020,0.4229184089973848,0.8419078703855627,30,2.7258024557688167,1923,Pink,XXL,2
637,Adidas,Accessories,Caps,price_low,460,0.5682102799943964,0.2881462929379175,45,3.2718700005677905,1860,Green,Medium,3
638,Nike,Footwear,Boots,price_mid,3390,0.470952858844011,0.9732060892534207,58,2.8930802064404832,2680,Green,UK6,2
639,Zara,Clothing,Jeans,price_mid,1760,0.6443184846450117,0.20515536190932415,53,3.5847914879778005,2987,Purple,L,2
640,Adidas,Footwear,Sneakers,price_low,1500,0.3544841373276604,0.4045623312225112,33,2.4116909021728987,2678,Green,UK10,3
641,Zara,Clothing,Jeans,price_mid,2050,0.4033883058974934,0.2955568691634436,41,2.639107158058734,2134,Green,XXL,6
642,H&M,Accessories,Caps,price_mid,2360,0.3577957494541581,0.1394232934564973,6,2.4964375016888063,145,Pink,Small,4
643,Nike,Footwear,Sports Shoes,price_low,1270,0.16582148178409858,0.19514974641376315,6,1.6422645564817306,380,Pink,UK6,1
644,H&M,Clothing,Kurtis,price_high,7030,0.8518254696780209,0.3944236129108819,83,4.388471192419901,2888,Brown,S,6
645,Nike,Footwear,Flats,price_low,1120,0.6224759991388266,0.28465036559790524,59,3.5110918032026537,2680,White,UK12,1
646,Zara,Clothing,Kurtis,price_mid,1840,0.34678016819568797,0.16379034374410495,22,2.3669160698471066,1895,Black,XL,2
647,Maybelline,Cosmetics,Lipstick,price_low,400,0.13956432160623156,0.525301046569931,10,1.5609355743159914,488,Black,Small,1
648,Zara,Footwear,Sports Shoes,price_mid,4220,0.34851265047351393,0.7552437477921852,50,2.4078783390529255,2065,Green,UK10,3
649,Nike,Footwear,Flats,price_mid,3440,0.723031692571708,0.5592810566712619,17,3.9072062751605277,785,Red,UK4,2
650,Zara,Clothing,Kurtis,price_mid,2060,0.6317691493659728,0.892686525640555,2,,325,White,M,1
651,Adidas,Clothing,Dresses,price_low,700,0.16014524962764282,0.5810657700932466,39,1.633053979962444,2229,Pink,XL,6
652,Maybelline,Cosmetics,Moisturizer,price_low,210,0.5279688966671215,0.5816544969268918,2,,411,White,Large,2
653,Nike,Footwear,Sports Shoes,price_mid,5000,0.5406442394547066,0.048714900686265494,1,,0,Blue,UK12,2
654,MAC,Cosmetics,Lipstick,price_mid,1600,0.6312111530921595,0.8724431344584407,50,3.5053289555110223,5000,Pink,Medium,6
655,Maybelline,Cosmetics,Moisturizer,price_low,180,0.39553525596659317,0.13694944618769544,17,2.6172450310057123,1304,White,Medium,3
656,Puma,Accessories,Bags,price_mid,2570,0.5311405119848929,0.7951067380387837,101,3.1081024415336675,4893,Brown,Large,6
657,Adidas,Footwear,Sneakers,price_mid,2620,0.37728603947005257,0.8188447440507423,11,2.5144543714952823,472,White,UK8,3
658,MAC,Cosmetics,Foundation,price_high,5700,0.4569935318008767,0.9701114545914913,7,2.874354622788766,507,Pink,Small,6
659,MAC,Cosmetics,Sunscreen,price_low,290,0.6957088314313132,0.12534418113411216,44,3.8092910950515657,1628,Blue,Medium,6
660,MAC,Cosmetics,Lipstick,price_mid,1500,0.5075174755580346,0.19635099252922372,31,3.0124442774693225,1396,Brown,Large,1
661,Zara,Footwear,Sneakers,price_low,660,0.45896084073988186,0.09650359885670845,27,2.8217151233692883,1533,Yellow,UK12,2
662,Libas,Clothing,Tshirts,price_mid,1990,0.32782321535527337,0.9487916050832819,118,2.321243491128424,4369,Green,XXL,7
663,MAC,Cosmetics,Moisturizer,price_low,400,0.13168401635482213,0.01398431158690705,8,1.528366037174071,430,Yellow,Medium,2
664,H&M,Accessories,Belts,price_low,310,0.37224638580927183,0.5041952718145907,53,2.511482108276003,4605,Purple,Large,5
665,Levis,Clothing,Tshirts,price_mid,2500,0.6679836631711233,0.42409184734727434,10,3.6111431845050426,256,Black,S,7
666,Nike,Accessories,Bags,price_low,610,0.7001506052185763,0.7047309151908103,63,3.8022332234230802,2316,Red,Small,3
667,Puma,Footwear,Sports Shoes,price_mid,3980,0.6422601194567769,0.8410901758369496,71,3.558830037555454,4338,Black,UK8,7
668,H&M,Footwear,Flats,price_mid,4170,0.28979605774160705,0.36744139477087023,1,,54,White,UK4,4
669,Adidas,Footwear,Sneakers,price_low,1140,0.35959268416376994,0.5905572323320124,56,2.437483548879114,1990,Green,UK4,3
670,Adidas,Accessories,Watches,price_high,6280,0.5403469658530742,0.8381091313414588,71,3.1486171106146985,5000,Pink,Large,7
671,Nike,Footwear,Flats,price_mid,3680,0.508372493224479,0.4758262832960263,82,3.0447566572376896,3629,Black,UK10,5
672,H&M,Clothing,Tshirts,price_low,470,0.19456845194456843,0.6283710296631083,49,1.75196280815328,2228,Blue,S,7
673,Levis,Clothing,Dresses,price_low,620,0.7208424169629899,0.15273665117288082,21,3.87862925867002,2002,Blue,S,6
674,SwissBeauty,Cosmetics,Sunscreen,price_low,250,0.4045239230086147,0.49025036025639435,36,2.622517217378894,1734,Purple,Large,5
675,H&M,Clothing,Dresses,price_high,3650,0.6196167194835461,0.45011551912545555,11,3.474624651557308,539,White,XL,1
676,Levis,Clothing,Dresses,price_low,630,0.2755692564787413,0.4914796086451494,29,2.112832709175559,1333,Black,XL,7
677,Levis,Clothing,Kurtis,price_mid,1890,0.443844350901653,0.4759110552240565,64,2.792869533836463,2878,Brown,S,4
678,Levis,Clothing,Shirts,price_mid,2110,0.4442412932805864,0.2844375395810811,0,,0,Red,M,7
679,H&M,Footwear,Sandals,price_mid,3310,0.8006163657618622,0.38057337773852085,60,4.180951249894986,4212,Purple,UK10,3
680,Adidas,Clothing,Tshirts,price_low,390,0.26048645853957075,0.6879912619702535,46,2.0576789734777834,3101,Blue,L,2
681,Adidas,Clothing,Jeans,price_high,6530,0.8659967156559312,0.9014098452118979,4,,264,White,XXL,1
682,Adidas,Accessories,Watches,price_mid,2750,0.733514319608393,0.10005668320405448,3,,19,Purple,Medium,5
683,Maybelline,Cosmetics,Lipstick,price_low,380,0.5026525276166547,0.20175862682574763,2,,321,Blue,Large,2
684,Nike,Clothing,Dresses,price_mid,1650,0.19744948201710444,0.742888025626101,54,1.809555188264879,1933,Blue,XXL,3
685,Levis,Clothing,Jeans,price_mid,1660,0.815514141370872,0.0766615916158021,91,4.249694651572946,3933,Brown,L,4
686,MAC,Cosmetics,Foundation,price_low,380,0.48825021702476706,0.67156024846019,75,2.955583333547772,2714,Red,Large,6
687,Nike,Footwear,Sports Shoes,price_mid,4750,0.7795946899299672,0.9381029938704916,53,4.104219266266124,3248,Brown,UK12,7
688,Maybelline,Cosmetics,Moisturizer,price_mid,1080,0.39383313219726546,0.36427466915910456,28,2.585719341161529,1965,Green,Large,6
689,SwissBeauty,Cosmetics,Foundation,price_high,4460,0.8051911876107477,0.6339274883535357,39,4.222311887380485,3589,Pink,Medium,6
690,Levis,Clothing,Tshirts,price_low,400,0.28950195241318705,0.027704173666138976,0,,93,Pink,XL,4
691,Puma,Footwear,Sandals,price_low,860,0.41607814354861505,0.13643062881486012,38,2.6749608318273093,2328,Pink,UK12,2
692,Nike,Footwear,Sandals,price_mid,2500,0.5671692656738301,0.8965054756695743,13,3.2205102084790007,326,Pink,UK4,4
693,Zara,Accessories,Belts,price_low,630,0.24581173342280838,0.8427502672415983,32,1.9528271635411467,2536,Brown,Small,5
694,Maybelline,Cosmetics,Moisturizer,price_mid,1060,0.29558987571612544,0.09024878768680134,20,2.155298502398214,1517,Purple,Medium,7
695,Puma,Footwear,Sandals,price_low,1060,0.2955040395554807,0.1442779087037892,0,,0,Pink,UK10,4
696,Levis,Clothing,Jeans,price_low,770,0.45255969689520953,0.3164899464379626,62,2.8219699435373977,3165,Yellow,L,7
697,Adidas,Accessories,Caps,price_mid,1120,0.7621787147480927,0.9668051593395279,94,4.038912894948053,3470,Red,Large,7
698,MAC,Cosmetics,Foundation,price_mid,1770,0.7573347852751127,0.9031570986825994,89,4.0274777647536935,2978,Brown,Small,7
699,Nike,Footwear,Boots,price_high,15000,0.7320682966891798,0.3008881516028219,91,3.923238244954993,3152,Yellow,UK8,2
700,Puma,Accessories,Watches,price_low,580,0.663855426883957,0.6444295004478753,40,3.6532400943329773,2801,Pink,Small,7
701,Maybelline,Cosmetics,Moisturizer,price_high,3430,0.9021925756744906,0.42236599979371736,10,4.596960653685667,917,Blue,Small,6
702,Nike,Clothing,Shirts,price_mid,2030,0.7321705926135005,0.3267683420573305,13,3.885128900310854,660,Red,M,6
703,Adidas,Footwear,Sneakers,price_low,1070,0.38044441587953254,0.5758093452619913,63,2.544325915184296,2460,Yellow,UK12,6
704,Zara,Accessories,Caps,price_mid,2400,0.47863844048177573,0.7926422949091957,27,2.888732975468204,1956,White,Large,2
705,Levis,Clothing,Kurtis,price_mid,1470,0.5957475550678756,0.414496424552795,49,3.406666816995301,1737,Black,XXL,2
706,Nike,Clothing,Jeans,price_mid,1650,0.6055511291244322,0.08897656928097875,3,,0,Pink,M,1
707,Puma,Footwear,Sports Shoes,price_low,1020,0.5497653535038541,0.9472435084524966,52,3.1781649660790823,2003,Brown,UK10,7
708,H&M,Accessories,Caps,price_low,470,0.42013221741500106,0.19054416526893014,38,2.6884809245449675,3784,Pink,Medium,6
709,Nike,Footwear,Flats,price_mid,5000,0.7463022465666656,0.2829672450326983,147,3.970833054398045,5000,Black,UK6,4
710,MAC,Cosmetics,Sunscreen,price_low,360,0.2989277623119941,0.24831795967845416,35,2.2219278373162763,2025,White,Small,1
711,H&M,Footwear,Boots,price_low,780,0.16311657787485787,0.3834954552982238,35,1.6855523774067884,2288,Pink,UK4,1
712,Nike,Footwear,Boots,price_mid,3570,0.5663168955827659,0.606374464477017,10,3.3049107670535576,734,Red,UK4,3
713,Puma,Footwear,Boots,price_mid,2640,0.44832844654637705,0.8922259476748138,19,2.838533553185884,2131,Green,UK8,2
714,Zara,Footwear,Flats,price_low,1030,0.4774568299876292,0.5304238008926038,33,2.9405095512219726,1602,Blue,UK8,1
715,H&M,Accessories,Belts,price_low,360,0.27654828784779434,0.4300860187629275,7,2.1373359730313726,318,Pink,Large,7
716,MAC,Cosmetics,Foundation,price_high,4980,0.8078730925100455,0.9945650658851473,23,4.205559653704318,1096,Green,Large,7
717,Zara,Accessories,Watches,price_low,280,0.28856102921378196,0.1831413212110269,25,2.1613489384676257,1288,Green,Large,4
718,Zara,Footwear,Boots,price_low,1060,0.39551908217635734,0.709029142266918,44,2.5533848736478024,2559,White,UK4,7
719,MAC,Cosmetics,Foundation,price_low,310,0.6423405663062873,0.8349536595366522,53,3.57958322214833,3672,Pink,Large,6
720,Adidas,Footwear,Boots,price_mid,4050,0.36826473909571633,0.41641899138996896,3,,172,White,UK4,3
721,Levis,Clothing,Kurtis,price_low,580,0.2962821560896044,0.951219850078746,35,2.1996057205961383,2874,Green,S,1
722,Adidas,Footwear,Sports Shoes,price_mid,3340,0.7353296288777619,0.6580063030556244,67,3.930871772470498,2802,Red,UK12,4
723,H&M,Clothing,Kurtis,price_high,5170,0.6120707846024072,0.21136686103998747,17,3.488235701456087,2228,Pink,L,7
724,Nike,Clothing,Dresses,price_low,560,0.15443006285614228,0.17801080077946274,35,1.591775616884426,2184,Black,S,1
725,Puma,Accessories,Caps,price_low,560,0.012776760029156028,0.6540642988244791,41,1.0359329531179764,2412,White,Medium,6
726,MAC,Cosmetics,Moisturizer,price_low,420,0.4412917642307091,0.832052874322659,45,2.753746367310858,2982,White,Medium,4
727,Adidas,Footwear,Sports Shoes,price_mid,4710,0.1185511216326501,0.6138677834447908,9,1.4259705619484746,550,Black,UK4,1
728,Zara,Footwear,Sandals,price_mid,4230,0.9325079242760811,0.9306676126668024,131,4.742569084589524,4544,Brown,UK4,3
729,Nike,Footwear,Flats,price_low,1500,0.3607326931467204,0.6843139372982354,28,2.446172054727156,1852,Yellow,UK12,4
730,Nike,Clothing,Tshirts,price_low,410,0.14500184317029519,0.4249135212080136,11,1.5792655577722665,1043,Pink,L,3
731,Adidas,Footwear,Sneakers,price_mid,3820,0.5229187727940432,0.7861770926580438,88,3.111251705084428,3519,Red,UK4,4
732,Adidas,Accessories,Watches,price_mid,2480,0.6086079353334529,0.6238103941666637,42,3.4344439581795085,3621,Green,Small,2
733,Zara,Clothing,Shirts,price_mid,1830,0.48899547122623116,0.017915219112091263,46,2.951140332434972,1558,Red,M,6
734,Adidas,Footwear,Flats,price_high,12650,0.7966858212123521,0.48672249393761136,144,4.192142279497762,5000,Purple,UK10,7
735,Puma,Clothing,Tshirts,price_low,280,0.5170470159200815,0.9705203636603139,41,3.0587917253530903,3725,Yellow,XL,6
736,Adidas,Clothing,Dresses,price_high,6430,0.9707423250197964,0.08609354720203477,14,4.845349693044424,789,Green,XL,4
737,Puma,Clothing,Tshirts,price_mid,2500,0.16278469719556027,0.4714891986521167,19,1.654309731279749,2345,Yellow,M,3
738,H&M,Footwear,Sneakers,price_low,1020,0.25462070030759504,0.7130928146227296,14,1.9775979514062434,411,White,UK12,5
739,SwissBeauty,Cosmetics,Lipstick,price_low,230,0.333457685096996,0.7246141851804799,64,2.3256532579788596,4533,White,Small,6
740,Nike,Clothing,Jeans,price_mid,1710,0.7196360375119053,0.6483002857650626,55,3.9039598620302725,3180,Blue,XL,5
741,Adidas,Accessories,Caps,price_low,430,0.20609806945652576,0.19220129750103077,20,1.8159944991859005,1397,Yellow,Large,2
742,Adidas,Footwear,Boots,price_high,13470,0.8740476168020243,0.46846728124587655,138,4.483549212483516,5000,Black,UK10,7
743,Zara,Accessories,Watches,price_mid,3000,0.5341709258980227,0.16202575431646682,32,3.106435750729179,1888,Blue,Large,4
744,Puma,Clothing,Jeans,price_low,520,0.17730062824746778,0.993767235381343,23,1.7323791157696897,2054,Yellow,XXL,1
745,Adidas,Accessories,Bags,price_mid,1660,0.8062407634275361,0.8594616718177308,99,4.217817652690917,4037,Blue,Medium,4
746,Adidas,Clothing,Jeans,price_mid,2500,0.3577527045262826,0.7848858040216637,77,2.4362485836159298,2656,Brown,L,2
747,Levis,Accessories,Caps,price_low,260,0.34635128431145146,0.9462677272992335,64,2.3674811973683036,2858,Blue,Small,7
748,H&M,Footwear,Boots,price_mid,1910,0.6277630103951916,0.10541108375077168,76,3.522559086567502,4506,Yellow,UK8,2
749,SwissBeauty,Cosmetics,Moisturizer,price_mid,1210,0.6032883356362075,0.1542957324318064,22,3.4077953569284603,2045,Green,Small,7
750,Zara,Clothing,Kurtis,price_low,720,0.36445987511389427,0.4736633326211577,21,2.423765761715637,1368,Green,S,3
751,Adidas,Footwear,Sports Shoes,price_mid,2960,0.3062064442368432,0.7535071710471084,59,2.244333585120762,3404,Yellow,UK6,7
752,Zara,Footwear,Flats,price_high,11590,0.3989039324926235,0.6821986389292356,6,2.5896375067420503,321,White,UK6,7
753,H&M,Clothing,Dresses,price_low,420,0.2773771388641122,0.9819449243871319,19,2.0863105938119624,1541,Red,XL,7
754,Zara,Clothing,Tshirts,price_mid,2500,0.30959597522103316,0.9800470748049729,20,2.271181772155417,685,Brown,L,4
755,Adidas,Footwear,Sandals,price_low,1370,0.147766255167604,0.9092308532011312,34,1.5790215825127365,1538,Pink,UK12,5
756,Zara,Accessories,Watches,price_low,500,0.3329233895775515,0.7883415789767165,40,2.3186417247638036,1866,Purple,Large,4
757,SwissBeauty,Cosmetics,Lipstick,price_mid,870,0.5031662049481554,0.7188805396858767,47,3.0259170158334574,2438,Brown,Large,3
758,Libas,Clothing,Shirts,price_low,490,0.6093647427401107,0.02342174222984328,2,,513,Brown,XXL,3
759,H&M,Clothing,Kurtis,price_high,3600,0.7227599896446089,0.05994573862540298,0,,170,Brown,L,1
760,Levis,Clothing,Tshirts,price_low,640,0.4006423005773615,0.4531471605522952,58,2.6258942031862933,2855,Brown,XXL,2
761,Puma,Footwear,Flats,price_mid,3940,0.7480389695374012,0.7143509788637289,52,3.975929202138543,2421,Yellow,UK4,3
762,Nike,Footwear,Flats,price_mid,2940,0.5363236879659714,0.4256921323272409,17,3.1564068628425277,692,Blue,UK4,4
763,H&M,Accessories,Watches,price_low,410,0.6554079682753668,0.5882394578976068,82,3.605519524341511,3044,Black,Medium,5
764,Puma,Footwear,Sports Shoes,price_high,10940,0.47883970661860825,0.9732724831769045,64,2.909091287425175,3037,Green,UK12,2
765,Puma,Footwear,Boots,price_mid,3630,0.30027057855463196,0.6944707051861475,38,2.2251731481626043,2247,Red,UK6,5
766,Zara,Footwear,Sandals,price_mid,2710,0.7395656825478023,0.5717647544264091,61,3.9380155226115763,2719,Green,UK4,3
767,Libas,Clothing,Shirts,price_low,320,0.3086752270742537,0.783792500120582,31,2.2597571112936543,1641,Pink,L,2
768,H&M,Clothing,Tshirts,price_mid,1060,0.5865317124668792,0.04468247605543696,32,3.313929535703945,1269,Pink,XXL,4
769,Zara,Accessories,Watches,price_mid,2280,0.3669717521029945,0.7619512314984372,84,2.4461676715473266,4279,White,Medium,6
770,H&M,Footwear,Sports Shoes,price_mid,3390,0.5279862773262023,0.40962832709577024,58,3.1022812039034293,2130,Black,UK8,5
771,Levis,Clothing,Shirts,price_low,360,0.4838461511402249,0.1656147815824197,4,,107,Pink,XXL,6
772,Levis,Clothing,Tshirts,price_mid,1890,0.6305484354298074,0.05287438599238392,23,3.534522974229243,2025,Yellow,XL,5
773,Nike,Accessories,Belts,price_low,240,0.19937719151861372,0.7867570460275187,6,1.8023765647101306,140,White,Small,7
774,Puma,Footwear,Sandals,price_mid,4800,0.6876708855822878,0.33995655504627087,64,3.7272320725002768,3263,Red,UK12,3
775,Nike,Footwear,Boots,price_mid,3390,0.5512261096198712,0.18266892623569453,117,3.192100083511509,4167,Green,UK8,4
776,MAC,Cosmetics,Sunscreen,price_low,440,0.17359818577594757,0.2980243369187393,0,,0,Green,Medium,3
777,Zara,Clothing,Dresses,price_low,470,0.3529638125959802,0.5970046191366692,46,2.415385328111392,1590,Brown,XXL,4
778,Puma,Accessories,Bags,price_mid,1230,0.6642703684157004,0.028906437810464092,58,3.6792760637080555,2615,Red,Medium,5
779,Zara,Accessories,Bags,price_mid,2580,0.42801440454576783,0.3046128419655981,39,2.7055770093436844,1497,Blue,Large,5
780,Zara,Clothing,Shirts,price_high,7110,0.9095675275081833,0.5375356298134671,15,4.669393616780093,540,Brown,XL,1
781,Libas,Clothing,Kurtis,price_low,660,0.22956552474731262,0.0005429317070172468,11,1.9634181932553563,426,White,L,5
782,Levis,Clothing,Dresses,price_mid,1490,0.3692042791741846,0.8406841941947372,23,2.4939205769170196,1794,Green,XXL,5
783,Nike,Clothing,Kurtis,price_mid,2240,0.5784405970520375,0.9988212531764677,73,3.3228058936190514,5000,Yellow,XXL,5
784,Adidas,Accessories,Caps,price_low,420,0.4371088298074191,0.7526940011065758,44,2.7285210073814867,2582,Yellow,Large,3
785,Libas,Clothing,Jeans,price_low,510,0.15268160219203225,0.6464432919193639,19,1.5711911210658975,1288,White,S,1
786,Maybelline,Cosmetics,Sunscreen,price_mid,1260,0.3832831745925586,0.5381314537014721,41,2.5084893312281373,3408,Blue,Large,1
787,Zara,Accessories,Watches,price_low,700,0.05889898914488107,0.3763764487763258,3,,130,Black,Small,7
788,Maybelline,Cosmetics,Lipstick,price_mid,1470,0.3955286842346591,0.444577656756068,0,,248,Red,Medium,6
789,Adidas,Accessories,Bags,price_mid,1910,0.7194195186496545,0.71780952976009,45,3.848940738340537,3306,White,Medium,1
790,Zara,Clothing,Kurtis,price_low,450,0.26256441423786747,0.8211234706523723,59,2.0303615978130645,3662,Pink,XXL,5
791,Adidas,Footwear,Sandals,price_mid,4330,0.41804746863521564,0.5651402337516013,42,2.665786121759389,1993,Green,UK4,2
792,Levis,Clothing,Tshirts,price_mid,2130,0.841764562075725,0.19185154771556834,82,4.358388218464344,3020,Brown,XXL,3
793,SwissBeauty,Cosmetics,Lipstick,price_mid,1050,0.7288276243307962,0.6500300470878392,63,3.9152877540057895,5000,Purple,Medium,7
794,Adidas,Accessories,Caps,price_mid,2010,0.31620645967604044,0.7590217146535565,77,2.2429227365979076,2846,Yellow,Small,3
795,H&M,Accessories,Bags,price_low,360,0.1018070724326295,0.8800984589146048,0,,176,Yellow,Large,4
796,Levis,Accessories,Bags,price_low,270,0.5612964542903724,0.6252947009855963,0,,174,Black,Small,5
797,SwissBeauty,Cosmetics,Sunscreen,price_low,220,0.7716045080257262,0.9588026578784135,94,4.094215576105298,3692,Purple,Large,7
798,Nike,Clothing,Jeans,price_mid,1410,0.3636722863930818,0.44645619078676746,69,2.4752292729593464,2432,Red,S,4
799,H&M,Clothing,Tshirts,price_low,650,0.3210537288815062,0.4419184033184411,63,2.2672374909548156,2088,Black,S,1
800,Maybelline,Cosmetics,Foundation,price_low,160,0.667512594563862,0.7519633577101529,48,3.6715953264506904,5000,Red,Medium,4
801,Puma,Footwear,Sandals,price_low,1190,0.2482976413137514,0.6757761000315036,26,2.0071024042357166,1829,Brown,UK8,5
802,Nike,Clothing,Jeans,price_low,730,0.361785457828023,0.19361454177178428,11,2.483685733575638,438,Brown,L,3
803,Adidas,Footwear,Sports Shoes,price_low,1420,0.22390632882731218,0.0604911828613337,3,,281,Black,UK12,6
804,MAC,Cosmetics,Sunscreen,price_mid,1130,0.5878372545715502,0.3086744144806972,33,3.3782058522889025,1840,Purple,Small,5
805,Adidas,Footwear,Sneakers,price_mid,4790,0.6413058572822673,0.8587022055283732,1,,0,Yellow,UK6,6
806,Zara,Accessories,Watches,price_mid,2420,0.37987938235787394,0.9819232558265506,97,2.5203653043534193,3969,Purple,Large,5
807,Zara,Accessories,Watches,price_low,470,0.43485874835903565,0.7891913869272398,24,2.715032894322223,2018,Yellow,Small,6
808,Adidas,Clothing,Jeans,price_low,700,0.5495009687867719,0.95258822899053,70,3.192334444197559,2263,Black,M,4
809,Zara,Clothing,Shirts,price_low,310,0.05026702022923955,0.11518929259778532,11,1.154152290236095,315,Yellow,XXL,7
810,Zara,Footwear,Sneakers,price_low,960,0.08105778600293492,0.26199885248271126,15,1.3320582069360998,819,Brown,UK6,2
811,Puma,Clothing,Shirts,price_low,690,0.230602826039334,0.13724353446753879,24,1.9249309337560632,1592,Blue,L,2
812,Adidas,Clothing,Kurtis,price_mid,2500,0.4340823552377107,0.9771018460320147,11,2.7927557435814565,388,Black,S,1
813,Zara,Clothing,Kurtis,price_low,530,0.32568073364082556,0.3742553019371003,47,2.283513115181191,2245,Yellow,S,7
814,Nike,Footwear,Sports Shoes,price_mid,3500,0.7840208984013102,0.05325897506966537,9,4.108281478517579,281,Green,UK12,5
815,Puma,Accessories,Bags,price_mid,2260,0.9127758075622245,0.06487304096991964,119,4.6525106993064025,4137,Brown,Medium,4
816,Nike,Footwear,Sandals,price_mid,3860,0.6292776622619175,0.9557518921404482,78,3.4966371659267,4295,Black,UK12,6
817,Puma,Clothing,Tshirts,price_high,5440,0.3046792283403188,0.305999036319724,13,2.1975571101657696,1621,Green,L,3
818,Nike,Footwear,Sneakers,price_mid,3560,0.6023985181988766,0.5839622247304239,12,3.354414912128593,846,Purple,UK10,4
819,Puma,Footwear,Flats,price_low,1030,0.47535423559763906,0.1795657310015596,27,2.929027530052468,1126,Blue,UK8,1
820,Libas,Clothing,Jeans,price_low,380,0.16641703540095648,0.22774159236557112,29,1.6432231036537641,920,Purple,S,5
821,Puma,Clothing,Shirts,price_low,680,0.40821865513842914,0.6835393298078196,30,2.634348413173008,2071,Green,XXL,3
822,Adidas,Clothing,Kurtis,price_mid,1880,0.4387193030648588,0.4057584838707843,94,2.7736994607190018,4004,Red,XL,6
823,Adidas,Footwear,Sneakers,price_low,1000,0.0668054167619775,0.749137075318955,49,1.2920361412819876,2137,Brown,UK12,7
824,Puma,Footwear,Flats,price_low,780,0.2888054323770791,0.8458016677785407,58,2.1301302495867342,3347,Black,UK6,4
825,Adidas,Footwear,Sports Shoes,price_mid,2860,0.2607481940580019,0.943354001177885,41,2.0694130087571327,2085,Purple,UK8,2
826,Adidas,Footwear,Sports Shoes,price_mid,3980,0.4907566330394937,0.3260795145254961,4,,149,Red,UK6,2
827,Levis,Accessories,Watches,price_mid,2770,0.847597438271373,0.5738787343125399,54,4.400190219048099,2680,Black,Small,4
828,Libas,Clothing,Jeans,price_low,650,0.057187281051042975,0.6390033058430536,36,1.239528677650272,1134,Green,S,6
829,Nike,Footwear,Sandals,price_mid,3080,0.8103820897156626,0.0694910355757572,64,4.221080174609923,5000,Pink,UK6,2
830,Levis,Clothing,Shirts,price_low,270,0.7220658793228412,0.3267720703758846,5,3.873843174208513,242,Black,M,1
831,Libas,Clothing,Kurtis,price_low,600,0.4009230622478368,0.20647969193706117,29,2.5953555926036684,1943,Pink,XL,7
832,Maybelline,Cosmetics,Moisturizer,price_high,4020,0.7928134019355718,0.5024750211594405,39,4.149388888910483,2661,Pink,Small,1
833,H&M,Accessories,Belts,price_mid,1430,0.4407291795090301,0.32889146290944915,7,2.688765977726805,156,White,Medium,4
834,Adidas,Footwear,Sports Shoes,price_high,11730,0.8237991930332718,0.7003165397244652,53,4.295036846489465,3241,Pink,UK10,5
835,SwissBeauty,Cosmetics,Foundation,price_low,240,0.3628400896315119,0.4320766140358757,37,2.478388584463322,1384,Green,Large,5
836,Levis,Clothing,Tshirts,price_high,4450,0.8224765935508579,0.8825558321780205,14,4.262120260062451,754,Blue,M,4
837,Adidas,Footwear,Sneakers,price_low,1380,0.23661427291239293,0.5043948424349656,67,1.9624445833335877,2984,Black,UK10,2
838,Libas,Clothing,Jeans,price_low,510,0.10525323996494797,0.7497361411296126,31,1.3992414659499997,1403,Black,M,4
839,Adidas,Clothing,Kurtis,price_low,670,0.12838512673630206,0.4642455464956107,27,1.5084385552103856,1730,Blue,XXL,6
840,Zara,Clothing,Tshirts,price_mid,2320,0.43893826891577314,0.17058909564089664,18,2.7979127257320706,996,Blue,M,3
841,H&M,Clothing,Tshirts,price_mid,880,0.6855518866272454,0.27325226480883713,20,3.7783783105990008,1636,Green,M,6
842,Levis,Clothing,Tshirts,price_mid,2220,0.3354188278674175,0.8115118259405677,35,2.3523772485110417,2588,Blue,XL,6
843,Nike,Clothing,Tshirts,price_mid,2300,0.7183756278631179,0.9288205523021502,68,3.891137108510216,2562,Yellow,M,1
844,Nike,Clothing,Tshirts,price_mid,2180,0.2442458865763295,0.06317148521965621,24,2.0096977950821575,2484,Blue,M,6
845,Libas,Clothing,Tshirts,price_low,470,0.2976742888198212,0.18954753596092278,42,2.20040708397277,1957,Brown,XL,4
846,Puma,Clothing,Shirts,price_low,520,0.153751539861856,0.3162402213512463,35,1.5872733186159222,2249,White,M,1
847,MAC,Cosmetics,Moisturizer,price_low,500,0.39752056541411185,0.4110968358929026,3,,559,White,Small,6
848,Zara,Footwear,Flats,price_low,1500,0.10179229714113014,0.5998671451535394,87,1.403637178396926,4769,Black,UK6,3
849,H&M,Clothing,Kurtis,price_high,5470,0.628896986242047,0.06751348327923723,4,,320,White,XL,5
850,Nike,Footwear,Sandals,price_high,10090,0.6740654437754094,0.616348674587466,79,3.67875825623348,3372,Pink,UK6,6
851,Nike,Footwear,Sneakers,price_low,1200,0.5684124929078052,0.20201178753130566,36,3.27337126980779,1724,Red,UK6,6
852,Zara,Footwear,Sandals,price_low,1000,0.22413277128604353,0.6436020716054057,0,,56,Brown,UK10,6
853,SwissBeauty,Cosmetics,Lipstick,price_mid,840,0.5694070006316245,0.20581743522965723,20,3.3002406447746546,1474,Yellow,Large,6
854,Maybelline,Cosmetics,Foundation,price_low,240,0.23050378120961537,0.006042659764117553,53,1.9305106665743428,2027,Blue,Small,1
855,Nike,Footwear,Sneakers,price_low,1260,0.2571980915068874,0.8312208786251626,20,2.0626491854995948,1968,Yellow,UK12,1
856,Puma,Footwear,Sneakers,price_low,1060,0.6677095815444986,0.6058512348604904,1,,298,White,UK6,3
857,H&M,Accessories,Belts,price_low,370,0.3001538507639758,0.47071348459553763,46,2.185395130817728,1967,Black,Small,7
858,H&M,Accessories,Caps,price_mid,1110,0.5157442910510143,0.9064570361489989,10,3.116137881126053,699,Brown,Small,5
859,MAC,Cosmetics,Foundation,price_mid,1440,0.520799069113712,0.6060253566566433,0,,1,Green,Large,4
860,Zara,Clothing,Tshirts,price_high,6880,0.3966927735936651,0.3742578140754529,29,2.6177307097626668,2299,Black,XL,6
861,Puma,Footwear,Sandals,price_mid,3390,0.280692747003733,0.03882689768427949,18,2.127147603032182,477,Black,UK12,2
862,Libas,Clothing,Shirts,price_high,5360,0.8253725551411197,0.5096083634281788,47,4.2804882763974135,2617,Purple,S,6
863,Puma,Footwear,Sneakers,price_mid,4740,0.857942498356712,0.3614142882149868,71,4.44942295502194,4118,Red,UK6,3
864,Zara,Footwear,Sneakers,price_low,1200,0.17517800557851507,0.6626046660655431,0,,0,Blue,UK4,6
865,Maybelline,Cosmetics,Moisturizer,price_high,2550,0.9962121589678674,0.9099491476179901,114,4.984933860107602,4185,Green,Medium,3
866,Maybelline,Cosmetics,Moisturizer,price_high,4020,0.7830362703155627,0.7339334369570686,56,4.148017606449879,4260,Blue,Small,6
867,H&M,Footwear,Flats,price_low,780,0.3941429927706464,0.7482902511803077,114,2.590206255626326,4050,Red,UK6,7
868,Nike,Footwear,Flats,price_mid,3720,0.7999719359519127,0.2883402610796856,6,4.210009254511501,393,Green,UK8,2
869,MAC,Cosmetics,Lipstick,price_high,5470,0.8538300330652958,0.8143704549414915,89,4.416660001339806,3351,Red,Large,2
870,MAC,Cosmetics,Sunscreen,price_high,5430,0.8909589951206277,0.9129714043767858,44,4.572603850440867,3107,Green,Small,3
871,Puma,Clothing,Tshirts,price_low,450,0.08555116920486455,0.48519435281160905,36,1.3717119908300353,1548,Red,S,3
872,MAC,Cosmetics,Moisturizer,price_high,3880,0.58637442704972,0.5223345442994426,33,3.3787613588695464,1815,Brown,Medium,4
873,Puma,Footwear,Sports Shoes,price_low,1390,0.2371154768120355,0.9994451352598056,48,1.9264275710147207,2874,Purple,UK10,4
874,Zara,Footwear,Flats,price_mid,1880,0.8004997558665942,0.8705415107183774,40,4.187614312468387,3523,Green,UK4,5
875,Levis,Clothing,Dresses,price_mid,1540,0.34786744274621917,0.45191807760560276,61,2.3836969408403648,2069,White,XXL,4
876,MAC,Cosmetics,Moisturizer,price_high,5010,0.4147306366207602,0.6337773007169784,49,2.686616510447233,1971,Purple,Large,4
877,Libas,Clothing,Kurtis,price_mid,1360,0.6499626944859254,0.9390847528836389,90,3.600556431557482,3956,White,S,6
878,Adidas,Footwear,Sandals,price_high,15000,0.5606669007428325,0.7848619435489371,55,3.2654554987935716,4064,Red,UK6,4
879,MAC,Cosmetics,Moisturizer,price_mid,2000,0.4837568821602375,0.1680528513819618,37,2.9585471314701417,1332,Blue,Medium,6
880,Nike,Footwear,Sneakers,price_high,13350,0.9461584253587123,0.10546967711220234,129,4.774226924522321,5000,Red,UK6,3
881,Zara,Accessories,Bags,price_low,480,0.5593680774166633,0.8975108837381099,49,3.2438813758919807,1743,Green,Large,6
882,MAC,Cosmetics,Moisturizer,price_high,7000,0.6804534277927826,0.7663373866963945,47,3.714706955794939,3611,Purple,Medium,6
883,SwissBeauty,Cosmetics,Moisturizer,price_mid,1350,0.629347294497966,0.43696225291823954,7,3.516342474897212,297,Pink,Small,3
884,Nike,Clothing,Kurtis,price_high,7240,0.9136466359159408,0.11610622385769342,5,4.663640525652582,178,Purple,XL,5
885,MAC,Cosmetics,Moisturizer,price_low,350,0.3978843875885297,0.4236984947297199,87,2.600534920872813,4705,Green,Large,6
886,Nike,Footwear,Sports Shoes,price_mid,3820,0.31084689756388745,0.1447007865916785,56,2.2668403055530373,2224,Yellow,UK10,6
887,Adidas,Footwear,Sneakers,price_mid,4680,0.6708594208095214,0.7029668095286478,54,3.6858425441455256,3048,Pink,UK12,6
888,Zara,Clothing,Kurtis,price_mid,2300,0.16726061709986792,0.4950255251787238,10,1.6566202411037945,362,Black,S,7
889,H&M,Clothing,Tshirts,price_mid,1880,0.43326857351383014,0.7004074136594353,76,2.7161923615307693,3730,Green,XL,6
890,Zara,Footwear,Sandals,price_mid,5000,0.7215007594443499,0.5479429095408735,45,3.889767180580883,2840,White,UK8,7
891,Nike,Footwear,Sandals,price_low,1500,0.3193425360545982,0.7011086706537918,75,2.268632760850845,2622,Blue,UK6,3
892,Maybelline,Cosmetics,Sunscreen,price_mid,1210,0.9049674119052952,0.4575325001376419,19,4.626344806191137,594,Green,Medium,6
893,Zara,Footwear,Sneakers,price_mid,2980,0.39544645124018857,0.6512379945004918,79,2.576177347708384,3075,Blue,UK6,4
894,H&M,Accessories,Belts,price_high,4720,0.9387343132505408,0.9741587599655669,69,4.7688965097464555,3767,Red,Small,5
895,Maybelline,Cosmetics,Sunscreen,price_mid,1000,0.3094894516686767,0.033992827823776994,35,2.2539695469156826,1306,White,Medium,6
896,Nike,Footwear,Sandals,price_mid,5000,0.33495232026848626,0.6707358930894647,29,2.31206493105414,1378,White,UK10,3
897,Puma,Footwear,Sneakers,price_low,820,0.2773336045526631,0.6414093276023284,1,,72,Yellow,UK4,5
898,Adidas,Footwear,Sports Shoes,price_mid,4650,0.5641848151064601,0.1810965939161172,11,3.239485249364006,321,Black,UK8,5
899,Adidas,Clothing,Kurtis,price_high,6430,0.8841900329107876,0.4053305150037104,24,4.521913224844453,894,Black,XXL,7
900,H&M,Footwear,Sports Shoes,price_mid,3230,0.7579258453513225,0.7137491242500216,10,3.9714577368569426,609,Blue,UK6,6
901,Puma,Accessories,Watches,price_low,480,0.38366105325539523,0.8005129718355543,6,2.5293136805276912,197,Green,Large,2
902,MAC,Cosmetics,Lipstick,price_mid,1010,0.5899461949805013,0.12471712012699476,55,3.3760419937187014,1827,Brown,Small,4
903,Zara,Accessories,Bags,price_low,700,0.5655916145483844,0.9046195133239167,46,3.2563061297348024,2110,Brown,Medium,2
904,Adidas,Footwear,Sports Shoes,price_high,11040,0.8603041579877716,0.5382094868316527,119,4.446663073564815,4605,Blue,UK4,2
905,Puma,Clothing,Dresses,price_low,390,0.13080129375201613,0.552070626735985,56,1.5060069217858767,1776,Pink,M,6
906,Nike,Footwear,Sports Shoes,price_low,1500,0.20567473283158239,0.40005937558463023,22,1.8065469278961006,747,Pink,UK10,6
907,Puma,Clothing,Jeans,price_low,600,0.6665663371497246,0.6455712258266465,52,3.6565393056490727,2171,Brown,XXL,2
908,Nike,Footwear,Boots,price_mid,2280,0.5381060619786768,0.6036072466336018,89,3.138120730572965,3294,Blue,UK12,1
909,Maybelline,Cosmetics,Foundation,price_low,350,0.2947244832303542,0.778070951053895,26,2.2028696651830115,1256,Yellow,Medium,1
910,Zara,Clothing,Tshirts,price_high,7120,0.5732483475842616,0.12350349259176374,14,3.309449344916024,688,Pink,XXL,7
911,MAC,Cosmetics,Foundation,price_mid,1330,0.40049929740651163,0.2710539669354777,36,2.584357672882148,1049,Red,Small,3
912,Adidas,Accessories,Watches,price_mid,3000,0.21687230079619196,0.5316821377848959,29,1.8928563543337664,1826,Black,Medium,5
913,Nike,Clothing,Jeans,price_low,420,0.281765517355123,0.3788006646004376,21,2.0896046805710307,1778,Red,L,6
914,Maybelline,Cosmetics,Foundation,price_mid,1020,0.186594631346902,0.35400141625455683,56,1.7611947354670991,2829,Pink,Medium,4
915,Adidas,Footwear,Boots,price_low,1290,0.5058922006243559,0.08694228490780775,51,3.010298052056546,1957,Purple,UK4,6
916,H&M,Clothing,Dresses,price_low,290,0.4974479029694299,0.7434094569522951,69,2.9946704568095788,2515,White,S,4
917,SwissBeauty,Cosmetics,Lipstick,price_mid,1050,0.29790862690485514,0.6767741656905452,48,2.177561879088792,3173,Blue,Medium,1
918,Zara,Footwear,Sandals,price_mid,4200,0.6735383312491656,0.7496679525454388,37,3.724050112828962,1708,Brown,UK12,1
919,Zara,Footwear,Sandals,price_high,11640,0.40268510234161975,0.22506857793639745,38,2.604015109736532,1672,Green,UK12,3
920,H&M,Accessories,Watches,price_low,270,0.36074754127417846,0.9140451750089464,0,,0,Brown,Small,3
921,Adidas,Clothing,Tshirts,price_mid,2050,0.7520603094269578,0.21746319475066933,11,3.956876820250893,636,Brown,S,4
922,Levis,Accessories,Bags,price_low,460,0.7285229001667899,0.29835064972857195,40,3.884961301926404,3312,Purple,Large,2
923,Nike,Footwear,Sports Shoes,price_low,1220,0.1957126818760249,0.8985099580415388,37,1.7973390732437946,2743,White,UK4,2
924,MAC,Cosmetics,Foundation,price_low,340,0.018394076603833978,0.8921933858259173,59,1.0985168380879649,3431,Pink,Small,4
925,Maybelline,Cosmetics,Lipstick,price_mid,500,0.6074232464635554,0.8835762655028259,0,,34,Blue,Small,3
926,Libas,Clothing,Kurtis,price_high,3650,0.7539310617794119,0.19899192413967726,5,3.9341689834691373,325,Pink,S,4
927,Puma,Footwear,Sandals,price_low,1260,0.2631369503344927,0.7803374967110643,16,2.067075576870327,592,Black,UK6,1
928,Zara,Accessories,Bags,price_low,220,0.598636070160922,0.6844376641251514,17,3.3941732909823874,585,Purple,Medium,5
929,Maybelline,Cosmetics,Foundation,price_mid,1260,0.29265328177412436,0.24774729920635485,7,2.1027086299069206,188,Brown,Small,2
930,Nike,Clothing,Shirts,price_mid,2170,0.5312645266102137,0.4291589274884198,9,3.1190601649027814,774,Blue,XXL,5
931,Zara,Clothing,Jeans,price_mid,1580,0.4393243027984335,0.13229581267597645,31,2.7253301765197944,1248,Yellow,M,4
932,Puma,Clothing,Dresses,price_low,560,0.5321214587966013,0.7001588615276662,59,3.1471908071013694,4224,Yellow,L,4
933,Adidas,Footwear,Sandals,price_low,1040,0.038385388238669445,0.28055594073980106,46,1.1352857026058973,1515,Black,UK6,3
934,Puma,Accessories,Bags,price_mid,1780,0.3918936685675287,0.2853169699911636,14,2.531039072759106,1395,Blue,Medium,2
935,Libas,Clothing,Shirts,price_low,500,0.18358397058254375,0.6829615127426998,8,1.7320155889413689,724,Green,L,3
936,Maybelline,Cosmetics,Moisturizer,price_mid,970,0.16614787912944046,0.6502483433183055,52,1.666364099756316,1824,Black,Small,1
937,H&M,Clothing,Tshirts,price_mid,2040,0.5858015893829258,0.6543551595316018,87,3.3457897826692546,3639,White,S,1
938,Zara,Accessories,Bags,price_mid,2540,0.5050960845508112,0.5335575544891467,24,3.026731437258456,1172,Green,Small,4
939,Nike,Footwear,Flats,price_high,15000,0.8465165091319972,0.9751261573086644,73,4.377906271148274,3385,White,UK4,4
940,Libas,Clothing,Dresses,price_mid,880,0.41498040921546314,0.5991536622803556,66,2.6764439964692652,4225,Green,L,1
941,Nike,Accessories,Belts,price_low,640,0.25349507284090056,0.4950259006373158,41,2.0077861423407324,2206,Brown,Small,2
942,Adidas,Footwear,Sandals,price_low,1270,0.27483551155621216,0.20692459631015614,15,2.0841013642729718,1533,Yellow,UK12,6
943,Zara,Clothing,Jeans,price_mid,2140,0.25142197764777285,0.2588346176103514,0,,0,Pink,L,5
944,Adidas,Clothing,Jeans,price_low,650,0.5128624069856829,0.9420460006863063,52,3.0556253885465,3091,Green,L,7
945,Maybelline,Cosmetics,Lipstick,price_mid,1080,0.661957173516918,0.0013999614763668955,47,3.6197266788002933,2029,Purple,Medium,1
946,Levis,Accessories,Bags,price_low,630,0.6822566336519182,0.294895338450634,114,3.735407292712509,5000,Red,Medium,2
947,MAC,Cosmetics,Lipstick,price_low,420,0.3862667504449258,0.8679819388552455,54,2.5310621795395094,3907,Blue,Large,6
948,SwissBeauty,Cosmetics,Lipstick,price_mid,1000,0.5862079035049423,0.20615900916492214,98,3.3551525890698137,3884,Purple,Medium,2
949,H&M,Footwear,Flats,price_low,800,0.5381155157179792,0.7262861239455906,10,3.2150953245158367,506,White,UK4,4
950,Puma,Clothing,Dresses,price_low,550,0.7556511710466767,0.729479992243697,52,4.030764948719634,4218,Red,L,2
951,Zara,Accessories,Caps,price_low,340,0.3438188360953413,0.426395030656858,62,2.3709439188184613,2110,Black,Small,6
952,Adidas,Footwear,Flats,price_mid,3630,0.48937887960837134,0.020715915486481107,45,2.9431779846462307,2310,Red,UK6,2
953,MAC,Cosmetics,Sunscreen,price_mid,1900,0.4604833301276914,0.009396172744167486,77,2.84870921850874,3987,Brown,Large,7
954,H&M,Clothing,Tshirts,price_mid,1620,0.5367612170026901,0.4443261982162663,81,3.1542122149558756,3766,Purple,XL,2
955,Levis,Clothing,Shirts,price_mid,1070,0.6523331058783767,0.04452584760498479,5,3.664968545145162,150,Blue,XXL,7
956,Nike,Footwear,Sneakers,price_low,1130,0.6250093849765267,0.353309911901985,86,3.5102127260422673,3065,Black,UK4,4
957,Nike,Clothing,Tshirts,price_high,5790,0.5641427706491695,0.6156967679688691,57,3.2641870658967287,1844,Blue,S,5
958,Libas,Clothing,Shirts,price_low,430,0.28567288469691743,0.8931175520067913,4,,527,Pink,L,1
959,Libas,Clothing,Shirts,price_low,600,0.1860378140045152,0.7986835396019331,69,1.7287605254730516,4122,Green,M,3
960,Libas,Clothing,Kurtis,price_high,5690,0.8450714584373138,0.11316403432073352,102,4.393392317397375,4122,Pink,M,1
961,Puma,Clothing,Kurtis,price_low,550,0.22033235229516132,0.4812885500000479,29,1.8464501453390785,3295,Purple,M,7
962,Levis,Accessories,Watches,price_mid,2090,0.633304030305105,0.49260140607114455,0,,0,Yellow,Medium,1
963,Puma,Footwear,Sandals,price_mid,4130,0.5659786211431264,0.7030933133307861,5,3.3217349734841006,11,Red,UK6,7
964,Levis,Clothing,Dresses,price_high,3790,0.8996071147312343,0.34934753448410727,98,4.5814473323013445,4324,Green,L,4
965,Zara,Clothing,Dresses,price_high,5080,0.8628524874946452,0.8278218077464937,63,4.4388770354491465,2735,Green,S,6
966,Maybelline,Cosmetics,Lipstick,price_high,3530,0.5192463359248705,0.7014017634541528,70,3.0940764078067096,2595,Blue,Medium,7
967,Nike,Footwear,Sneakers,price_low,1020,0.10864510619001119,0.012477700182669915,4,,0,Black,UK6,7
968,H&M,Clothing,Kurtis,price_mid,1380,0.2904483824096805,0.41152248324869134,21,2.176207507381893,1648,Red,L,1
969,Zara,Clothing,Tshirts,price_mid,1900,0.550836321753596,0.010867576274206314,40,3.2015181454343677,2220,White,XXL,6
970,SwissBeauty,Cosmetics,Foundation,price_mid,890,0.7789775046472187,0.15680063718428905,58,4.106302233341415,2142,Brown,Medium,2
971,Maybelline,Cosmetics,Lipstick,price_low,320,0.287481258260094,0.9759873938507906,48,2.1218704093195426,2886,Blue,Large,4
972,Adidas,Footwear,Sports Shoes,price_low,800,0.3296892439712108,0.37147813772147287,0,,0,Pink,UK4,1
973,Levis,Clothing,Dresses,price_low,470,0.4081779768594257,0.5415679149811308,0,,61,Red,L,2
974,Adidas,Footwear,Sneakers,price_low,1500,0.46253816970949946,0.5647968131666968,1,,259,White,UK4,1
975,Zara,Clothing,Tshirts,price_low,490,0.48472487444018,0.39813638851207556,64,2.9362806913939963,3149,Black,L,2
976,MAC,Cosmetics,Foundation,price_mid,1050,0.8072683971377187,0.807494333200605,5,4.183148881768686,241,Black,Medium,5
977,Nike,Accessories,Bags,price_mid,1390,0.47827025747082735,0.6259527213371608,82,2.903104034786466,4788,Yellow,Small,7
978,MAC,Cosmetics,Moisturizer,price_high,5630,0.8475616770835069,0.9922788718992519,67,4.395735111435056,3642,Brown,Medium,4
979,MAC,Cosmetics,Foundation,price_high,5400,0.5029302405601964,0.8906799309906548,6,3.0877273586112985,23,Black,Small,2
980,Zara,Accessories,Belts,price_mid,3000,0.5740778205356918,0.09740604314749268,38,3.3094857185045266,1326,Pink,Large,7
981,Zara,Accessories,Bags,price_low,420,0.1414766812025867,0.9340559713215245,2,,76,Pink,Large,3
982,Nike,Footwear,Sandals,price_mid,5000,0.3187429267356299,0.9784837607743315,7,2.2739187162958676,313,White,UK6,1
983,H&M,Accessories,Watches,price_low,380,0.2569624038348079,0.61968350348726,49,2.0465572835453667,2409,White,Medium,5
984,SwissBeauty,Cosmetics,Foundation,price_mid,940,0.39915023377408015,0.2628274327323482,139,2.6086366047777307,4835,Red,Large,6
985,H&M,Clothing,Kurtis,price_mid,1210,0.3303492356549926,0.10529800721005045,15,2.2936963616044532,1000,Black,S,2
986,Puma,Footwear,Sneakers,price_mid,3870,0.6302354762725921,0.9001265154651533,75,3.538201109060453,4158,Blue,UK6,6
987,Zara,Clothing,Shirts,price_mid,1800,0.4413718009099645,0.06447153029803077,47,2.772876355555671,1906,White,M,6
988,MAC,Cosmetics,Foundation,price_mid,2000,0.46893770872966867,0.14551380008620307,30,2.8491850969573824,1228,Red,Large,7
989,Zara,Footwear,Sports Shoes,price_mid,3680,0.17144088950883518,0.054077515091694006,10,1.6534880305059974,283,Black,UK8,3
990,Nike,Footwear,Sneakers,price_mid,3420,0.39453030985147947,0.7122067023174533,100,2.5592595350796747,4014,Brown,UK6,6
991,Puma,Accessories,Bags,price_high,7880,0.747444060281111,0.9633657690374259,98,3.9762931977196,4061,Yellow,Medium,4
992,Adidas,Footwear,Flats,price_high,11610,0.44952828526317856,0.9125978178747105,124,2.78711191876609,5000,Red,UK12,7
993,Puma,Accessories,Caps,price_mid,1450,0.7942214824545649,0.6640629394826885,107,4.189701631478111,4290,Purple,Small,2
994,Levis,Accessories,Watches,price_low,570,0.6330657053684674,0.6739453107594447,28,3.501967373655982,1988,Red,Medium,7
995,Zara,Accessories,Caps,price_mid,1160,0.6081581648764867,0.7457075415479539,47,3.4083608249561115,2155,Brown,Small,5
996,Puma,Footwear,Boots,price_high,11440,0.6755836838198865,0.014371017890098758,33,3.7241392422240778,3117,Red,UK8,3
997,H&M,Footwear,Sandals,price_mid,3010,0.6011097169991756,0.4103868108371569,8,3.3945990398740986,366,Brown,UK10,5
998,Adidas,Accessories,Belts,price_mid,2030,0.39340756396522375,0.552753572127907,2,,0,Black,Medium,3
999,Maybelline,Cosmetics,Foundation,price_low,280,0.4030192718908201,0.9251355968854037,102,2.594075672194838,3779,Blue,Small,1
1000,Adidas,Footwear,Sports Shoes,price_mid,4520,0.442339090175643,0.9272289093191455,31,2.763421276750315,2918,White,UK12,5
1001,Maybelline,Cosmetics,Sunscreen,price_low,310,0.4320111858660026,0.5515879122993337,34,2.7227460392863927,2658,White,Small,3
1002,Levis,Accessories,Watches,price_mid,2330,0.2974650049437293,0.741153056888346,31,2.2166187328946814,2111,Purple,Small,5
1003,Zara,Clothing,Shirts,price_mid,2250,0.3738169442853807,0.41471652443186047,6,2.460454424547642,97,Black,S,1
1004,H&M,Clothing,Dresses,price_mid,1790,0.7692246082664468,0.3174709628156568,84,4.077814572374625,3998,Black,M,5
1005,Puma,Accessories,Caps,price_mid,2500,0.8293597895591237,0.5778536157988193,95,4.303350804995722,3974,Black,Large,2
1006,Puma,Footwear,Sneakers,price_low,1230,0.2612883584123329,0.12633028257084666,21,2.05401731397685,835,Black,UK8,7
1007,Zara,Footwear,Sneakers,price_low,1110,0.04644600302520566,0.6288941261919754,53,1.171663451297221,2568,Red,UK12,6
1008,Zara,Footwear,Sandals,price_low,1310,0.28253405134016635,0.9834141914077569,19,2.1655925340922098,540,Purple,UK6,2
1009,MAC,Cosmetics,Lipstick,price_mid,1810,0.6735067872727959,0.8070973961505904,60,3.71825907042294,2752,Pink,Large,1
1010,Zara,Clothing,Jeans,price_mid,1980,0.12433237379487735,0.1034192302147412,30,1.5187795831308308,1514,Blue,S,2
1011,Zara,Clothing,Tshirts,price_mid,1750,0.29450754928565825,0.8383158833382461,54,2.180006029913744,4001,White,S,4
1012,Zara,Clothing,Tshirts,price_mid,1770,0.7772706415115828,0.31358493591511094,1,,79,Green,M,3
1013,Puma,Clothing,Jeans,price_mid,1110,0.6406318891696261,0.9759158741147104,79,3.5605449801432516,5000,White,XXL,5
1014,Nike,Footwear,Sandals,price_high,9730,0.9258966774753536,0.029555242776529322,69,4.727364028384424,2925,Brown,UK6,2
1015,Nike,Accessories,Bags,price_low,400,0.17441522414151298,0.7277438990146049,0,,241,Pink,Medium,4
1016,Nike,Clothing,Kurtis,price_mid,1950,0.7053821149104615,0.809011731265498,12,3.8426184740334555,365,Black,M,3
1017,Levis,Clothing,Dresses,price_low,510,0.482508844041462,0.5836482554164024,81,2.926244181423854,3367,Pink,M,7
1018,H&M,Clothing,Shirts,price_mid,1650,0.6480480654834548,0.27167392384925626,46,3.5765912172398995,3461,Blue,XXL,4
1019,Adidas,Footwear,Sports Shoes,price_mid,2550,0.705382672901091,0.16724905289299552,27,3.7881158819274443,1154,Brown,UK8,5
1020,Adidas,Footwear,Flats,price_high,12190,0.6539477311461127,0.398306668027788,46,3.619097005847435,3228,Purple,UK10,7
1021,Adidas,Clothing,Tshirts,price_low,430,0.47135099565469907,0.31445289494323436,24,2.9159049964216273,1087,Red,L,2
1022,H&M,Footwear,Flats,price_mid,2880,0.3987013970986737,0.6018019110871491,10,2.6521201108971626,298,Blue,UK12,3
1023,SwissBeauty,Cosmetics,Sunscreen,price_mid,980,0.6138517882743164,0.646270114345477,19,3.4156182444537384,601,Black,Medium,7
1024,Puma,Clothing,Kurtis,price_mid,2500,0.5692221442492019,0.4212372460906134,24,3.2688786400429533,1845,Green,XXL,3
1025,Nike,Footwear,Sneakers,price_low,1410,0.40291143756515857,0.5757587402161566,4,,287,White,UK8,2
1026,Maybelline,Cosmetics,Sunscreen,price_high,2290,0.7381157974868604,0.6447756664177201,42,3.935482111950484,2383,Blue,Medium,6
1027,Adidas,Clothing,Shirts,price_low,720,0.48927969444797825,0.4938186005675841,7,2.9652580284126464,238,Pink,XL,4
1028,SwissBeauty,Cosmetics,Lipstick,price_low,240,0.04226478616892891,0.02928818184148041,6,1.1918585256510725,234,Red,Small,1
1029,Levis,Accessories,Caps,price_low,290,0.25019297392265866,0.724107912944827,32,2.0298520970673057,2100,Brown,Small,6
1030,Puma,Accessories,Caps,price_low,670,0.14108660774240442,0.07504217523133105,28,1.5968874782073836,1117,Black,Medium,6
1031,Puma,Clothing,Jeans,price_low,710,0.46827185338578164,0.753034826994913,83,2.87812651303973,5000,Black,XL,6
1032,Levis,Clothing,Jeans,price_mid,2500,0.5718582848608558,0.32191136309984303,38,3.2786100765719195,2764,Yellow,S,3
1033,SwissBeauty,Cosmetics,Foundation,price_mid,770,0.41056850674668965,0.6471342722719033,5,2.6473793924127595,386,Blue,Small,4
1034,Nike,Clothing,Tshirts,price_mid,1590,0.7943638006775571,0.10453471795059843,83,4.1804909120364036,2969,Brown,XXL,7
1035,Zara,Clothing,Kurtis,price_mid,2340,0.614408125221064,0.105660475150684,41,3.458411789472573,1568,Purple,XL,4
1036,H&M,Accessories,Caps,price_low,340,0.11194054486836968,0.16419632499118142,3,,46,Blue,Small,4
1037,Zara,Accessories,Bags,price_high,6620,0.4524319606491475,0.02858624962151357,46,2.8347713706262914,2940,White,Medium,3
1038,Levis,Clothing,Shirts,price_low,510,0.37722648421142196,0.43084842345064,36,2.529537484153383,2322,White,L,3
1039,Levis,Clothing,Kurtis,price_mid,1600,0.42256655450519554,0.40269210321191773,0,,1,Brown,XXL,4
1040,Nike,Footwear,Sneakers,price_low,880,0.43797462566201956,0.11518790612472418,18,2.796447595253946,541,Pink,UK6,1
1041,Nike,Footwear,Flats,price_mid,3690,0.7725942498575215,0.3928854249514957,58,4.091661144539579,4186,Pink,UK10,2
1042,Puma,Clothing,Jeans,price_mid,1590,0.452886993048035,0.0031068704593372187,8,2.8096259285389724,382,White,L,7
1043,Puma,Accessories,Bags,price_low,350,0.26508848700362286,0.899869221860292,6,2.120406845343857,98,Red,Large,4
1044,Nike,Footwear,Boots,price_high,9510,0.7113846028195265,0.7602607522390012,64,3.8347039780467984,2751,Purple,UK10,5
1045,Zara,Clothing,Jeans,price_low,290,0.21317643821838267,0.6800462602854751,77,1.8460298900743113,3342,Yellow,XXL,5
1046,Puma,Clothing,Tshirts,price_low,640,0.7218957265721186,0.45261635251836363,40,3.906958515499038,2504,Brown,L,6
1047,Puma,Footwear,Sneakers,price_low,1230,0.4407453883690084,0.8913724163013029,69,2.7500889858759683,2896,White,UK4,3
1048,SwissBeauty,Cosmetics,Lipstick,price_high,4240,0.27802325487699286,0.6593669130957652,19,2.1362869304876155,1155,White,Small,2
1049,Adidas,Footwear,Sports Shoes,price_low,850,0.35505833789869623,0.920647255739677,78,2.4327514155612358,5000,Blue,UK8,6
1050,SwissBeauty,Cosmetics,Foundation,price_high,3430,0.7231645040813842,0.2653093331331561,68,3.903427623680758,5000,Purple,Medium,5
1051,Zara,Footwear,Sports Shoes,price_low,1160,0.150459939717119,0.3432744431061414,38,1.6246699457215639,3145,Black,UK10,5
1052,Zara,Accessories,Bags,price_high,8620,0.5253657040775465,0.6855266999239555,6,3.084840573056152,476,Green,Large,3
1053,Adidas,Footwear,Sports Shoes,price_low,1420,0.5758632363341958,0.015592399640814825,5,3.223603564348348,0,Pink,UK12,1
1054,Adidas,Clothing,Shirts,price_mid,1000,0.12169897286950496,0.25143346293061064,0,,0,Pink,XXL,6
1055,H&M,Accessories,Belts,price_mid,1250,0.08243357787999792,0.7330531343573884,51,1.3439333700777505,1910,Blue,Medium,2
1056,Zara,Clothing,Shirts,price_mid,1780,0.10869991496538801,0.3991136026897043,46,1.454470754153551,1968,Pink,L,5
1057,Levis,Clothing,Kurtis,price_low,580,0.403409945531584,0.6833211836789574,37,2.5844085862203343,1709,Green,XL,5
1058,Adidas,Clothing,Shirts,price_high,6170,0.8672838330658127,0.183372172534212,12,4.446358583605903,619,Black,S,2
1059,Adidas,Footwear,Sports Shoes,price_mid,3580,0.3189921556106356,0.354193847087541,39,2.27031815001409,1649,Black,UK10,1
1060,Nike,Accessories,Caps,price_low,350,0.17302343529459877,0.9068487830638139,2,,26,Brown,Medium,2
1061,Zara,Footwear,Flats,price_low,1400,0.28600431090784273,0.12593584062860996,9,2.192500310420698,206,White,UK12,4
1062,MAC,Cosmetics,Lipstick,price_high,3950,0.606786871529153,0.5943396843776036,18,3.380286362010711,680,White,Large,3
1063,Nike,Accessories,Watches,price_mid,2560,0.37299611950313005,0.7015726656098995,134,2.5092505542172274,4806,Brown,Large,4
1064,Zara,Clothing,Jeans,price_low,620,0.39659547199131673,0.7191420420196549,110,2.5793283993909086,5000,White,XXL,6
1065,Nike,Clothing,Tshirts,price_high,6370,0.8199724023715095,0.24720608595232407,7,4.347403716516612,570,Red,XXL,4
1066,Zara,Footwear,Sports Shoes,price_mid,2950,0.7799543041059898,0.23492785425276153,109,4.123349303546134,5000,Pink,UK12,6
1067,Adidas,Footwear,Sneakers,price_low,720,0.1869992344755247,0.14168618484251272,5,1.7685048688037472,158,Yellow,UK6,5
1068,Maybelline,Cosmetics,Foundation,price_low,290,0.19662611099573848,0.9590914144274875,117,1.8019442639217542,4167,Pink,Medium,4
1069,MAC,Cosmetics,Foundation,price_mid,850,0.22755799806553317,0.4570822799215204,3,,198,Red,Large,3
1070,Levis,Clothing,Jeans,price_mid,2350,0.44802413606730096,0.354726873061035,35,2.7605872546211265,2871,White,L,1
1071,Adidas,Accessories,Belts,price_mid,1990,0.6746269228636813,0.7062246168036435,56,3.704307506977885,1973,Blue,Small,6
1072,Levis,Clothing,Jeans,price_mid,2250,0.2768360876014863,0.1400392970319102,23,2.1300927846009827,1395,Pink,XL,1
1073,Zara,Accessories,Watches,price_mid,2360,0.4867623188238777,0.576038954470308,101,2.9337970428813263,4394,Brown,Medium,2
1074,Maybelline,Cosmetics,Moisturizer,price_mid,1330,0.6590253455187275,0.06756997141934284,21,3.636912191654348,2063,Green,Small,1
1075,Maybelline,Cosmetics,Moisturizer,price_low,200,0.2990859707377087,0.7717433185022732,4,,381,Yellow,Small,2
1076,Maybelline,Cosmetics,Sunscreen,price_high,2450,0.7462355278618036,0.2504838490074409,51,3.9821633999280572,1791,Blue,Medium,7
1077,Adidas,Footwear,Sneakers,price_low,880,0.13833213810707815,0.44950963093063934,4,,901,Brown,UK6,2
1078,Libas,Clothing,Shirts,price_low,330,0.24363944226731327,0.8138377407828676,50,1.9825690059846601,3029,Yellow,S,5
1079,Zara,Clothing,Tshirts,price_low,410,0.3068623424860268,0.005236285623617443,85,2.2381259129213795,3405,Brown,S,3
1080,H&M,Clothing,Dresses,price_mid,1560,0.2567941114916433,0.8324029088577238,86,2.023316750436466,3054,White,XXL,3
1081,Zara,Footwear,Flats,price_mid,3610,0.2906585729882569,0.6254707006820903,1,,195,Blue,UK6,7
1082,Nike,Footwear,Sports Shoes,price_low,1220,0.5566217004841605,0.022542478323140824,7,3.2164397689347535,323,Pink,UK8,4
1083,MAC,Cosmetics,Sunscreen,price_high,3710,0.9037335032560798,0.5753558743104219,22,4.573309086267675,825,Brown,Medium,4
1084,Adidas,Footwear,Flats,price_mid,5000,0.4271682525158935,0.984933929615118,21,2.7473965315221998,684,Red,UK8,4
1085,Adidas,Clothing,Kurtis,price_low,620,0.059974759813215525,0.7338726694107738,67,1.2464383007830324,4285,Red,M,4
1086,Zara,Clothing,Dresses,price_mid,2210,0.821868288253217,0.03536207486574028,79,4.271877491999121,3414,Black,XXL,6
1087,Nike,Footwear,Sandals,price_high,10410,0.7925100244741966,0.04174097704933,61,4.164387321751486,2216,Brown,UK6,6
1088,Puma,Footwear,Flats,price_high,9210,0.709274986990995,0.9312465344023447,37,3.8509349544361453,2328,Yellow,UK12,5
1089,Zara,Accessories,Caps,price_mid,1230,0.6015583362098467,0.7656815154643938,56,3.428425453537215,2919,Black,Large,4
1090,Nike,Footwear,Sneakers,price_mid,5000,0.11410401058327944,0.3517890959504666,4,,30,Red,UK6,2
1091,Nike,Clothing,Shirts,price_mid,2370,0.4015476265575931,0.5362175745371626,29,2.5817538059722174,1672,Red,M,7
1092,Nike,Clothing,Shirts,price_low,530,0.18575076016627562,0.6024160135925483,57,1.768597267934309,2368,Pink,M,5
1093,Adidas,Footwear,Sandals,price_low,1500,0.47387522862624387,0.20586096119082897,30,2.8909973771910087,1767,Purple,UK6,4
1094,SwissBeauty,Cosmetics,Sunscreen,price_low,250,0.43842708869983243,0.5268441877736038,75,2.761299538704152,2883,Brown,Large,1
1095,Zara,Clothing,Kurtis,price_mid,1650,0.6266006376226047,0.203554935098061,2,,287,Brown,M,3
1096,MAC,Cosmetics,Foundation,price_mid,1120,0.7469443550922965,0.977909700834045,51,3.9740006470519926,3238,White,Small,1
1097,Nike,Footwear,Sports Shoes,price_low,1450,0.06836322044783313,0.08449329480320245,13,1.2507766406954333,686,Black,UK10,1
1098,Adidas,Accessories,Bags,price_low,380,0.4598316902106754,0.4310849646664555,18,2.8611258088458236,1146,Pink,Small,5
1099,SwissBeauty,Cosmetics,Sunscreen,price_mid,840,0.49454057191327616,0.8281575657982347,95,2.975806190883458,3367,Yellow,Small,3
1100,Maybelline,Cosmetics,Sunscreen,price_mid,1460,0.37973609759254784,0.7524007190549268,54,2.5134218096812386,2012,Brown,Medium,6
1101,Adidas,Accessories,Belts,price_mid,2110,0.395999060487946,0.7192201954744983,135,2.591723562450219,5000,Pink,Small,4
1102,Zara,Footwear,Sneakers,price_high,10060,0.7232405214377392,0.6825987320465388,12,3.903328941086349,316,Yellow,UK12,3
1103,Libas,Clothing,Jeans,price_low,500,0.23811737210759093,0.782426287628942,6,1.8935280904890994,397,Red,S,3
1104,Puma,Footwear,Sports Shoes,price_low,1080,0.3215916291896567,0.43990927941255786,2,,0,Purple,UK10,6
1105,MAC,Cosmetics,Lipstick,price_high,4820,0.9310712971096728,0.6103285219628205,1,,306,Blue,Medium,2
1106,H&M,Clothing,Shirts,price_mid,1300,0.34469029982824656,0.17449531813637742,1,,233,Red,M,1
1107,MAC,Cosmetics,Foundation,price_mid,1370,0.5747534341903069,0.5534077265661783,67,3.303424218155253,3415,Pink,Medium,1
1108,SwissBeauty,Cosmetics,Foundation,price_mid,1000,0.19977270056142757,0.34972965053590743,11,1.7493856115631197,355,White,Small,5
1109,Puma,Clothing,Jeans,price_mid,2000,0.5926098234662538,0.07139317424511182,17,3.357346803031369,647,Pink,M,1
1110,H&M,Clothing,Shirts,price_mid,1700,0.8598288816724482,0.4706850345617498,118,4.43659914880496,5000,Red,M,3
1111,Zara,Clothing,Dresses,price_low,610,0.3350957469367812,0.8080342137299907,50,2.3343432039482503,2594,Brown,XXL,6
1112,Puma,Clothing,Kurtis,price_low,640,0.3011208899147421,0.38108966322699056,46,2.2283743537899614,2578,Blue,S,2
1113,Zara,Footwear,Sandals,price_mid,3820,0.36837129433356314,0.12124237304624219,45,2.482133175278937,1996,Red,UK12,4
1114,Maybelline,Cosmetics,Foundation,price_low,270,0.1922797331617964,0.9110695216359868,72,1.7824858914614592,3668,Purple,Small,4
1115,Zara,Clothing,Kurtis,price_mid,2500,0.47655434336685853,0.40992581368894243,0,,75,Brown,XXL,1
1116,Zara,Accessories,Caps,price_mid,2020,0.35762825472581933,0.5693422543095134,0,,135,Green,Large,2
1117,Maybelline,Cosmetics,Moisturizer,price_low,210,0.6960409427494882,0.28688518957474674,65,3.7863236810248093,2823,Blue,Medium,4
1118,Nike,Footwear,Sports Shoes,price_high,9780,0.9003535644305553,0.17991571036283438,64,4.583467247696835,2893,Green,UK4,4
1119,Levis,Clothing,Dresses,price_mid,1350,0.24531599121223788,0.03407566870643608,0,,119,Green,S,2
1120,Adidas,Footwear,Sports Shoes,price_mid,2860,0.7071042167710412,0.6969286989937781,67,3.8446780437360095,2960,Pink,UK4,3
1121,Levis,Accessories,Watches,price_mid,3000,0.6678571750259717,0.04523769821042223,34,3.6759776398115,2375,Purple,Medium,4
1122,Adidas,Footwear,Sports Shoes,price_mid,4370,0.6948997334937014,0.7334431348998157,40,3.7693147536323,2534,Brown,UK4,2
1123,Zara,Accessories,Watches,price_mid,1960,0.7034007472005552,0.4385870410257746,10,3.796694735996346,391,Pink,Small,2
1124,Libas,Clothing,Jeans,price_high,4930,0.6387510512345592,0.8440654272440341,79,3.561284617801639,2738,Purple,XL,3
1125,SwissBeauty,Cosmetics,Lipstick,price_high,4340,0.8524229647397005,0.7309848830899647,52,4.4269826183409835,3203,Pink,Large,5
1126,Libas,Clothing,Tshirts,price_low,450,0.3814831972184535,0.2236333629887488,8,2.569156377362394,124,Pink,XXL,7
1127,Adidas,Clothing,Shirts,price_low,620,0.30149403344864695,0.5086981710408981,11,2.2420326576923912,265,Red,XXL,5
1128,MAC,Cosmetics,Sunscreen,price_low,280,0.6182445889917322,0.9418059583595377,6,3.410199027774789,967,White,Large,2
1129,MAC,Cosmetics,Lipstick,price_mid,1980,0.24194652559815039,0.44440506315886785,59,1.9583941716399573,2254,Pink,Small,7
1130,Adidas,Clothing,Kurtis,price_high,7530,0.6665232206053927,0.744277535329165,67,3.6849845105204246,3139,Blue,L,2
1131,Nike,Footwear,Sandals,price_mid,4600,0.6118956250234946,0.706809801518452,1,,253,Red,UK10,1
1132,Zara,Accessories,Bags,price_mid,2360,0.11060142955141262,0.8775735320603907,52,1.465359004835772,2314,Red,Small,2
1133,H&M,Footwear,Sneakers,price_low,940,0.46658474556275326,0.4845071719130043,28,2.896991105585172,2431,White,UK8,2
1134,Zara,Clothing,Dresses,price_high,6960,0.8253773456451128,0.0031977104717402227,22,4.281995358578672,1472,Brown,XXL,2
1135,MAC,Cosmetics,Moisturizer,price_mid,1690,0.43775294287011557,0.2347157868572669,46,2.776254349935917,2017,Brown,Large,2
1136,Levis,Accessories,Belts,price_mid,2020,0.5615885283901116,0.6300274982468043,110,3.2524989102076765,3693,Brown,Medium,3
1137,Nike,Clothing,Dresses,price_mid,1730,0.08704063954724306,0.9693621430335411,0,,0,Black,S,2
1138,Puma,Footwear,Sneakers,price_mid,4020,0.30915175138665724,0.7736817813081401,12,2.2449378094088632,434,White,UK12,4
1139,MAC,Cosmetics,Lipstick,price_low,490,0.45932899065420824,0.4090058212042097,0,,0,Purple,Medium,6
1140,Libas,Clothing,Shirts,price_low,610,0.19865657109487722,0.26831723366309246,27,1.824844209536325,2886,Purple,S,3
1141,Nike,Footwear,Flats,price_mid,4610,0.39374584452241856,0.11031562051085964,82,2.5675909872807603,2715,Purple,UK6,5
1142,Zara,Footwear,Sneakers,price_low,1340,0.41009072794875767,0.33328808033636625,65,2.62830603791513,3387,Brown,UK4,6
1143,Puma,Clothing,Jeans,price_high,7080,0.8793347926128842,0.39552628889473396,30,4.496837236064453,2344,Pink,M,3
1144,Puma,Clothing,Kurtis,price_high,3560,0.7542284854340526,0.020028373264683763,71,3.993446621146562,2972,Blue,XXL,4
1145,MAC,Cosmetics,Foundation,price_low,410,0.37393947517021187,0.6880700308629031,1,,132,Blue,Medium,6
1146,H&M,Footwear,Flats,price_high,6610,0.4567948905724901,0.5045096630015438,58,2.816685141675434,2195,Black,UK4,1
1147,Maybelline,Cosmetics,Sunscreen,price_low,270,0.20429393036975232,0.3911238997748797,0,,20,Pink,Medium,4
1148,Nike,Footwear,Sports Shoes,price_low,1040,0.059869577124597326,0.6560507087126461,4,,159,Pink,UK10,1
1149,Libas,Clothing,Shirts,price_low,510,0.30099351523302226,0.5065935048804733,25,2.2114662672878342,2254,White,XL,3
1150,SwissBeauty,Cosmetics,Foundation,price_mid,500,0.6845557890922487,0.7712057920702959,25,3.7614427144410865,705,White,Large,1
1151,Puma,Footwear,Flats,price_high,7900,0.6277825114121739,0.16925571268559847,90,3.5233280236125806,3252,White,UK12,2
1152,Libas,Clothing,Kurtis,price_mid,1820,0.35818383792974107,0.7605815994175505,49,2.4285452934684386,1601,White,L,4
1153,Adidas,Clothing,Tshirts,price_low,620,0.5401962192773709,0.4065342833953195,12,3.2137572973422155,240,Yellow,XXL,7
1154,Puma,Footwear,Boots,price_low,1080,0.365121264981853,0.4829963334979944,18,2.4977938215153928,1416,Blue,UK4,4
1155,Maybelline,Cosmetics,Moisturizer,price_low,300,0.38281549942335746,0.1661969736022324,21,2.5402794486001463,1602,Blue,Small,4
1156,Adidas,Footwear,Sports Shoes,price_low,1500,0.17528281898020145,0.4181473433927123,4,,340,Blue,UK10,3
1157,SwissBeauty,Cosmetics,Lipstick,price_low,300,0.6098851387972338,0.5638103831575864,33,3.4584568734528798,1823,Pink,Large,6
1158,Levis,Clothing,Kurtis,price_mid,1540,0.3793004809650494,0.4628801659540618,8,2.4710121929951354,380,Green,M,5
1159,Maybelline,Cosmetics,Foundation,price_low,250,0.48277043811259085,0.9933103172255764,38,2.9535558289610977,1439,Yellow,Small,6
1160,Libas,Clothing,Tshirts,price_mid,1560,0.4344043806069698,0.06677200161257968,86,2.7502586304685344,3764,Yellow,L,6
1161,Puma,Clothing,Shirts,price_high,5540,0.5295689433748374,0.7293231137525313,15,3.111157957866706,622,Black,L,5
1162,Adidas,Footwear,Sneakers,price_low,1360,0.09821460431160935,0.2799855334932003,3,,98,Blue,UK6,7
1163,Adidas,Footwear,Sports Shoes,price_mid,4860,0.5710820851866878,0.604775207320135,2,,419,White,UK6,2
1164,Adidas,Clothing,Tshirts,price_high,6700,0.6698841856463615,0.143333331978458,27,3.6508500380156828,2687,Red,L,1
1165,Nike,Accessories,Watches,price_mid,2470,0.35349824847667144,0.3270893641006821,87,2.419323125772276,3331,Blue,Small,5
1166,Adidas,Footwear,Sandals,price_low,1460,0.3779693760069192,0.31697192438457533,22,2.5261767866153337,1356,Yellow,UK6,6
1167,SwissBeauty,Cosmetics,Sunscreen,price_mid,930,0.35956444866510145,0.7889650557230341,52,2.4267463252111336,3948,Brown,Medium,6
1168,Nike,Clothing,Shirts,price_mid,2170,0.4696924764384185,0.7284915031796539,45,2.8725699956290627,2030,Brown,M,4
1169,Zara,Footwear,Boots,price_low,1060,0.4810630402236849,0.19488860670935015,49,2.918742987795605,1988,Purple,UK4,3
1170,H&M,Accessories,Bags,price_low,450,0.5832991644460318,0.6416740602160608,3,,241,Pink,Medium,6
1171,Levis,Clothing,Tshirts,price_mid,1790,0.6160466468042121,0.6075462671536213,48,3.4771183248003745,2203,Green,XL,6
1172,Zara,Accessories,Caps,price_low,250,0.2560636506453483,0.8942651354768161,25,2.007367747845698,2073,Green,Small,1
1173,H&M,Footwear,Sneakers,price_mid,2010,0.1889916414398679,0.09747546060301582,2,,35,Yellow,UK12,6
1174,H&M,Clothing,Dresses,price_low,540,0.4796352969232517,0.9057247488667836,24,2.9129274300504373,2682,Purple,XXL,1
1175,H&M,Accessories,Belts,price_mid,1060,0.36978644447171993,0.825047543356516,120,2.490832693510881,5000,Pink,Small,2
1176,Nike,Footwear,Sneakers,price_mid,3040,0.4335686440239128,0.7468284282246531,73,2.7564627959373382,3751,Red,UK8,3
1177,Nike,Footwear,Sports Shoes,price_mid,2670,0.394875942589214,0.9302728508636755,26,2.5491884946356054,1821,Blue,UK6,6
1178,Adidas,Clothing,Jeans,price_low,450,0.2466599875637366,0.010438704621239303,11,1.9515542620954371,409,White,S,6
1179,Adidas,Accessories,Caps,price_high,11590,0.5420158703573492,0.7474084329294602,87,3.159249176789734,3646,Pink,Small,4
1180,MAC,Cosmetics,Lipstick,price_low,290,0.476521271886057,0.18824529106020493,39,2.9132620071510487,2379,Green,Medium,3
1181,MAC,Cosmetics,Foundation,price_mid,1410,0.46883600821073185,0.6418259108293259,36,2.8681411088524045,2719,Green,Small,7
1182,Nike,Footwear,Sandals,price_high,11590,0.6704611368665748,0.6460079834677899,40,3.69467396000974,3266,Pink,UK6,3
1183,Maybelline,Cosmetics,Sunscreen,price_mid,700,0.9634682707856331,0.7734089956486373,26,4.88628595020371,762,White,Medium,1
1184,H&M,Accessories,Caps,price_mid,1720,0.4494014468319722,0.3229909566959943,30,2.7620105845629994,1369,Red,Medium,6
1185,Libas,Clothing,Dresses,price_low,440,0.5814248324107383,0.33667184150130525,66,3.3252912849687575,3024,Green,L,3
1186,Levis,Clothing,Kurtis,price_mid,1930,0.8899218771853549,0.5935747517344743,64,4.551461339269463,2501,Black,XL,7
1187,H&M,Clothing,Jeans,price_mid,1480,0.8340211926688201,0.04012896843825031,43,4.342498384552907,4265,Yellow,XXL,1
1188,Adidas,Footwear,Boots,price_mid,2300,0.34937319629710384,0.5122043502806479,103,2.38225673420591,3774,Brown,UK6,5
1189,MAC,Cosmetics,Foundation,price_high,7000,0.7754545057703637,0.3092735394303756,73,4.106303392481836,3387,Purple,Medium,4
1190,Nike,Clothing,Tshirts,price_high,5560,0.5072381693987607,0.08037527043069637,50,3.0259250108413958,2549,Yellow,XL,1
1191,MAC,Cosmetics,Moisturizer,price_mid,720,0.7207631443208706,0.15932980436617028,44,3.872783835092265,1453,Brown,Large,4
1192,SwissBeauty,Cosmetics,Moisturizer,price_mid,1070,0.3307343427574527,0.7630561733018587,42,2.3529181849284053,1635,Green,Medium,7
1193,H&M,Accessories,Watches,price_low,450,0.38841905003799965,0.8726837964698109,65,2.552177963541605,3296,Brown,Small,3
1194,Adidas,Footwear,Sandals,price_low,1270,0.39446474376261353,0.7678439262148558,0,,120,Purple,UK12,7
1195,Levis,Clothing,Shirts,price_low,440,0.4380825658724735,0.4999496876297187,19,2.7871829235062253,1505,Pink,XL,1
1196,Levis,Clothing,Shirts,price_low,510,0.3946251349030981,0.821275014286131,62,2.5980638924183532,2038,Black,M,2
1197,Adidas,Footwear,Sneakers,price_mid,3550,0.19406459213311844,0.7326706580922386,27,1.7448054325912699,2601,Black,UK4,2
1198,Levis,Clothing,Shirts,price_mid,1800,0.40278855637182776,0.9599210520848254,29,2.623181172550726,1889,Red,L,4
1199,Levis,Clothing,Jeans,price_mid,1770,0.6359337610049215,0.37282531545313835,4,,238,Purple,XXL,3
1200,Puma,Clothing,Shirts,price_mid,2270,0.5543076016792207,0.08000911139240274,33,3.20590348914939,1559,Pink,M,5
1201,SwissBeauty,Cosmetics,Foundation,price_low,190,0.39781619091642545,0.12155144563240339,74,2.60751515824458,2731,Purple,Small,5
1202,MAC,Cosmetics,Foundation,price_low,470,0.37048258814109036,0.5427484979274535,58,2.4819700215371885,3503,Purple,Medium,1
1203,Puma,Footwear,Sneakers,price_low,1250,0.5624672263533188,0.5312685350975417,69,3.25774013327738,2728,Green,UK4,5
1204,H&M,Clothing,Jeans,price_mid,1360,0.5402211121983284,0.971852775350443,7,3.147463287553088,258,Yellow,XXL,5
1205,Nike,Footwear,Sports Shoes,price_low,1500,0.38763798461163357,0.6378144831394886,113,2.5577216823605755,4101,Black,UK12,6
1206,Zara,Clothing,Kurtis,price_mid,1130,0.49522458322347707,0.9503588806596922,4,,133,Blue,XL,1
1207,Maybelline,Cosmetics,Sunscreen,price_mid,1090,0.7822010619348412,0.7937234658282428,47,4.107180108803848,3102,Red,Medium,5
1208,Adidas,Footwear,Sports Shoes,price_mid,4600,0.5060464225820691,0.276853811007463,60,3.043646583874086,2618,Black,UK6,6
1209,Nike,Clothing,Tshirts,price_mid,2160,0.45178545215106347,0.27476865997205135,52,2.823639585843324,1607,Purple,S,2
1210,H&M,Clothing,Tshirts,price_mid,1780,0.4812467331391582,0.6093161540253086,50,2.9351813402884477,2163,Black,XXL,3
1211,Puma,Footwear,Sandals,price_low,990,0.3964615416027055,0.8226287025539805,8,2.6357836579682505,394,White,UK6,5
1212,Maybelline,Cosmetics,Lipstick,price_low,330,0.13252734212315323,0.9677236086026468,41,1.5311233116125684,1966,Brown,Medium,1
1213,Zara,Clothing,Shirts,price_low,500,0.2641683962250507,0.6745013703955718,13,2.09070053330412,357,Green,XXL,3
1214,Puma,Footwear,Flats,price_mid,3100,0.3038996274135253,0.7440520189013844,89,2.205864935808474,5000,Black,UK12,2
1215,Zara,Footwear,Sneakers,price_low,950,0.12701399168744124,0.11063276656527077,14,1.5431740631639854,607,Green,UK10,5
1216,Adidas,Footwear,Sports Shoes,price_mid,3480,0.7846342631018142,0.36317468159106114,49,4.143118559252773,3255,Purple,UK12,5
1217,Nike,Footwear,Sports Shoes,price_mid,3390,0.5389067144579042,0.9245503280271286,10,3.1311357809723632,368,Green,UK10,3
1218,H&M,Clothing,Kurtis,price_mid,1730,0.5109555698544342,0.09832308727021077,69,3.033894633828853,3047,Black,XL,4
1219,Nike,Clothing,Tshirts,price_mid,1980,0.22570426632441537,0.0805058151451361,30,1.9087695906050242,1438,Black,S,3
1220,Nike,Footwear,Sandals,price_mid,5000,0.4893864826642782,0.022719515435139614,21,2.9471858739598655,1918,Black,UK12,5
1221,Levis,Accessories,Bags,price_low,620,0.32349215509675916,0.17521099352962433,25,2.3040131355648357,1671,Yellow,Medium,2
1222,Zara,Clothing,Tshirts,price_mid,1600,0.6701871189703312,0.6032489869270711,96,3.693839993588058,5000,Green,XL,5
1223,H&M,Footwear,Flats,price_high,12220,0.36985560082569074,0.24486345397094056,39,2.4926247952679628,3038,Blue,UK4,6
1224,Levis,Clothing,Dresses,price_high,7210,0.5658739308568027,0.07036561357261784,88,3.2553843949217347,3169,Pink,XXL,1
1225,Maybelline,Cosmetics,Sunscreen,price_mid,1020,0.4154984064863622,0.8277538323851805,28,2.6366591768873024,2087,Black,Large,7
1226,Libas,Clothing,Dresses,price_mid,1440,0.5420232252558221,0.7874235296551648,76,3.160999213376985,2773,Pink,XXL,7
1227,SwissBeauty,Cosmetics,Foundation,price_mid,670,0.6743827280062868,0.2430686711933694,36,3.726989248701631,3686,Pink,Small,3
1228,Nike,Footwear,Flats,price_mid,3270,0.7126260940633251,0.25999955343040004,50,3.869507111453442,2749,White,UK8,7
1229,Nike,Footwear,Sports Shoes,price_low,920,0.40494681216997236,0.5217792934807421,8,2.590703687475805,338,Purple,UK12,3
1230,MAC,Cosmetics,Moisturizer,price_mid,1360,0.5930917973687191,0.7130788373936887,44,3.393235779800907,3029,Green,Large,7
1231,MAC,Cosmetics,Foundation,price_low,410,0.5563720652264252,0.02800470479517536,3,,312,Pink,Small,5
1232,Libas,Clothing,Jeans,price_high,4770,0.8296821150814679,0.4769743354503809,24,4.3425673020948405,2479,Purple,M,5
1233,Adidas,Accessories,Watches,price_high,8920,0.7431234529557961,0.1691208770184387,33,4.001456884983368,1985,Green,Medium,4
1234,Zara,Clothing,Shirts,price_low,460,0.3025919780465479,0.27831554866314845,99,2.2183371782259553,3379,Blue,M,3
1235,Adidas,Footwear,Sandals,price_low,1370,0.16752630639935104,0.8188964857391077,48,1.6968812982264854,2167,Yellow,UK6,3
1236,Maybelline,Cosmetics,Lipstick,price_low,150,0.22870876217613803,0.5532844808821095,0,,6,Brown,Small,7
1237,Levis,Clothing,Shirts,price_low,640,0.4289083573047693,0.6896990383888292,19,2.6856445376688973,2176,Yellow,M,6
1238,MAC,Cosmetics,Sunscreen,price_low,310,0.27968224236890693,0.7431104495377403,70,2.1091024076690417,3912,Blue,Small,5
1239,Puma,Clothing,Shirts,price_mid,1790,0.6436891907860174,0.09827023399571799,41,3.594782075782865,1807,Red,L,7
1240,Nike,Footwear,Sneakers,price_low,980,0.18684161196535773,0.5423688336415281,33,1.7220328668719234,1230,White,UK8,5
1241,Libas,Clothing,Dresses,price_mid,1440,0.7982732495875586,0.6426273524373677,144,4.196448573940422,5000,White,S,3
1242,Maybelline,Cosmetics,Foundation,price_low,260,0.10753386247033532,0.5142002350371755,23,1.3928384469868795,1862,Pink,Medium,7
1243,Puma,Footwear,Sandals,price_mid,3830,0.5015112874794421,0.11147005839071411,53,2.9816219318241264,2511,Green,UK10,1
1244,Zara,Clothing,Jeans,price_low,350,0.8151749221400418,0.43201491738093034,19,4.228476578953976,691,White,L,6
1245,SwissBeauty,Cosmetics,Lipstick,price_low,180,0.2543643375428846,0.3072003387047325,7,2.0458969693396694,489,Brown,Medium,1
1246,SwissBeauty,Cosmetics,Lipstick,price_mid,830,0.4115031022604706,0.19190406625268885,56,2.6697004746258584,3090,Green,Small,5
1247,MAC,Cosmetics,Foundation,price_mid,1660,0.23323603548899982,0.41690916403945466,50,1.9311376515970649,1876,Yellow,Medium,4
1248,Zara,Accessories,Watches,price_low,570,0.3328262947305234,0.8292312901110495,31,2.3374071697970003,2069,Pink,Medium,5
1249,Puma,Footwear,Flats,price_mid,5000,0.5346244047431339,0.35361195836806825,18,3.15024362853016,661,White,UK8,1
1250,MAC,Cosmetics,Moisturizer,price_low,480,0.23724180144219092,0.02367899806682605,14,1.9287458092131913,1332,Black,Medium,5
1251,Nike,Footwear,Sneakers,price_mid,4870,0.668457401198479,0.10683457608839053,55,3.6932837146698367,3499,Purple,UK10,6
1252,Zara,Footwear,Boots,price_mid,3500,0.4993328159067666,0.9597317048079322,74,3.020401622653558,3273,Yellow,UK8,5
1253,Nike,Footwear,Sneakers,price_low,1220,0.3945807524310894,0.4381243729860044,30,2.5729472877116755,1196,White,UK6,6
1254,Zara,Clothing,Kurtis,price_mid,2380,0.8948495399710961,0.5898083172653289,73,4.593027092028099,3251,Brown,S,4
1255,Levis,Clothing,Kurtis,price_low,560,0.1758938432547979,0.2914193845508257,20,1.7301467303797067,646,Blue,L,7
1256,Adidas,Footwear,Sandals,price_low,1080,0.27469135568211783,0.22768228099348908,28,2.107522398029723,1292,Yellow,UK8,3
1257,Zara,Footwear,Sneakers,price_mid,3590,0.26777022642310194,0.8060648105022127,89,2.0519924758639507,4393,Brown,UK4,5
1258,Adidas,Footwear,Boots,price_high,14980,0.8205763385879772,0.3270700111250393,54,4.305505511671982,3669,Pink,UK12,3
1259,Adidas,Footwear,Sandals,price_high,14030,0.8104738283244747,0.5317624372111552,4,,396,Blue,UK12,4
1260,Zara,Footwear,Flats,price_mid,3590,0.5563587470130984,0.2768649121054646,0,,0,Green,UK8,1
1261,Levis,Clothing,Shirts,price_mid,2080,0.3195376989456361,0.9485036911994007,108,2.289300140113349,5000,Black,XXL,3
1262,H&M,Clothing,Tshirts,price_low,450,0.3590713256117353,0.2588529501525657,58,2.4544919406707493,2475,Purple,XXL,4
1263,MAC,Cosmetics,Sunscreen,price_high,7000,0.674693002135892,0.7149044637921684,143,3.7110438126355074,4804,Yellow,Small,2
1264,Nike,Clothing,Jeans,price_high,3930,0.6388572607840751,0.12732354208883823,5,3.5412143930038886,398,Blue,L,7
1265,Adidas,Clothing,Tshirts,price_low,570,0.5925346331017121,0.2710779401136848,58,3.3951315080498436,2725,Yellow,L,1
1266,Zara,Clothing,Shirts,price_mid,1770,0.4027866263124777,0.4439524625802992,45,2.615870275488544,2168,Yellow,XL,1
1267,Puma,Footwear,Sneakers,price_low,1310,0.4715612977381637,0.09285181737872794,26,2.9234815179956004,1817,Brown,UK4,2
1268,MAC,Cosmetics,Foundation,price_mid,1840,0.6133362356996426,0.31687958102768554,54,3.431602017396586,1793,Blue,Large,3
1269,Adidas,Footwear,Boots,price_low,1120,0.4807472764657463,0.42001395225754634,12,2.8657276736460076,611,Blue,UK8,3
1270,Zara,Accessories,Watches,price_mid,1830,0.79703600590102,0.999706564107641,3,,15,Black,Medium,1
1271,Adidas,Accessories,Caps,price_low,360,0.3549771650443668,0.2489981217485545,31,2.453640873750986,1482,Green,Large,2
1272,Libas,Clothing,Tshirts,price_mid,1220,0.17388885214155914,0.7398492147099389,35,1.7060225628782932,1811,Black,M,4
1273,Zara,Clothing,Dresses,price_mid,2270,0.19085231921265192,0.1816146922489107,28,1.7896973332281245,1312,Blue,M,1
1274,Puma,Footwear,Sandals,price_high,9510,0.815716302112175,0.32107273510454726,50,4.261311306524976,3446,Purple,UK4,4
1275,Zara,Clothing,Dresses,price_low,530,0.31465167538146727,0.5985074767658316,52,2.2761609691101574,2006,Green,S,1
1276,Adidas,Clothing,Shirts,price_low,800,0.45080485033180023,0.46443331974274504,44,2.791105648274869,1844,Brown,XL,2
1277,Zara,Accessories,Bags,price_mid,2860,0.4481646026371678,0.25686162060647166,44,2.7886927341429564,1837,Brown,Medium,5
1278,MAC,Cosmetics,Foundation,price_mid,1630,0.3219712522981778,0.12583297654473125,31,2.277200532059181,1190,Green,Small,6
1279,Nike,Clothing,Shirts,price_high,4510,0.845851719860566,0.22622340359293447,41,4.387705951533614,2658,Pink,L,6
1280,Zara,Accessories,Watches,price_mid,2810,0.8351921748228068,0.7598936177755305,4,,277,Black,Medium,6
1281,H&M,Clothing,Dresses,price_mid,1860,0.7608555917152419,0.6318802241088333,64,4.064747397813179,5000,Green,S,2
1282,H&M,Footwear,Sneakers,price_low,550,0.6469327143536422,0.4807763731766108,66,3.605989393517684,4756,Yellow,UK12,4
1283,Nike,Footwear,Sandals,price_mid,2820,0.69900057858671,0.2793051947315074,5,3.854577588314269,567,Purple,UK8,2
1284,H&M,Clothing,Jeans,price_mid,1710,0.313634478683201,0.6680126850024937,50,2.245400044580457,2701,Brown,L,1
1285,Maybelline,Cosmetics,Lipstick,price_mid,700,0.6510182945364468,0.9750878844964015,10,3.58366253459655,421,Blue,Large,6
1286,Zara,Clothing,Shirts,price_mid,2500,0.2621483974466418,0.08296724383750964,14,2.015948594729398,1377,Brown,M,4
1287,SwissBeauty,Cosmetics,Foundation,price_low,260,0.27669711299046584,0.7759113611036482,3,,341,Purple,Large,5
1288,Maybelline,Cosmetics,Moisturizer,price_low,260,0.09624521609116621,0.5394572036744918,54,1.376972548776961,2072,Brown,Small,3
1289,Levis,Clothing,Jeans,price_high,4780,0.6022637852475403,0.9306488763623251,32,3.4113542894795845,2212,Brown,XXL,4
1290,Adidas,Accessories,Belts,price_high,7760,0.8694554830524769,0.9009566196929556,89,4.485368906708471,4063,White,Medium,3
1291,Zara,Clothing,Tshirts,price_low,590,0.2817577193606629,0.311605350738427,4,,323,Blue,S,7
1292,Nike,Footwear,Flats,price_mid,4700,0.2948706979691793,0.9509106127794582,4,,101,Green,UK10,4
1293,Nike,Footwear,Sports Shoes,price_low,1500,0.09266390418039828,0.14044033655999966,17,1.3537930908001474,952,Green,UK6,4
1294,Adidas,Clothing,Shirts,price_mid,2000,0.38416305225502,0.5242409564749315,117,2.5522299710558727,3947,White,M,6
1295,H&M,Footwear,Sports Shoes,price_mid,2350,0.44414030743826804,0.8802268801554513,94,2.7640845224181594,5000,Purple,UK8,1
1296,Zara,Footwear,Sneakers,price_mid,3920,0.17785812276337443,0.8762423225474407,99,1.7231323323241796,4339,White,UK8,2
1297,Nike,Footwear,Sandals,price_high,14880,0.7555357922761943,0.24129259489000798,96,4.001837203828833,4033,White,UK10,4
1298,Nike,Clothing,Kurtis,price_mid,2250,0.1537417150343107,0.9047313574826031,65,1.638281697654816,2830,Purple,XL,6
1299,SwissBeauty,Cosmetics,Lipstick,price_low,280,0.6793001465546261,0.24274421919721445,32,3.694938393084428,1905,Black,Large,3
1300,H&M,Clothing,Kurtis,price_mid,1910,0.7049016969019922,0.37582234000137316,0,,266,Black,S,5
1301,H&M,Clothing,Jeans,price_low,310,0.24270284113034923,0.9667296019496818,56,1.9949438387799157,2050,Black,XL,6
1302,MAC,Cosmetics,Sunscreen,price_high,5860,0.3290448785684806,0.5227653908526616,18,2.340191212614662,483,Black,Large,1
1303,Puma,Clothing,Jeans,price_low,470,0.4033728869297108,0.4121439144156519,62,2.6047840208931374,2536,White,L,3
1304,MAC,Cosmetics,Sunscreen,price_low,360,0.2520154932005188,0.04779911283040339,23,2.0305059366392872,1280,Pink,Small,2
1305,H&M,Footwear,Sandals,price_mid,3580,0.68488813194813,0.7809682251175452,15,3.770509608360022,585,White,UK4,3
1306,Adidas,Footwear,Flats,price_high,10770,0.4702930024848348,0.3058351658381384,74,2.903284319295781,2560,Blue,UK10,3
1307,Adidas,Footwear,Flats,price_low,1480,0.18281224787405362,0.4854406293525837,21,1.7011744019397084,1467,White,UK8,7
1308,Puma,Clothing,Tshirts,price_low,480,0.2780633831129363,0.5061192788200698,4,,0,Pink,XXL,5
1309,Levis,Clothing,Tshirts,price_low,630,0.12396179114447518,0.9146973034510988,52,1.4773991089633844,2573,Pink,M,6
1310,Libas,Clothing,Tshirts,price_low,570,0.15008245685913146,0.7362823547018549,111,1.5906542606468996,3798,Pink,XXL,5
1311,Adidas,Accessories,Bags,price_mid,1810,0.4153683464592259,0.15501181533576036,46,2.661175678924526,2723,Red,Medium,2
1312,SwissBeauty,Cosmetics,Lipstick,price_low,250,0.19483537457645023,0.21596809584928078,32,1.746752700726536,897,Yellow,Small,7
1313,H&M,Footwear,Sports Shoes,price_mid,3200,0.4619514845740271,0.4123235656772407,50,2.842390219624923,3857,Black,UK12,4
1314,SwissBeauty,Cosmetics,Sunscreen,price_mid,780,0.6926631773596682,0.3702285018899628,48,3.757258701866782,3500,Yellow,Medium,5
1315,Zara,Footwear,Sneakers,price_high,15000,0.46027427390054004,0.24689535644320448,33,2.8140477493907525,1234,Green,UK4,7
1316,Zara,Accessories,Watches,price_low,620,0.3481110977191689,0.2278244251020718,0,,101,Brown,Small,4
1317,H&M,Clothing,Jeans,price_mid,1640,0.3848962116607871,0.06465776229771969,31,2.5321068829611932,1711,Red,XXL,4
1318,Nike,Footwear,Sports Shoes,price_high,9260,0.9663854445011025,0.6820070099414309,84,4.850429972284087,2812,Pink,UK12,3
1319,Zara,Accessories,Caps,price_mid,2430,0.5202010732185806,0.9427481527131556,13,3.0721515523422394,1106,Yellow,Large,4
1320,Levis,Clothing,Shirts,price_low,670,0.20873014997978856,0.5079549323489352,43,1.8165232168778005,1626,Brown,XXL,3
1321,Levis,Accessories,Bags,price_mid,2150,0.69437954575252,0.774620920250966,51,3.7662183235692326,2879,Blue,Large,4
1322,SwissBeauty,Cosmetics,Lipstick,price_mid,1110,0.3305626888893654,0.17934081581040773,19,2.353919973263627,1072,White,Large,1
1323,Nike,Clothing,Shirts,price_mid,2190,0.8724510918409616,0.8049139485327466,9,4.5479475009455514,675,White,M,7
1324,Nike,Clothing,Shirts,price_mid,2500,0.12611857349334873,0.49968182363163294,0,,0,Black,M,2
1325,Adidas,Footwear,Sneakers,price_mid,2710,0.4176108295196643,0.25776782647073826,66,2.657724088495499,2810,Red,UK12,1
1326,MAC,Cosmetics,Lipstick,price_high,3000,0.6166327406573588,0.32685966331328087,41,3.446556090936672,1645,Purple,Small,2
1327,Levis,Clothing,Tshirts,price_low,490,0.5542849737073081,0.872097094976761,37,3.203103338223054,3937,Purple,XXL,2
1328,Zara,Accessories,Belts,price_low,350,0.2751828931543655,0.818995449283022,38,2.1015287120077946,1285,Red,Large,7
1329,Zara,Accessories,Bags,price_low,440,0.17939437178940354,0.18041675977488103,9,1.7835437606726092,553,Blue,Medium,2
1330,Zara,Footwear,Boots,price_high,15000,0.27158601102666446,0.5479804339391747,46,2.0848535701962234,1860,White,UK4,6
1331,Puma,Footwear,Sports Shoes,price_low,1320,0.4684665544938997,0.1883401855383363,41,2.8620904305141974,1540,Purple,UK4,4
1332,SwissBeauty,Cosmetics,Moisturizer,price_mid,630,0.5658320516119829,0.5198438025336971,51,3.2883779304252374,3772,Purple,Large,5
1333,Adidas,Footwear,Sports Shoes,price_mid,3130,0.3468913240977174,0.32031642001476635,25,2.3815362889020975,2035,Yellow,UK8,6
1334,Puma,Footwear,Sneakers,price_low,800,0.40684669258455736,0.5612529924817717,51,2.6172404421700772,2416,Pink,UK10,7
1335,SwissBeauty,Cosmetics,Moisturizer,price_mid,540,0.2730513414089424,0.9467798552601597,7,2.028161888670051,120,Brown,Small,6
1336,Nike,Clothing,Tshirts,price_high,5900,0.8629614127292278,0.35176561001082585,107,4.43585920748168,4153,Black,XXL,5
1337,Maybelline,Cosmetics,Moisturizer,price_low,200,0.4773611570428093,0.4572337564078294,91,2.905482998555592,3127,Yellow,Large,3
1338,Puma,Clothing,Tshirts,price_mid,1050,0.6357088767997789,0.9220863385609442,13,3.5782625029213744,562,Blue,L,1
1339,Zara,Accessories,Belts,price_low,360,0.10087446586623416,0.3899157704902605,16,1.413170297197523,2089,Black,Small,2
1340,Adidas,Clothing,Kurtis,price_high,6030,0.8338778868778584,0.5705397330982418,54,4.354549692086363,2822,Pink,M,6
1341,MAC,Cosmetics,Moisturizer,price_mid,1480,0.7102231733369628,0.2780866834717559,119,3.830327152920789,5000,White,Medium,5
1342,Levis,Clothing,Tshirts,price_mid,1350,0.6214535052253003,0.6894993724150552,43,3.515880851970836,3236,Blue,S,2
1343,H&M,Accessories,Bags,price_low,580,0.7454383998078568,0.25649916347352564,96,3.9767787401606656,3074,Black,Medium,5
1344,Zara,Clothing,Shirts,price_mid,1790,0.5711800845897256,0.8855996346773696,4,,524,Blue,XXL,7
1345,Nike,Footwear,Boots,price_mid,2780,0.8093216031371334,0.22864507912122645,97,4.244179516753985,3410,Green,UK4,7
1346,MAC,Cosmetics,Foundation,price_low,440,0.15149212153483088,0.44202381817252534,27,1.582957474306809,1476,Brown,Small,7
1347,Adidas,Clothing,Jeans,price_high,5730,0.6458440208274325,0.9504143986910742,5,3.6583253835486023,674,Purple,XL,2
1348,Nike,Accessories,Watches,price_high,9030,0.9032349939003633,0.22523559766980372,15,4.59968125712357,775,Purple,Large,6
1349,H&M,Footwear,Sneakers,price_low,960,0.3693275297169287,0.556853131660059,37,2.478383889045479,1954,Purple,UK4,1
1350,Maybelline,Cosmetics,Moisturizer,price_mid,800,0.4452660820894857,0.9328005635861774,10,2.8196025783912226,349,Green,Small,6
1351,Libas,Clothing,Jeans,price_mid,1730,0.5186789579107112,0.1196420927122459,3,,327,Red,XXL,5
1352,Levis,Clothing,Dresses,price_high,6250,0.5936564178977962,0.28246845070727156,10,3.389766132773575,424,White,M,6
1353,Nike,Footwear,Boots,price_mid,3860,0.6008628230520652,0.8985767524923228,111,3.420876593264039,4688,Purple,UK6,2
1354,H&M,Clothing,Dresses,price_low,390,0.18657213618338692,0.160316648841486,2,,0,Black,L,2
1355,Libas,Clothing,Dresses,price_high,6810,0.8307569494225971,0.12502422064643604,5,4.362870464422491,215,Yellow,XL,4
1356,H&M,Accessories,Watches,price_high,6970,0.5125694119559528,0.3378013322205169,64,3.055696858664638,2824,Green,Large,5
1357,Puma,Clothing,Tshirts,price_low,710,0.3810153406103124,0.6593259780416323,24,2.4929773033616125,2595,White,XXL,7
1358,Maybelline,Cosmetics,Moisturizer,price_low,180,0.10334612398714678,0.1086501817615978,32,1.3832034177445447,1600,Pink,Large,4
1359,Puma,Clothing,Jeans,price_low,510,0.4456646919730417,0.5175008582456694,59,2.7999001752667616,2692,White,S,6
1360,Levis,Clothing,Tshirts,price_high,6380,0.6615038166310142,0.7692400303174233,31,3.659723290921058,1097,Yellow,M,4
1361,Adidas,Clothing,Kurtis,price_mid,1970,0.2584838702910292,0.610358044006081,21,1.9989910417119185,2533,Brown,S,6
1362,Nike,Clothing,Tshirts,price_high,7910,0.8619486291015133,0.33150863537640063,69,4.424443899944219,2674,Purple,M,6
1363,Puma,Clothing,Dresses,price_low,740,0.09846978688162994,0.5834485210814709,34,1.4220920222955318,3259,White,L,6
1364,Adidas,Clothing,Kurtis,price_low,780,0.6955878051162526,0.16325674515356026,58,3.8002574731776786,2677,Black,M,5
1365,Puma,Footwear,Boots,price_mid,4650,0.9291884472764801,0.9761247270804676,10,4.676257427180036,677,Green,UK10,1
1366,MAC,Cosmetics,Foundation,price_low,270,0.43127244017592226,0.019954119519705826,29,2.7346445692324295,1289,Purple,Medium,5
1367,Puma,Footwear,Sneakers,price_mid,3940,0.25013237262014715,0.3438288188398172,5,2.084409179619258,304,Blue,UK8,1
1368,Levis,Clothing,Kurtis,price_high,4180,0.6955838811686148,0.9350288792771662,91,3.767924426856474,5000,Yellow,L,3
1369,SwissBeauty,Cosmetics,Lipstick,price_mid,1140,0.7843916447585613,0.015955534740255684,56,4.120831189723634,2051,Black,Small,3
1370,Puma,Accessories,Bags,price_mid,2780,0.17518734467907,0.48960905014401335,6,1.7245927593839283,335,Red,Large,2
1371,MAC,Cosmetics,Sunscreen,price_low,310,0.6867812880355445,0.9950966966134687,7,3.737077813691542,764,Blue,Medium,5
1372,Zara,Clothing,Dresses,price_low,600,0.6325833011160693,0.3027104689230853,10,3.5380399592267313,286,White,XL,4
1373,Levis,Clothing,Kurtis,price_low,670,0.5481085790736132,0.8536266609553476,16,3.2297216448711654,1133,Black,L,2
1374,Zara,Accessories,Watches,price_mid,1770,0.3484937727892793,0.9133573506018088,119,2.400346652998836,5000,Blue,Large,3
1375,Levis,Accessories,Bags,price_low,560,0.6859249228853943,0.2429610272825854,32,3.763086544229007,2516,Blue,Small,5
1376,SwissBeauty,Cosmetics,Sunscreen,price_low,100,0.18795377214679304,0.8069862450743824,2,,118,Blue,Small,5
1377,H&M,Footwear,Sports Shoes,price_high,11140,0.8713309831901598,0.10583273777786772,51,4.483137004121502,4057,Green,UK6,6
1378,Puma,Accessories,Caps,price_low,450,0.20609613139090013,0.6856009977540056,15,1.851928958368316,553,Blue,Medium,3
1379,Nike,Footwear,Flats,price_mid,3890,0.5002912720606307,0.7062739818250006,56,2.9828046631467497,4932,Red,UK10,2
1380,Nike,Footwear,Boots,price_low,1500,0.21980490955899507,0.5754340810531654,9,1.8260938520265375,1298,Blue,UK4,2
1381,Adidas,Clothing,Dresses,price_low,650,0.36200170556655936,0.5923082031065188,92,2.435867423016616,3329,Brown,L,2
1382,H&M,Footwear,Sandals,price_mid,3370,0.47875229585229917,0.968139042582594,8,2.961275207750656,311,Green,UK4,1
1383,Libas,Clothing,Kurtis,price_mid,1790,0.5468991333978581,0.07995161171283582,53,3.1725027444967404,2448,White,S,6
1384,MAC,Cosmetics,Moisturizer,price_high,6320,0.8101610434163787,0.6055068573221232,6,4.190500577088,527,Pink,Large,7
1385,Libas,Clothing,Kurtis,price_low,390,0.2755074617624455,0.48908745731021963,19,2.108483993118525,2216,Yellow,M,5
1386,Levis,Clothing,Shirts,price_high,5190,0.6351389609412199,0.7962516534811377,2,,175,Black,XL,7
1387,H&M,Accessories,Bags,price_mid,1670,0.5137674123549982,0.024479820380819972,0,,0,Purple,Medium,7
1388,Puma,Footwear,Sneakers,price_mid,3920,0.45976502705234,0.17277994864462798,23,2.875301432892444,2031,Green,UK6,1
1389,Libas,Clothing,Shirts,price_low,450,0.20433701761954903,0.1583163388335863,96,1.8137082584405353,3101,Brown,L,2
1390,Levis,Clothing,Jeans,price_mid,2240,0.5700063775937759,0.4873421413384371,11,3.2749898900436,294,Purple,S,1
1391,Zara,Accessories,Caps,price_low,490,0.16293716841754893,0.494231587675378,52,1.6474167733412712,2263,White,Small,3
1392,Puma,Footwear,Sports Shoes,price_mid,3800,0.35854027432971664,0.5991158197032517,6,2.4062096509210016,26,Purple,UK8,7
1393,MAC,Cosmetics,Moisturizer,price_mid,800,0.5166134878515874,0.3700085164383097,12,3.0554724255590426,362,Purple,Large,2
1394,Levis,Accessories,Caps,price_high,8130,0.7695336819494791,0.28053134348240305,5,4.156067086526413,638,Purple,Large,2
1395,Levis,Accessories,Caps,price_mid,2770,0.5650553504601388,0.70810488308098,75,3.275630074945543,5000,Yellow,Medium,5
1396,Nike,Footwear,Sports Shoes,price_low,1380,0.23079936089762543,0.6236069971446315,28,1.9083550543272876,1745,White,UK10,5
1397,Levis,Accessories,Caps,price_low,430,0.09408781467233042,0.19318172180117343,1,,0,Green,Medium,7
1398,Maybelline,Cosmetics,Lipstick,price_low,230,0.26059168024357554,0.6206525227617704,60,2.045308511768018,2209,Pink,Medium,4
1399,Zara,Accessories,Watches,price_mid,2340,0.5509242867301231,0.9577256956972864,1,,0,Blue,Medium,6
1400,Zara,Clothing,Jeans,price_mid,1610,0.7892018663390102,0.37600890862190217,40,4.147238280047353,2826,Red,L,3
1401,Adidas,Clothing,Tshirts,price_mid,1900,0.6540229830773117,0.3686316495011708,103,3.611061483379813,5000,Green,XL,6
1402,Nike,Footwear,Sports Shoes,price_low,1500,0.16647032751653093,0.4559432363208342,19,1.7111238069074788,1354,White,UK8,2
1403,Puma,Footwear,Sneakers,price_low,990,0.3342313077630941,0.47710151500122244,14,2.3756515590783445,608,Black,UK12,1
1404,Adidas,Footwear,Sports Shoes,price_low,1460,0.5159504662380753,0.034533989754475414,13,3.0127619239740455,1227,Red,UK12,1
1405,SwissBeauty,Cosmetics,Foundation,price_high,2490,0.7742150945447918,0.10225321741983728,25,4.111033408296965,1220,Yellow,Small,7
1406,Puma,Footwear,Sneakers,price_low,760,0.08444487760870202,0.40055987645023594,8,1.3952931914612954,400,Black,UK10,6
1407,H&M,Clothing,Kurtis,price_mid,1150,0.47572321033973003,0.9114243750919778,2,,185,Yellow,S,6
1408,MAC,Cosmetics,Moisturizer,price_mid,1540,0.4377866912803233,0.04217587574572035,76,2.751833809495391,3950,Green,Small,5
1409,Libas,Clothing,Jeans,price_low,450,0.22723707910109853,0.28963940212299866,18,1.8760595504176019,773,Black,XXL,1
1410,Levis,Clothing,Tshirts,price_mid,990,0.3756276729648517,0.7018242111848848,39,2.4931360123544706,2574,Purple,XXL,7
1411,Puma,Clothing,Jeans,price_high,6640,0.4915634441469365,0.2814171483043336,38,2.9708436856329254,1420,Brown,XL,2
1412,SwissBeauty,Cosmetics,Lipstick,price_low,310,0.7363528713024897,0.3926324406204198,55,3.9372005410530426,3453,White,Small,4
1413,Adidas,Footwear,Sports Shoes,price_mid,3080,0.5986371610344413,0.04166008820721545,77,3.387040388803661,2915,Yellow,UK6,7
1414,Adidas,Footwear,Flats,price_mid,5000,0.3014511281624695,0.8178602926684215,11,2.1510021391652097,240,Red,UK6,5
1415,Levis,Accessories,Bags,price_low,210,0.5191352178522355,0.8295871926912601,89,3.0907461133562006,4227,Yellow,Medium,6
1416,Puma,Footwear,Boots,price_mid,2760,0.5325878569984991,0.4916822573555676,49,3.1348584590552644,3219,Pink,UK6,1
1417,Zara,Footwear,Flats,price_mid,4670,0.4575993441137769,0.9467871135043451,10,2.8807688070129625,485,Pink,UK10,4
1418,SwissBeauty,Cosmetics,Lipstick,price_low,250,0.69600876510935,0.9709401981768433,80,3.7908889647473765,3173,Purple,Small,3
1419,Nike,Footwear,Flats,price_high,10660,0.7379349842334084,0.2627256546685669,46,3.9634906323873316,3011,Yellow,UK4,6
1420,Maybelline,Cosmetics,Lipstick,price_high,3770,0.4786598528085846,0.014344037417968858,27,2.9254644631279807,1102,Yellow,Medium,7
1421,Zara,Accessories,Bags,price_low,510,0.14640669151520605,0.06328384378130747,6,1.6414220940924114,54,Yellow,Small,4
1422,MAC,Cosmetics,Foundation,price_mid,1480,0.39473576863056353,0.9729071185981412,37,2.6036458891268652,2057,Red,Large,1
1423,Levis,Accessories,Caps,price_mid,1580,0.224271517624857,0.2672844381959205,13,1.8440845057928281,448,Yellow,Small,6
1424,Nike,Footwear,Sandals,price_high,14560,0.7478178958121965,0.435344499043706,106,3.977976656438545,3932,White,UK6,6
1425,MAC,Cosmetics,Foundation,price_mid,1520,0.401930585910564,0.47247518259727017,3,,112,Purple,Large,5
1426,Puma,Footwear,Sandals,price_mid,3740,0.5584296761457306,0.37210991581890107,70,3.2484277652722473,4735,Pink,UK6,7
1427,SwissBeauty,Cosmetics,Moisturizer,price_mid,1340,0.2984625139537979,0.08644555957728539,35,2.1832649574091008,1360,Green,Medium,3
1428,Puma,Footwear,Sports Shoes,price_mid,4600,0.6246182332378202,0.3434537612375086,148,3.5139044124152226,5000,Green,UK12,3
1429,H&M,Footwear,Sneakers,price_mid,2300,0.31754316181488346,0.8162582203170493,0,,0,Black,UK4,7
1430,Nike,Footwear,Sports Shoes,price_low,870,0.10119917342117471,0.004040496458986076,8,1.3490176660202027,414,Green,UK6,6
1431,MAC,Cosmetics,Lipstick,price_mid,1900,0.4801370845552273,0.5484507079193597,59,2.908824640777969,2334,Black,Small,5
1432,Puma,Footwear,Flats,price_low,1180,0.2723783443458367,0.4536540892399935,54,2.11369631165634,3723,Yellow,UK4,7
1433,Zara,Accessories,Watches,price_high,9760,0.9227441189165251,0.306555928601573,107,4.708618496144982,3763,Pink,Small,5
1434,Zara,Footwear,Sneakers,price_low,1020,0.2484736673707471,0.20708739895905637,44,1.9911513920364827,2212,Blue,UK4,3
1435,Nike,Footwear,Boots,price_mid,2110,0.21181987191455565,0.5975608624533971,10,1.9061558076351368,419,Purple,UK6,3
1436,Adidas,Footwear,Sports Shoes,price_mid,2410,0.1655523563918561,0.4913334695772339,15,1.713444257691617,1553,Purple,UK8,1
1437,Libas,Clothing,Kurtis,price_mid,1730,0.6437757072640028,0.42270166939937426,0,,197,Purple,XL,1
1438,Zara,Footwear,Flats,price_low,980,0.37877122050890555,0.09204883935276176,44,2.5253234235595925,1542,Blue,UK10,4
1439,MAC,Cosmetics,Sunscreen,price_low,320,0.41403739693448466,0.7771637715700275,81,2.649887807425387,5000,Yellow,Large,4
1440,Levis,Clothing,Jeans,price_mid,1100,0.7874861738009504,0.5062945369216052,59,4.161915514151297,3057,Green,XL,3
1441,Maybelline,Cosmetics,Sunscreen,price_mid,620,0.2965967715836919,0.5856610619848114,68,2.1900481750741596,2632,White,Small,4
1442,Puma,Clothing,Shirts,price_low,370,0.47420113172522943,0.15479619032565328,42,2.8984416675924227,1858,Yellow,XL,4
1443,Libas,Clothing,Kurtis,price_mid,1170,0.47130283282798713,0.37671960922982295,36,2.865229074959815,3077,Yellow,L,7
1444,SwissBeauty,Cosmetics,Lipstick,price_mid,1060,0.12752168871232825,0.9116551959223266,22,1.4753656940389763,960,Green,Small,6
1445,Zara,Accessories,Bags,price_mid,2600,0.6323790471611482,0.4299734608869076,36,3.539634487232533,2333,Purple,Large,5
1446,Libas,Clothing,Shirts,price_mid,1420,0.17859250293604506,0.06517534022959282,22,1.6818205793236112,1039,Purple,XL,4
1447,Nike,Footwear,Boots,price_low,730,0.13270857963684196,0.08637752808943855,18,1.508742272411237,869,Yellow,UK10,6
1448,Adidas,Accessories,Bags,price_low,630,0.23148052790129933,0.1855101852276959,5,1.9531045311940822,25,Brown,Small,2
1449,Adidas,Clothing,Kurtis,price_low,550,0.08440248089355107,0.5101960285610488,26,1.3022453984088291,1634,Brown,L,5
1450,Puma,Footwear,Flats,price_low,930,0.235187648419625,0.48038916886765726,14,1.982340945490545,514,White,UK10,4
1451,Puma,Clothing,Jeans,price_mid,2250,0.4000036729769715,0.07091853876495646,43,2.595845488512216,2284,Brown,M,7
1452,Maybelline,Cosmetics,Sunscreen,price_low,180,0.3281654440234686,0.6269409414635132,5,2.2826693391077417,513,Purple,Small,7
1453,Nike,Clothing,Shirts,price_high,7410,0.5798339350422552,0.027665236537200877,76,3.335614087104378,2908,Purple,XL,4
1454,H&M,Footwear,Sandals,price_low,1010,0.07855975871392337,0.7904675938900357,48,1.2942440179667525,1904,Green,UK6,5
1455,Puma,Footwear,Sneakers,price_mid,3410,0.39812309253139744,0.561686672902425,46,2.566988146201348,2477,Green,UK4,3
1456,Adidas,Clothing,Jeans,price_high,5730,0.828317620429673,0.8363244722432713,62,4.297078386741387,2628,Pink,XL,5
1457,Adidas,Footwear,Flats,price_mid,4030,0.148864701440386,0.6821837917358041,18,1.6349486317234498,792,Green,UK10,3
1458,Libas,Clothing,Shirts,price_mid,1590,0.6026541908052563,0.25159293881894174,28,3.421327256484868,3031,Pink,L,5
1459,Puma,Footwear,Boots,price_high,11380,0.56153726479682,0.34851321557418014,50,3.2208236492306432,2211,Purple,UK12,6
1460,Nike,Footwear,Sports Shoes,price_mid,4570,0.31148603894572147,0.890550395748715,28,2.215108339493543,3067,Pink,UK6,6
1461,SwissBeauty,Cosmetics,Moisturizer,price_low,220,0.2774133209696107,0.5201126797006697,22,2.0736065592585975,1281,Pink,Large,2
1462,H&M,Clothing,Kurtis,price_low,520,0.08169228583702925,0.4969556881114737,12,1.3691987249496658,411,White,L,5
1463,Puma,Footwear,Sports Shoes,price_low,820,0.44768719953779035,0.3765620202803204,3,,347,Black,UK4,1
1464,Zara,Clothing,Dresses,price_mid,2500,0.18110260363581016,0.5835836069372164,22,1.7214999458052958,1184,Black,M,3
1465,Libas,Clothing,Dresses,price_mid,1470,0.6199138074066985,0.3868846916641442,23,3.4770648837059075,2065,Green,S,3
1466,SwissBeauty,Cosmetics,Lipstick,price_low,140,0.38608731710032024,0.5352226366729609,0,,77,Blue,Large,6
1467,Nike,Footwear,Sandals,price_low,880,0.6280592908999764,0.9768362613347173,81,3.5121536309966106,3252,Pink,UK10,2
1468,Levis,Clothing,Jeans,price_low,570,0.7085780275981465,0.8407679962840849,40,3.8610360615607657,3566,Brown,XXL,3
1469,MAC,Cosmetics,Sunscreen,price_low,390,0.42168097666495974,0.01744057204181937,13,2.7371326864004537,365,Pink,Medium,1
1470,H&M,Clothing,Tshirts,price_mid,1220,0.7486991274485773,0.17354310987610766,33,4.011080421005304,1472,Blue,S,2
1471,Maybelline,Cosmetics,Sunscreen,price_mid,1030,0.423874685802404,0.23218073025618946,67,2.676369713434749,2763,Black,Large,4
1472,Adidas,Footwear,Sports Shoes,price_mid,3630,0.24051848885487012,0.5412646216530788,29,1.9372810504604683,1316,White,UK10,7
1473,Adidas,Accessories,Bags,price_mid,2060,0.8151358735314496,0.44218947445268875,1,,0,Green,Large,1
1474,Adidas,Footwear,Sports Shoes,price_mid,3150,0.4712616732861369,0.31421178097475677,83,2.8635147220040658,3977,Yellow,UK8,2
1475,H&M,Footwear,Boots,price_mid,3200,0.5324664463515496,0.6454772554157742,47,3.155201743320224,2449,Red,UK10,5
1476,Libas,Clothing,Jeans,price_mid,1920,0.6501956130845626,0.08946090517463046,0,,80,Yellow,L,3
1477,Puma,Accessories,Bags,price_low,490,0.35884457306003154,0.5171697929434866,8,2.5027665853492707,124,Yellow,Small,4
1478,Adidas,Footwear,Sneakers,price_high,8580,0.5743410996371354,0.6953127946915032,49,3.314463090336629,1963,Blue,UK12,3
1479,Puma,Footwear,Flats,price_low,1420,0.10093535695836293,0.22908866710561793,52,1.383127237487782,1800,Brown,UK4,2
1480,Zara,Accessories,Watches,price_mid,2780,0.7521230636877285,0.8668070505671857,70,4.0035165375168775,2736,Pink,Large,4
1481,Levis,Accessories,Bags,price_mid,1560,0.7064091091930464,0.7125290637988408,55,3.8483057475412585,1781,Blue,Medium,7
1482,Maybelline,Cosmetics,Moisturizer,price_mid,970,0.9446508588090092,0.1789239805394307,89,4.78698313496476,5000,Green,Small,7
1483,Zara,Clothing,Kurtis,price_mid,1120,0.19553039772488826,0.5045097462448342,11,1.7493557710222982,376,Green,M,1
1484,H&M,Footwear,Sneakers,price_mid,2850,0.8392631617895898,0.783157455021717,84,4.3436088543491795,5000,White,UK6,6
1485,Adidas,Clothing,Jeans,price_mid,1330,0.17961930999357528,0.3774250979416389,3,,0,White,XXL,7
1486,Adidas,Footwear,Sandals,price_mid,5000,0.41159551042002024,0.46662021400112574,15,2.614439328569985,820,Brown,UK8,7
1487,Adidas,Footwear,Sandals,price_mid,3950,0.3701981753136768,0.40767829244506004,6,2.463428009484488,299,White,UK6,7
1488,Nike,Clothing,Dresses,price_mid,1450,0.5363837312131401,0.9041652039618269,6,3.086388400416464,382,Pink,L,1
1489,Puma,Clothing,Tshirts,price_mid,1950,0.2356776173202659,0.14717016704336128,56,1.9301330685216709,1770,Green,L,4
1490,Nike,Clothing,Tshirts,price_mid,1970,0.26963829449501064,0.4663490482635071,22,2.107722343454482,1919,Yellow,XL,2
1491,Nike,Footwear,Boots,price_high,15000,0.7293234915978453,0.2954180864545378,31,3.897999804351803,1013,White,UK10,6
1492,Nike,Accessories,Bags,price_mid,2290,0.748596927411309,0.040524415179917006,87,3.982937568778383,4262,White,Small,3
1493,Adidas,Clothing,Jeans,price_low,400,0.58844873129798,0.7443377130560951,9,3.3205377640482063,295,Red,S,5
1494,Levis,Clothing,Tshirts,price_mid,2160,0.23687818734373542,0.4602909710029195,31,1.9190234773824395,1726,Pink,L,1
1495,Maybelline,Cosmetics,Sunscreen,price_mid,1020,0.4602564533411485,0.5139716419291191,47,2.866408900567691,3117,Brown,Large,6
1496,Nike,Footwear,Boots,price_high,11220,0.7397267522433502,0.6606162616183695,3,,271,Pink,UK6,2
1497,MAC,Cosmetics,Moisturizer,price_low,290,0.1823979339815824,0.04401342051409396,21,1.7308374541767242,895,Green,Small,4
1498,Puma,Footwear,Flats,price_low,1130,0.06384169380788551,0.25514788173456704,27,1.2548144493167626,1572,Red,UK4,2
1499,Puma,Accessories,Watches,price_low,460,0.11475107209643054,0.9811972690046126,13,1.4453626971369693,438,White,Small,1
1500,SwissBeauty,Cosmetics,Foundation,price_mid,860,0.8678700334652909,0.468926302758369,34,4.4428369943157895,2935,Brown,Large,7
1501,Maybelline,Cosmetics,Foundation,price_low,290,0.2122090126790288,0.7165641009046105,17,1.8010249484646934,1696,Pink,Large,7
1502,Puma,Accessories,Bags,price_mid,1790,0.5849657814976482,0.5088350273711155,61,3.334231463654117,2963,Black,Small,5
1503,Zara,Clothing,Tshirts,price_low,460,0.1553020563999454,0.7834764511805218,58,1.6414846090909248,5000,Yellow,XL,2
1504,Zara,Accessories,Watches,price_mid,1990,0.8425901505202101,0.5665728698016191,98,4.379430172788787,3664,Yellow,Small,5
1505,Zara,Footwear,Sneakers,price_low,1450,0.18180424831502645,0.43562342528942744,53,1.7031155745338176,1914,Green,UK10,4
1506,Adidas,Accessories,Watches,price_low,510,0.3132961103422864,0.9977985210110304,15,2.295657658421009,1147,Black,Large,2
1507,H&M,Footwear,Sports Shoes,price_mid,2380,0.5293097631025208,0.15919200031446035,28,3.1245789724701667,1667,Black,UK4,1
1508,H&M,Clothing,Tshirts,price_mid,1560,0.7603833903840739,0.09231504749040487,42,4.05799294466833,3247,Green,S,1
1509,Nike,Footwear,Sports Shoes,price_mid,4320,0.38781107505083035,0.918083569606821,20,2.526148071978916,698,Blue,UK4,2
1510,Adidas,Accessories,Bags,price_mid,3000,0.31909542864205376,0.6143633425251626,61,2.2544873360920072,2355,Yellow,Small,4
1511,Maybelline,Cosmetics,Lipstick,price_low,330,0.20618877108984657,0.07168330871911499,2,,221,Green,Small,4
1512,Nike,Footwear,Sandals,price_mid,2720,0.36086913793780273,0.606483587799906,72,2.421407359944644,4259,Red,UK10,7
1513,Puma,Clothing,Jeans,price_mid,2460,0.4432710649257607,0.3063987589899694,11,2.768541795877038,414,Black,XL,7
1514,Zara,Accessories,Belts,price_mid,1660,0.4472362523786457,0.4612867619746991,70,2.791461423836287,2877,Red,Small,1
1515,Nike,Footwear,Sneakers,price_mid,2950,0.6468830566539652,0.07344215573724544,73,3.5841774710791063,3832,Purple,UK12,2
1516,Maybelline,Cosmetics,Lipstick,price_mid,1480,0.18639140920837022,0.552120236526284,96,1.7295826486996042,3326,Yellow,Medium,6
1517,Puma,Clothing,Tshirts,price_low,300,0.4385267727507663,0.8530675828727139,33,2.7474861287902868,1613,Green,XL,4
1518,Maybelline,Cosmetics,Moisturizer,price_low,170,0.11019222344619943,0.326908184180269,30,1.4069794264652546,2030,Black,Large,3
1519,Zara,Accessories,Belts,price_low,640,0.3553202005763079,0.1641791235975144,4,,196,Blue,Medium,3
1520,Zara,Clothing,Shirts,price_mid,2500,0.23433978146610282,0.9073068961669161,5,1.9704582894195506,373,Black,S,7
1521,Libas,Clothing,Shirts,price_mid,1350,0.6504905333967284,0.10459725173412526,45,3.5727128815561664,2509,Brown,M,2
1522,Levis,Clothing,Dresses,price_mid,1570,0.5094389199054481,0.39069019175757735,17,3.0526514558301483,750,Yellow,XL,7
1523,Zara,Accessories,Watches,price_mid,2190,0.8345800069873215,0.5387922525166728,33,4.331988895640113,2347,Red,Medium,3
1524,Levis,Clothing,Dresses,price_low,690,0.13387311454233627,0.4172451192814738,18,1.5445324542227574,1386,Yellow,L,7
1525,Puma,Footwear,Sports Shoes,price_mid,2190,0.41233811356868616,0.2294729252787845,49,2.6248526077216794,4076,Pink,UK10,3
1526,Adidas,Clothing,Tshirts,price_mid,1670,0.7378672431416977,0.0022504138202276147,29,3.958918359638146,1644,Blue,L,5
1527,Maybelline,Cosmetics,Foundation,price_mid,1500,0.4046643325940772,0.7946297210960034,47,2.6349478310513312,2028,Pink,Large,6
1528,Zara,Clothing,Tshirts,price_mid,1660,0.3883799319512086,0.11587165933276622,32,2.5773423988836863,1533,Black,XXL,6
1529,Levis,Clothing,Tshirts,price_mid,1250,0.20624344570029246,0.6468429807245456,7,1.8849023008638184,223,Red,S,2
1530,Zara,Accessories,Bags,price_low,400,0.6952873906340925,0.16186147113110527,12,3.8365395943229235,494,Green,Medium,1
1531,MAC,Cosmetics,Sunscreen,price_mid,1700,0.5596001734448581,0.07622577237198946,45,3.232037361293955,1871,Blue,Small,2
1532,H&M,Clothing,Kurtis,price_low,360,0.10128895432913336,0.7649002928383022,4,,370,Brown,XXL,4
1533,Puma,Footwear,Sandals,price_mid,3270,0.3814404938681515,0.0920301031562698,38,2.54658106149922,1617,Yellow,UK12,3
1534,SwissBeauty,Cosmetics,Moisturizer,price_high,3970,0.8874943932288243,0.9921229784446431,102,4.543813761498985,4575,Purple,Small,5
1535,Maybelline,Cosmetics,Foundation,price_high,4130,0.7545825216188831,0.02978910759226061,40,4.036834923272058,3202,Black,Small,7
1536,H&M,Footwear,Sneakers,price_low,1020,0.17334239406148114,0.7734633802350943,47,1.690590800140494,2009,Blue,UK6,7
1537,SwissBeauty,Cosmetics,Foundation,price_mid,870,0.5872898349251565,0.6425273818438559,30,3.3464268020070183,2959,Red,Small,4
1538,Levis,Clothing,Tshirts,price_mid,1690,0.1398860058956172,0.3387256146634644,1,,45,Red,L,7
1539,Nike,Footwear,Sneakers,price_mid,4560,0.3219622672680225,0.5928855026943258,4,,359,Brown,UK12,6
1540,MAC,Cosmetics,Sunscreen,price_mid,1700,0.19158830652438408,0.2460375749473137,27,1.730564253722355,1730,Black,Medium,1
1541,Nike,Accessories,Bags,price_high,6430,0.4858289355455861,0.25828140091667584,9,2.9829655113522744,230,Green,Medium,3
1542,SwissBeauty,Cosmetics,Sunscreen,price_low,220,0.14546416419169567,0.7386283971355865,41,1.5529552425178115,1786,Red,Medium,3
1543,Nike,Clothing,Tshirts,price_mid,2090,0.6555555664859717,0.10012261839607473,12,3.6020209559562226,1561,Pink,L,3
1544,Puma,Accessories,Bags,price_mid,1630,0.5193748726918065,0.27651489758110426,9,3.1384296493952673,802,Brown,Large,7
1545,H&M,Clothing,Dresses,price_high,5110,0.6964038742353884,0.9063194137242938,62,3.7997710403717093,2720,Blue,XL,7
1546,Adidas,Accessories,Belts,price_low,450,0.4399922293002908,0.7410943214003255,17,2.739435019559518,746,Blue,Large,1
1547,Libas,Clothing,Jeans,price_low,460,0.13615148452326556,0.26428225009744566,41,1.540610964576587,2470,Brown,M,1
1548,Puma,Clothing,Dresses,price_mid,1310,0.8215488104275667,0.8122482152048162,81,4.2662137752938305,2651,Green,M,6
1549,Levis,Accessories,Watches,price_high,3810,0.7485487427775965,0.5229751234879548,63,3.99699227873311,3282,Yellow,Medium,5
1550,Libas,Clothing,Jeans,price_low,560,0.2358145233341076,0.2927063058634688,20,1.9197998943585084,1141,Black,XXL,3
1551,Levis,Clothing,Dresses,price_mid,1550,0.1084674332767575,0.6052559204226526,36,1.4111475687390176,1493,Blue,XL,5
1552,Adidas,Clothing,Tshirts,price_low,650,0.4078670571663072,0.11997723554949724,25,2.634026772657629,1373,Green,S,2
1553,Zara,Accessories,Caps,price_mid,1490,0.12455114991322182,0.21813567188791227,63,1.5108661086482924,2743,Red,Large,2
1554,SwissBeauty,Cosmetics,Lipstick,price_low,170,0.5626453550370126,0.14438369979700105,9,3.2737325341265118,292,Blue,Medium,3
1555,Adidas,Accessories,Watches,price_low,570,0.5114238781213015,0.8577562319863704,116,3.05298872845551,3964,Black,Medium,2
1556,Levis,Accessories,Caps,price_mid,2900,0.6382463490815583,0.43745081908206207,62,3.5382627848675887,2264,Black,Medium,2
1557,Zara,Clothing,Tshirts,price_mid,1660,0.3251937380255954,0.41340434633505696,45,2.279906138826471,3121,Green,L,3
1558,H&M,Clothing,Jeans,price_mid,1050,0.27696815131222335,0.4544290553617699,14,2.1354094752605164,526,Yellow,XL,2
1559,MAC,Cosmetics,Foundation,price_low,270,0.5913104901892527,0.22056565760172364,78,3.3797577241711307,2661,Red,Small,6
1560,Nike,Footwear,Boots,price_mid,5000,0.6985141728448739,0.10982439866420468,33,3.763639596399412,2686,Brown,UK8,6
1561,Zara,Clothing,Jeans,price_low,540,0.6394334885478598,0.06296777402725706,87,3.575031325642532,3847,Blue,M,3
1562,Adidas,Clothing,Dresses,price_high,7830,0.7005406819398285,0.5744136705919701,111,3.8076864681015574,5000,Green,XL,5
1563,Zara,Clothing,Shirts,price_mid,1950,0.4678333416919053,0.567951063374402,37,2.8484668279148773,2071,Yellow,M,1
1564,SwissBeauty,Cosmetics,Foundation,price_mid,790,0.6903658206339591,0.19946671000754113,39,3.779286554528247,1907,Purple,Small,4
1565,Nike,Footwear,Sneakers,price_low,1090,0.34541755318177375,0.4713838305989394,47,2.372389458140859,1509,Purple,UK10,2
1566,Adidas,Footwear,Sandals,price_low,1500,0.22069599390552433,0.23130443253170918,3,,105,Yellow,UK10,4
1567,Adidas,Footwear,Sneakers,price_high,12300,0.8225613829082912,0.7184309671500417,24,4.288359867524077,2443,Yellow,UK6,3
1568,Adidas,Clothing,Dresses,price_mid,2500,0.8375735072176607,0.6430192261086868,48,4.329111136325108,2799,Yellow,S,3
1569,Zara,Accessories,Bags,price_low,520,0.5055181698836921,0.7464177357338889,22,3.0052034736305657,1048,Yellow,Small,4
1570,Maybelline,Cosmetics,Moisturizer,price_mid,500,0.5063862216363881,0.8420468009229708,37,3.0345312350123956,3290,Yellow,Medium,3
1571,Libas,Clothing,Tshirts,price_mid,800,0.683506447664662,0.6963790830147177,95,3.7250865908912174,3096,White,XXL,6
1572,H&M,Clothing,Dresses,price_mid,1720,0.10457756553978977,0.19254462549141216,49,1.4288111092893192,3390,Yellow,S,6
1573,H&M,Clothing,Tshirts,price_low,290,0.4448917591861745,0.44946701247710863,56,2.7907979363267343,1862,Red,S,6
1574,Puma,Accessories,Caps,price_high,7130,0.8242298365772944,0.6867597433315406,33,4.280453093118691,2331,Blue,Small,4
1575,Nike,Footwear,Sneakers,price_low,1460,0.4038947620613699,0.42035665443930337,9,2.566386480701702,444,Green,UK6,1
1576,Nike,Clothing,Tshirts,price_mid,1700,0.5081463825687503,0.5202618667015605,52,3.03100554283742,1876,Brown,XXL,5
1577,Levis,Accessories,Bags,price_high,8420,0.682234128086006,0.5672936232059268,6,3.729103171056294,202,Black,Small,5
1578,Maybelline,Cosmetics,Foundation,price_mid,1460,0.1610938240874184,0.7983021123097056,62,1.6493639576446655,2370,Yellow,Medium,3
1579,Adidas,Footwear,Boots,price_high,8880,0.873345945139538,0.6945176208524326,51,4.48299690147199,2974,Yellow,UK12,7
1580,Libas,Clothing,Dresses,price_mid,1700,0.5513031213768322,0.13521814385676156,38,3.1946664511309844,1673,Brown,M,7
1581,Zara,Clothing,Jeans,price_mid,2410,0.7769474639051395,0.24149473413082123,54,4.11411785799627,1946,Purple,XXL,5
1582,Adidas,Clothing,Jeans,price_mid,1260,0.4663198511536629,0.490508354084529,65,2.841330479174515,3144,Green,M,6
1583,Adidas,Footwear,Sandals,price_low,1350,0.202690521968683,0.5467262795579201,0,,0,Purple,UK10,2
1584,SwissBeauty,Cosmetics,Foundation,price_low,100,0.07830008278484829,0.027321806366028212,9,1.3374937452638191,929,Red,Large,1
1585,Puma,Clothing,Kurtis,price_mid,1260,0.7160147210215567,0.6879564016343803,54,3.8765261132030933,2750,Blue,XL,7
1586,Zara,Accessories,Bags,price_mid,3000,0.7968937096274461,0.025841263824890603,43,4.157470893843555,3181,Purple,Medium,4
1587,SwissBeauty,Cosmetics,Foundation,price_low,190,0.3486606121107294,0.1592744520682129,45,2.4178574720729094,2162,Green,Large,6
1588,Puma,Footwear,Sports Shoes,price_high,7650,0.46217296799159124,0.17572496700552864,37,2.83948378724329,2184,Brown,UK12,7
1589,Libas,Clothing,Tshirts,price_mid,900,0.5548080746479214,0.5992116484705593,33,3.188455199987414,1352,Pink,M,4
1590,Libas,Clothing,Shirts,price_mid,1510,0.12597722519126636,0.40518334789366395,2,,115,Yellow,XL,2
1591,Maybelline,Cosmetics,Sunscreen,price_low,140,0.1851641353265704,0.31012637035234425,11,1.7047092570244105,863,Black,Large,1
1592,Nike,Footwear,Sports Shoes,price_mid,3260,0.6928799499690793,0.6021025170089722,18,3.7765490049161046,777,White,UK12,3
1593,MAC,Cosmetics,Moisturizer,price_mid,2000,0.6022892090233413,0.924642358167632,4,,603,Blue,Small,3
1594,SwissBeauty,Cosmetics,Sunscreen,price_low,230,0.20841085148107288,0.8902049851104128,7,1.794136878235783,108,Red,Medium,6
1595,SwissBeauty,Cosmetics,Moisturizer,price_mid,920,0.7351324231390141,0.8804539883948846,57,3.9485001064800374,3258,Yellow,Medium,6
1596,Maybelline,Cosmetics,Lipstick,price_low,180,0.6218176201420546,0.06553055451438539,27,3.482954490910033,1655,Pink,Large,2
1597,Adidas,Footwear,Sandals,price_low,1060,0.060285320081320745,0.02070937486526525,8,1.2259820022785375,236,Green,UK8,6
1598,Maybelline,Cosmetics,Lipstick,price_low,310,0.1348644870880557,0.08216827706966756,12,1.5289045594011166,288,Black,Medium,6
1599,Puma,Footwear,Flats,price_mid,4500,0.43002559064977347,0.042319194872595944,7,2.663143677134382,431,Yellow,UK8,3
1600,Nike,Footwear,Sneakers,price_high,13580,0.8363468283935223,0.668664374087802,90,4.338745373357037,3760,Pink,UK10,7
1601,Adidas,Clothing,Jeans,price_mid,1990,0.16903437426750476,0.918051436711043,5,1.7524287556547895,184,Blue,L,2
1602,Adidas,Footwear,Sneakers,price_high,10890,0.9123273189532717,0.9724761183131773,85,4.640729649954007,3919,Red,UK8,1
1603,Levis,Clothing,Dresses,price_low,430,0.13258742076997315,0.21613346940977252,27,1.528113940534539,1435,Purple,M,7
1604,Adidas,Footwear,Flats,price_low,1360,0.16955250816431014,0.8067049916194087,65,1.6640373217578743,3062,Blue,UK4,6
1605,Adidas,Footwear,Sandals,price_mid,4000,0.31738213513365576,0.6064564956396092,13,2.301381962217275,1336,Blue,UK6,4
1606,Libas,Clothing,Shirts,price_low,590,0.22321689402231953,0.8548135313001086,88,1.8757260142936807,2952,Blue,XXL,7
1607,Adidas,Footwear,Sports Shoes,price_low,1180,0.43602356680651494,0.5006835077582185,21,2.7027450122047996,774,Brown,UK12,1
1608,Puma,Clothing,Kurtis,price_high,3480,0.8725874666343177,0.10674578945777169,74,4.491454264531126,3719,Blue,XXL,2
1609,Maybelline,Cosmetics,Lipstick,price_mid,950,0.5395218320575083,0.6368334345731035,40,3.1747319378368775,2019,Pink,Large,1
1610,Levis,Accessories,Belts,price_high,9240,0.49504519290802884,0.3917614099972311,53,2.992964752837853,2669,Purple,Small,1
1611,Levis,Clothing,Kurtis,price_high,6230,0.7551876353374677,0.5750282055648875,8,4.044318051962573,296,Pink,M,2
1612,Puma,Footwear,Flats,price_mid,4160,0.2844434502728195,0.4072790234886551,5,2.1652138849700076,0,Green,UK6,5
1613,Nike,Footwear,Sneakers,price_low,1090,0.602752667635849,0.07674462416935512,30,3.4244466943141316,1498,Red,UK8,2
1614,Puma,Footwear,Sandals,price_mid,3850,0.9111004066353837,0.778018443227054,3,,389,White,UK10,4
1615,H&M,Footwear,Sneakers,price_mid,2230,0.40228927939691905,0.12878644784179316,49,2.6133825645705717,1737,Red,UK4,2
1616,Nike,Accessories,Belts,price_low,470,0.4474037744195374,0.6074274039892833,12,2.7799029360694654,677,Red,Medium,2
1617,MAC,Cosmetics,Sunscreen,price_low,500,0.5287983269465814,0.76759463711533,63,3.1200409778499076,3173,Purple,Medium,1
1618,Maybelline,Cosmetics,Lipstick,price_mid,1050,0.53954943656319,0.8474317154680948,101,3.162826963736895,5000,Brown,Large,2
1619,Zara,Footwear,Flats,price_low,1500,0.2798753554376465,0.11582856805697161,2,,239,Brown,UK4,7
1620,Puma,Footwear,Sneakers,price_low,1090,0.5045435695367277,0.667106791680487,63,3.018814977396299,2476,Brown,UK6,4
1621,Adidas,Clothing,Shirts,price_mid,1290,0.4508393068880871,0.6670257476759167,8,2.8578035465013754,567,Red,XXL,7
1622,Libas,Clothing,Jeans,price_mid,1770,0.6317334932388082,0.2857644153690896,22,3.513384838258341,2006,Red,XL,3
1623,Nike,Footwear,Flats,price_mid,4180,0.38800548576870075,0.6259624616856717,7,2.4879572014066618,200,Black,UK8,7
1624,Adidas,Footwear,Sandals,price_mid,4320,0.5855832410681273,0.9812357489332717,90,3.360339779272996,3010,Brown,UK8,2
1625,Puma,Footwear,Sports Shoes,price_high,9380,0.8628533976879404,0.330353808144777,45,4.432528855604923,1798,Red,UK12,3
1626,H&M,Footwear,Flats,price_high,12030,0.39740015483360547,0.10835486788268822,52,2.6127306965583403,2098,Yellow,UK8,7
1627,Zara,Clothing,Shirts,price_mid,2500,0.3208227271332283,0.4078191043601771,37,2.279199103953548,2902,Brown,XL,2
1628,Nike,Footwear,Flats,price_high,7480,0.835184299167994,0.4419893411838607,74,4.359307363064125,3306,Pink,UK12,6
1629,Levis,Clothing,Shirts,price_mid,2350,0.7125041912242679,0.6501895878014101,4,,270,Brown,M,6
1630,Zara,Accessories,Belts,price_high,10760,0.6798569858085924,0.8972507964423513,152,3.7074307806861126,5000,Blue,Small,6
1631,Puma,Footwear,Sneakers,price_mid,4230,0.6320590380579251,0.40623093091333007,60,3.532803371852055,2983,Brown,UK6,4
1632,MAC,Cosmetics,Moisturizer,price_mid,1400,0.3595608355699622,0.6303528329193901,37,2.4447839017898567,2198,Yellow,Small,5
1633,Puma,Footwear,Sandals,price_mid,2690,0.6062961670432834,0.19028661256456714,70,3.4434767156760513,2503,Purple,UK4,3
1634,SwissBeauty,Cosmetics,Foundation,price_low,240,0.22119129193051273,0.7731448509599469,20,1.886404723155453,652,Pink,Large,1
1635,Zara,Accessories,Bags,price_mid,860,0.37691131449568704,0.6677163381293993,54,2.5321468754745022,1997,Black,Medium,1
1636,Nike,Accessories,Belts,price_low,390,0.026659063093438934,0.08121410510178684,11,1.1274106855354586,780,Purple,Small,1
1637,Adidas,Accessories,Bags,price_mid,1390,0.5285199497512842,0.629862022448582,28,3.1163643664522085,1879,Purple,Small,4
1638,Nike,Footwear,Sandals,price_low,1250,0.41503506010298824,0.4433136183177919,73,2.6754496850889233,3279,Green,UK4,6
1639,Adidas,Footwear,Sports Shoes,price_high,11630,0.8831534230302056,0.598835708808161,64,4.5098822632345135,3052,Red,UK10,2
1640,SwissBeauty,Cosmetics,Foundation,price_low,150,0.23928813636824797,0.019462485279623243,56,1.9805863335669511,3024,White,Large,6
1641,SwissBeauty,Cosmetics,Sunscreen,price_high,3500,0.6438629531630051,0.9324851676955684,0,,23,Pink,Small,4
1642,Zara,Accessories,Bags,price_high,6710,0.7852156801266938,0.4538664388068996,88,4.145947993109228,4013,Green,Medium,3
1643,MAC,Cosmetics,Foundation,price_high,3960,0.9111365217351671,0.5446854153809458,15,4.599332793908934,552,Red,Small,7
1644,Levis,Accessories,Caps,price_low,340,0.11905632562096809,0.37982954913839717,15,1.4449255214453738,443,Black,Small,7
1645,Adidas,Footwear,Sneakers,price_mid,4060,0.48915025400747236,0.3449652222989582,31,2.9452513133681317,2358,Yellow,UK10,1
1646,H&M,Accessories,Bags,price_mid,2040,0.3924393223410525,0.16869357872424995,36,2.6012781467955577,1795,Red,Small,7
1647,Adidas,Footwear,Boots,price_low,1050,0.13619464936915762,0.9949288521178076,67,1.555264814854962,2441,Yellow,UK8,7
1648,Libas,Clothing,Tshirts,price_low,440,0.44037360211643134,0.7909368239317708,45,2.758426812759217,1857,Green,M,1
1649,Puma,Clothing,Tshirts,price_mid,2190,0.2883770308814047,0.5362439962277024,50,2.1782477851869495,1829,Yellow,L,5
1650,H&M,Accessories,Watches,price_low,510,0.266863403155124,0.7843945453407505,0,,177,White,Small,7
1651,H&M,Footwear,Flats,price_mid,3920,0.4432588846815363,0.8480760717041813,6,2.7083512677668202,105,Purple,UK10,1
1652,Levis,Clothing,Shirts,price_mid,1810,0.5153931616038651,0.7028193219647675,14,3.056156443345275,431,Black,XL,6
1653,Nike,Accessories,Watches,price_low,670,0.35417956768709746,0.49646440324149954,82,2.437828872022672,4692,Brown,Small,7
1654,Maybelline,Cosmetics,Lipstick,price_mid,690,0.45283005442502494,0.8406806600908955,70,2.796505402005147,2923,Purple,Medium,6
1655,Zara,Clothing,Kurtis,price_mid,1090,0.6164051995889731,0.3350510190358349,53,3.456768288369,2661,Blue,L,4
1656,Adidas,Footwear,Sports Shoes,price_mid,3040,0.21489026048142035,0.9817020414070655,12,1.8266831119339173,577,Black,UK10,7
1657,Nike,Footwear,Sandals,price_mid,3340,0.4686520077805528,0.42996107506332537,57,2.87748818362401,3971,Pink,UK12,7
1658,Puma,Clothing,Dresses,price_low,490,0.08841626333772633,0.03391103410273777,32,1.3815746895986205,2105,Yellow,XXL,4
1659,Zara,Accessories,Caps,price_mid,1820,0.17604642901536308,0.1299881733815168,29,1.7281520231472414,2981,Purple,Large,5
1660,Adidas,Footwear,Sandals,price_low,1170,0.6394616089672459,0.5456923880244411,41,3.5831130865572725,2006,Red,UK10,1
1661,Nike,Footwear,Flats,price_mid,3660,0.582955884289814,0.19598874851517445,95,3.3232010300860244,3294,Green,UK4,5
1662,Puma,Footwear,Sneakers,price_mid,4060,0.6070472417792622,0.6636921984952493,60,3.4063355825537256,2703,Brown,UK10,4
1663,H&M,Footwear,Sandals,price_mid,3080,0.6242950066648119,0.8455112811469683,142,3.4937680939001963,5000,Green,UK8,5
1664,Puma,Footwear,Sandals,price_mid,3640,0.47977616997671657,0.681562733086845,0,,113,Green,UK6,3
1665,Adidas,Clothing,Tshirts,price_high,5800,0.7255487526901266,0.9944730281096281,60,3.888947154041514,4086,Purple,XL,5
1666,Levis,Clothing,Tshirts,price_high,4540,0.8127067532335771,0.7464727933900913,136,4.248778978408622,5000,Pink,L,2
1667,H&M,Accessories,Watches,price_low,360,0.4712690397174597,0.8152265817775385,0,,0,Yellow,Large,2
1668,SwissBeauty,Cosmetics,Sunscreen,price_mid,1170,0.5200206437478198,0.2221971516779968,13,3.094952642082072,811,Brown,Large,1
1669,Puma,Clothing,Tshirts,price_mid,1640,0.6788132327499838,0.5330402535311743,73,3.7101372523533667,3656,White,M,3
1670,Zara,Footwear,Sneakers,price_high,9580,0.5806928467761088,0.6945976780524137,76,3.3210062146625754,2511,Purple,UK4,2
1671,Levis,Accessories,Bags,price_mid,1860,0.6845621728622538,0.025659270224186348,57,3.714548736297429,3171,Brown,Medium,4
1672,H&M,Accessories,Bags,price_low,400,0.2732773342777505,0.6801030657239612,1,,0,Yellow,Small,2
1673,Levis,Clothing,Dresses,price_high,7010,0.9423037708924301,0.0745096424692766,82,4.7525331095583825,3004,White,XXL,4
1674,Puma,Clothing,Kurtis,price_low,450,0.18019650222252265,0.7934514957494329,38,1.7009661954470858,2652,Purple,M,4
1675,Adidas,Clothing,Shirts,price_low,530,0.4123608702912814,0.10722222340550913,40,2.656510406833918,3308,Purple,XXL,2
1676,Maybelline,Cosmetics,Sunscreen,price_mid,860,0.21184080178945416,0.4262500811169062,0,,6,Red,Small,5
1677,H&M,Clothing,Kurtis,price_mid,1140,0.6641273326065708,0.9503867907059146,83,3.6769479108966387,3109,Red,L,2
1678,Adidas,Footwear,Boots,price_low,1260,0.4257152849824284,0.47288771392021767,28,2.693975783543108,1873,Green,UK10,1
1679,Puma,Clothing,Dresses,price_mid,2250,0.72723132085241,0.3483162552281738,34,3.8965232627877553,2131,Green,L,5
1680,SwissBeauty,Cosmetics,Foundation,price_low,200,0.37836165021832907,0.7729255526033574,33,2.54553696838352,2106,White,Large,4
1681,Zara,Clothing,Tshirts,price_mid,1910,0.56065359185866,0.9831539298653742,14,3.213983050119154,608,Pink,XXL,6
1682,Levis,Clothing,Dresses,price_mid,1620,0.9247104350587236,0.7126761514065887,13,4.657600347784388,895,Green,XXL,2
1683,Levis,Clothing,Tshirts,price_low,620,0.90328549950936,0.9853860909662752,37,4.580337557825484,2508,Red,S,1
1684,Adidas,Clothing,Jeans,price_mid,2500,0.17893929764218833,0.07274816899345304,12,1.6749754752962802,528,Blue,L,7
1685,Puma,Clothing,Shirts,price_mid,1840,0.8052985501658084,0.6334178494885946,80,4.210895632004559,5000,Green,S,3
1686,Zara,Clothing,Jeans,price_low,610,0.5229035148987914,0.9951004215831868,10,3.030588117027977,957,White,M,4
1687,Adidas,Footwear,Sports Shoes,price_high,12930,0.5520880451650836,0.1497046854116031,23,3.2195263353644097,1084,Purple,UK12,6
1688,SwissBeauty,Cosmetics,Foundation,price_high,2200,0.7149070803214242,0.21843863878685799,2,,332,Brown,Small,6
1689,H&M,Clothing,Tshirts,price_mid,1980,0.4974256056564793,0.6451478899053058,126,3.0072653624050214,4205,Blue,S,4
1690,SwissBeauty,Cosmetics,Foundation,price_mid,930,0.8081268978889922,0.20395703403312393,11,4.186413407125615,551,Purple,Small,5
1691,Libas,Clothing,Jeans,price_low,440,0.307842648200074,0.7869229479183644,10,2.246863643340648,386,White,XL,3
1692,Zara,Clothing,Jeans,price_low,410,0.32609083369527414,0.15475493567241527,41,2.281959217302493,3189,Red,L,2
1693,Adidas,Footwear,Flats,price_mid,3800,0.6393900218005332,0.8996514577990611,129,3.5636095853064385,5000,Blue,UK10,1
1694,Nike,Footwear,Sports Shoes,price_low,1180,0.3812990682576498,0.06332193655644902,8,2.4744460598984213,442,Yellow,UK10,7
1695,MAC,Cosmetics,Moisturizer,price_mid,1200,0.45014033584002683,0.837861015842014,39,2.7888719425018698,1316,Green,Small,2
1696,Adidas,Footwear,Sandals,price_mid,4980,0.4341236375825067,0.9553419731617722,97,2.7265177224076025,3380,Purple,UK12,1
1697,Nike,Footwear,Sandals,price_low,950,0.13916335440329008,0.6533196670092067,57,1.542334409788625,2180,Yellow,UK12,7
1698,Puma,Accessories,Watches,price_low,440,0.4457473438675562,0.48910322580327137,55,2.7731997946194995,2870,White,Small,2
1699,MAC,Cosmetics,Sunscreen,price_mid,1300,0.3292360148634391,0.2538962481737801,26,2.2882980934930974,1723,White,Large,6
1700,MAC,Cosmetics,Foundation,price_mid,2000,0.5203421199880575,0.43879599871254027,50,3.082604612603008,2835,Green,Medium,1
1701,Adidas,Clothing,Kurtis,price_mid,2290,0.5859315834621917,0.9106634817846186,115,3.3306221941152767,4051,Yellow,XL,6
1702,Adidas,Accessories,Watches,price_mid,3000,0.39877794660703686,0.2430271963079894,30,2.562568811676247,2487,Blue,Small,7
1703,Adidas,Footwear,Sandals,price_low,970,0.31991201620625587,0.03765711101421321,14,2.234399615541464,608,Brown,UK10,5
1704,Maybelline,Cosmetics,Foundation,price_mid,1370,0.7349965172655639,0.43836994729424206,21,3.919239414663192,682,Purple,Large,5
1705,Nike,Footwear,Sports Shoes,price_high,14190,0.9620766800041392,0.9225474204913291,5,4.832203403834892,202,Red,UK6,1
1706,Adidas,Clothing,Dresses,price_mid,2380,0.6808962334223203,0.85518562640435,131,3.7143285042997918,5000,Blue,XL,1
1707,Zara,Clothing,Dresses,price_high,6270,0.7993142179477095,0.9285373454361594,59,4.211790914756522,3394,Green,XXL,2
1708,SwissBeauty,Cosmetics,Moisturizer,price_low,110,0.582270186523196,0.3027906581672988,41,3.3308936948648764,2242,Brown,Small,1
1709,Nike,Footwear,Sneakers,price_mid,3840,0.5737253353121979,0.21041710441390815,10,3.3403824243532174,374,Blue,UK12,1
1710,Nike,Clothing,Tshirts,price_low,470,0.46896931493979394,0.11807921429522994,12,2.93245007498169,277,White,XL,4
1711,MAC,Cosmetics,Lipstick,price_mid,1740,0.5377071503231541,0.11593389595083581,1,,0,Blue,Small,2
1712,Levis,Clothing,Tshirts,price_low,490,0.1481087805698333,0.7425796682054597,42,1.5783146079577473,2320,White,M,2
1713,Zara,Accessories,Bags,price_low,370,0.416483391202452,0.3802836040952293,30,2.6913981305542736,1005,Red,Large,2
1714,H&M,Footwear,Flats,price_mid,2180,0.5545115520020728,0.76436007607729,5,3.2080974991279594,304,Blue,UK4,3
1715,Levis,Clothing,Shirts,price_mid,2380,0.39207009571079326,0.8598438427503567,53,2.5545234662051373,2249,Purple,M,2
1716,Puma,Footwear,Sneakers,price_mid,2850,0.27597465448012903,0.8468730924034654,67,2.1020350187788455,2680,Purple,UK10,7
1717,SwissBeauty,Cosmetics,Moisturizer,price_low,320,0.38746822354746646,0.7156733324151527,9,2.5292011721577636,587,Purple,Small,7
1718,Maybelline,Cosmetics,Lipstick,price_low,380,0.03782962277589621,0.11865033315031981,20,1.1238165429272144,756,Black,Medium,5
1719,Libas,Clothing,Shirts,price_high,3860,0.7815106786593579,0.027042152429798683,54,4.14030617785216,2082,Green,S,2
1720,Levis,Accessories,Watches,price_low,340,0.2102900765842181,0.23080679444617325,45,1.84870350618822,2111,Red,Small,5
1721,Puma,Footwear,Sandals,price_low,1060,0.5974513791651961,0.5908126683710544,16,3.3907657055432456,460,Green,UK6,7
1722,Levis,Clothing,Dresses,price_low,460,0.29870255072394947,0.8640551727905753,106,2.20633339234011,5000,Red,M,6
1723,MAC,Cosmetics,Lipstick,price_low,410,0.4150841162873894,0.9079805083952566,42,2.665422093973217,2745,White,Large,7
1724,Puma,Footwear,Flats,price_low,750,0.10209763509053474,0.44281226836236487,2,,222,Purple,UK8,3
1725,Nike,Footwear,Sneakers,price_mid,2770,0.4753186231054641,0.8367702052748784,110,2.917705972088016,4008,Black,UK4,1
1726,Nike,Clothing,Tshirts,price_mid,1470,0.4978522379525724,0.20721945186440205,68,2.9837944863334274,2742,Black,XXL,2
1727,Libas,Clothing,Kurtis,price_low,330,0.5863281695070778,0.5162799138026195,49,3.373128426450343,3186,Brown,S,7
1728,Maybelline,Cosmetics,Lipstick,price_mid,1370,0.4629984164463264,0.10818161796183257,5,2.872029532039547,124,Red,Medium,1
1729,Nike,Clothing,Shirts,price_low,590,0.43067042750599865,0.22918900349839988,3,,210,Red,L,3
1730,Levis,Accessories,Watches,price_low,440,0.2457765752124779,0.11420585739660816,24,1.943353807276546,846,Red,Large,4
1731,Levis,Clothing,Jeans,price_low,520,0.6251078407570848,0.42948491570472924,42,3.522206979743856,1510,Red,M,1
1732,Puma,Footwear,Boots,price_mid,4210,0.5154694594612149,0.6069626912666846,3,,376,White,UK8,7
1733,Puma,Footwear,Flats,price_low,1150,0.05601442835391497,0.5246159154217528,67,1.2279245188648968,3310,White,UK4,1
1734,Adidas,Clothing,Shirts,price_low,800,0.3053539482805067,0.6268376453914806,56,2.2198974644891805,2710,Blue,S,1
1735,Puma,Footwear,Sports Shoes,price_high,7000,0.7673465941595704,0.749022667520517,8,4.029471983372616,450,Yellow,UK12,7
1736,Nike,Accessories,Caps,price_mid,2860,0.608910269791567,0.6310745753082488,8,3.393708954153672,294,Red,Medium,2
1737,SwissBeauty,Cosmetics,Foundation,price_low,180,0.0862458735710744,0.6088492162662449,29,1.3428692702305383,1064,Pink,Large,7
1738,Puma,Footwear,Boots,price_mid,3630,0.5035450524359006,0.49282442509294744,87,3.0158786390574712,3146,Blue,UK6,4
1739,Adidas,Footwear,Flats,price_low,1230,0.4826294815122129,0.29261601792317193,35,2.9009067811262113,2439,Black,UK4,2
1740,Adidas,Clothing,Tshirts,price_mid,1700,0.541903680754313,0.23329888158229328,2,,580,Purple,XL,2
1741,Levis,Clothing,Jeans,price_mid,1590,0.4430953811767682,0.5684625350830677,40,2.774052068108595,2023,White,S,1
1742,SwissBeauty,Cosmetics,Lipstick,price_mid,1410,0.4958903299409899,0.6603222946790351,74,2.9785877243378525,3215,White,Small,5
1743,Zara,Footwear,Flats,price_low,1100,0.41166081086171424,0.841027439820457,64,2.669443639672667,3315,Red,UK8,1
1744,SwissBeauty,Cosmetics,Moisturizer,price_high,2270,0.6642003788151524,0.3693769848670524,8,3.71083216727015,404,Brown,Large,5
1745,Zara,Accessories,Watches,price_low,320,0.5163091122499829,0.9760113019083202,0,,125,Brown,Large,6
1746,Puma,Footwear,Sandals,price_low,1320,0.15521069156375752,0.07060939051589521,4,,0,Black,UK8,3
1747,Nike,Footwear,Sneakers,price_high,15000,0.3547698974669101,0.5219462924684981,32,2.4375324830306013,1840,Yellow,UK12,4
1748,Adidas,Accessories,Belts,price_mid,1320,0.36944011683918593,0.02569294169173142,15,2.429339123406623,1394,Black,Medium,3
1749,Nike,Footwear,Flats,price_mid,3630,0.46974207156818576,0.0851280339029108,10,2.8968307266287874,1150,Blue,UK4,2
1750,Puma,Footwear,Flats,price_low,870,0.3516605999711852,0.6704123424252458,20,2.3691606354743815,1862,Brown,UK6,4
1751,Maybelline,Cosmetics,Sunscreen,price_mid,1350,0.30569046895388874,0.6645834269776089,0,,187,Red,Large,3
1752,Nike,Clothing,Dresses,price_low,630,0.4832351232235658,0.11249299611605734,22,2.942296720133786,1744,White,XXL,6
1753,Libas,Clothing,Kurtis,price_mid,1530,0.2499940357683713,0.22413069258113882,50,2.0044174407387514,2688,Purple,S,7
1754,H&M,Accessories,Belts,price_mid,1920,0.7315855970372727,0.1817252508763214,45,3.9161952803815,1989,Black,Large,6
1755,Levis,Clothing,Shirts,price_low,460,0.39749605941907273,0.6118039371766764,96,2.593193007621528,3212,White,XXL,3
1756,Libas,Clothing,Tshirts,price_low,420,0.3199260807076205,0.15980724231322319,42,2.2792332487499194,1946,Yellow,XL,3
1757,Nike,Footwear,Sports Shoes,price_mid,4640,0.24004995368731713,0.22200258274315454,35,1.990296612049003,3124,Brown,UK12,2
1758,Zara,Footwear,Sneakers,price_low,1140,0.07279582334363792,0.9905951990747679,37,1.287425678959328,2034,White,UK12,5
1759,Nike,Clothing,Kurtis,price_low,380,0.485572971885655,0.9987107949681301,70,2.9526358637742685,2979,Yellow,L,6
1760,Maybelline,Cosmetics,Sunscreen,price_high,4880,0.7927021305074238,0.7147347733928225,62,4.166735914395284,2292,Yellow,Medium,6
1761,Nike,Footwear,Sneakers,price_low,1500,0.21008992629384363,0.3212175559721423,40,1.8433347218358755,3284,Black,UK8,7
1762,MAC,Cosmetics,Lipstick,price_high,4830,0.677767147172718,0.3020881674855348,0,,81,Blue,Large,1
1763,Adidas,Footwear,Flats,price_mid,3350,0.8629287369968708,0.7876979676426897,26,4.453270962205688,2621,Blue,UK10,7
1764,SwissBeauty,Cosmetics,Sunscreen,price_low,230,0.27546266665444996,0.7001946066222478,62,2.0764941916282735,2789,Brown,Large,1
1765,Zara,Footwear,Sandals,price_high,11280,0.6864766118453417,0.5511529530991628,67,3.733086367622588,2504,Blue,UK10,3
1766,H&M,Footwear,Sneakers,price_low,860,0.1512794613457819,0.18470796882448137,39,1.6196418569172475,2464,Black,UK8,5
1767,Adidas,Footwear,Sandals,price_high,13340,0.7295573749604307,0.5817695885585812,98,3.904751320380106,3536,Brown,UK10,3
1768,Adidas,Accessories,Bags,price_high,5890,0.9313320693362797,0.3402849926676764,74,4.703941527950671,2835,Purple,Large,1
1769,Levis,Clothing,Kurtis,price_mid,1200,0.4659511260324625,0.6874526275772302,32,2.890782823260221,2679,Purple,M,6
1770,Levis,Accessories,Bags,price_low,460,0.23403764128469343,0.4224821603504274,23,1.9183090525038784,2403,Yellow,Large,5
1771,Maybelline,Cosmetics,Foundation,price_mid,870,0.3269499329247601,0.9758642294209944,51,2.3228515791383018,2330,Blue,Large,5
1772,Libas,Clothing,Tshirts,price_mid,960,0.4501407838165727,0.5941173930172919,50,2.8186064281048773,3108,Pink,M,3
1773,Adidas,Footwear,Sneakers,price_low,1120,0.17248322623389473,0.3750446713150174,27,1.652951959033723,2101,Brown,UK12,4
1774,Puma,Footwear,Sports Shoes,price_mid,2750,0.40798432325388195,0.8201913743503613,13,2.592778788385533,623,Purple,UK10,7
1775,Adidas,Footwear,Sports Shoes,price_high,12440,0.7253364395270466,0.7825168367698142,13,3.864332025649719,638,Purple,UK6,2
1776,SwissBeauty,Cosmetics,Lipstick,price_low,290,0.3370993242916161,0.36952966643935836,4,,363,Black,Small,7
1777,Adidas,Footwear,Sports Shoes,price_low,880,0.14454440652200504,0.6326240102499878,9,1.626502711871753,452,Purple,UK6,1
1778,Zara,Clothing,Shirts,price_high,4410,0.5298713131163676,0.15215582619691137,42,3.1232659203640982,2305,White,XL,4
1779,Maybelline,Cosmetics,Foundation,price_mid,1140,0.4733500476035583,0.3901435138862498,29,2.911209694586361,1330,Green,Medium,6
1780,Nike,Accessories,Belts,price_high,11120,0.6629897980193492,0.2512010450170107,88,3.6699447088461445,3449,Black,Small,1
1781,SwissBeauty,Cosmetics,Lipstick,price_mid,950,0.23941759935882753,0.39608095944822097,20,1.969846818885641,1359,Brown,Small,2
1782,Puma,Accessories,Watches,price_high,7970,0.7621582868279154,0.7855934791063173,58,4.045908846605524,2441,Pink,Medium,2
1783,H&M,Accessories,Bags,price_low,500,0.22613453305316372,0.07613968958910355,30,1.9249689909710315,1915,Green,Small,2
1784,Nike,Footwear,Flats,price_mid,3220,0.5107539402434589,0.34571923089350975,3,,182,Black,UK12,1
1785,Puma,Footwear,Flats,price_low,1500,0.5253353373979379,0.9479879998717912,9,3.1164061312002436,499,Green,UK4,6
1786,Adidas,Footwear,Sports Shoes,price_high,11110,0.847437431242188,0.7524214534457643,143,4.381977630259504,5000,Red,UK4,6
1787,Puma,Accessories,Caps,price_low,460,0.3139979324509238,0.7397675152543335,22,2.2544207033526162,1981,Blue,Small,2
1788,Puma,Accessories,Caps,price_mid,2440,0.25118128183329336,0.6147766170304267,3,,274,White,Large,5
1789,SwissBeauty,Cosmetics,Foundation,price_high,3170,0.6303557961931628,0.2062799352623239,97,3.5308968001135392,3493,Green,Medium,2
1790,Zara,Clothing,Jeans,price_low,430,0.26179375951750916,0.0727759666572455,32,2.0234974764344282,1172,Red,XXL,1
1791,MAC,Cosmetics,Sunscreen,price_high,6910,0.6482761574776584,0.2549299175214119,67,3.5717733413345183,3065,Yellow,Small,4
1792,H&M,Footwear,Sneakers,price_mid,3090,0.37773061252235907,0.14482634713325893,39,2.5419129489600434,1157,Yellow,UK8,7
1793,Adidas,Clothing,Tshirts,price_high,7040,0.8430188508092982,0.6343691925727301,58,4.393315789382261,2200,Blue,XL,4
1794,Puma,Footwear,Boots,price_mid,3250,0.3618795712286719,0.17224997489790717,33,2.4196877582742475,1559,Purple,UK8,3
1795,H&M,Footwear,Sneakers,price_mid,2840,0.42161190904328416,0.06595738586121369,9,2.7154732775786474,406,Yellow,UK10,6
1796,MAC,Cosmetics,Moisturizer,price_mid,2000,0.5795104592465548,0.7260269721561529,49,3.332415911696968,2074,Blue,Small,5
1797,Adidas,Footwear,Sandals,price_high,13630,0.7414456028822433,0.8039051191665151,74,3.9853272933407506,5000,Black,UK12,5
1798,Nike,Footwear,Flats,price_mid,2530,0.6424793524147538,0.9932076706385896,75,3.558920498617645,3437,Green,UK10,1
1799,Libas,Clothing,Tshirts,price_low,250,0.4823047643017295,0.08954171733444838,35,2.955065193877456,1392,Brown,XL,6
1800,Adidas,Clothing,Dresses,price_mid,2150,0.3055845292376767,0.5923928949946944,98,2.2102253349749708,3361,Yellow,M,5
1801,MAC,Cosmetics,Lipstick,price_mid,1610,0.4302182697455519,0.03008356237334875,34,2.724013365786179,2976,Green,Large,2
1802,H&M,Accessories,Watches,price_low,430,0.44011701787697666,0.9241230354613894,50,2.765812488706107,1885,Blue,Small,7
1803,Puma,Clothing,Tshirts,price_low,340,0.4293797719691958,0.5220215572859332,15,2.7129421166339736,1686,Black,S,1
1804,H&M,Accessories,Caps,price_mid,1820,0.6295558867008894,0.8020381679887723,77,3.5061017453211583,4429,Black,Small,1
1805,H&M,Footwear,Sneakers,price_low,680,0.7256849806318724,0.061711824814000504,26,3.930358552884955,1962,Brown,UK8,3
1806,Adidas,Footwear,Sneakers,price_mid,2450,0.6511393242156327,0.4825878461924462,73,3.6158176400987143,2513,Brown,UK6,2
1807,Libas,Clothing,Dresses,price_low,500,0.18358065786346958,0.09765814270726747,1,,197,Red,XL,7
1808,SwissBeauty,Cosmetics,Lipstick,price_mid,800,0.666053791918378,0.3294239785708254,61,3.682067437286408,2448,Black,Medium,7
1809,Nike,Clothing,Kurtis,price_mid,2500,0.8205113765413542,0.6684419616306875,8,4.233621465136005,447,Blue,S,1
1810,H&M,Accessories,Watches,price_high,8140,0.8728111339292632,0.7040796566063423,126,4.478569314344283,5000,Yellow,Medium,1
1811,Maybelline,Cosmetics,Lipstick,price_mid,1450,0.8628666939985284,0.5914812853102726,77,4.459233230781332,3491,White,Small,5
1812,Puma,Footwear,Sandals,price_low,1050,0.24217254090870582,0.2023020930156193,7,1.9874415007924955,426,Black,UK12,6
1813,Adidas,Footwear,Sneakers,price_mid,4620,0.43229358849674066,0.5279544832861411,47,2.7188979873818466,2922,Brown,UK12,5
1814,H&M,Accessories,Watches,price_high,7880,0.5747185358131444,0.4852950705706274,45,3.3186336071596867,2353,Purple,Small,3
1815,Maybelline,Cosmetics,Foundation,price_mid,1110,0.6101664905376865,0.8967921836454761,54,3.423087209723149,2119,Yellow,Small,1
1816,Nike,Accessories,Belts,price_mid,2010,0.2599730657646515,0.8492701274409313,18,2.042569744890872,674,Brown,Small,4
1817,Zara,Clothing,Jeans,price_low,800,0.24416396725126055,0.8973223460587834,54,1.964628459975836,3261,Green,S,7
1818,Puma,Footwear,Sports Shoes,price_high,10780,0.6379886079635568,0.4569181523530731,138,3.5678555167462243,5000,Green,UK10,3
1819,Nike,Footwear,Sneakers,price_mid,4660,0.5181331793478244,0.6449810382084982,13,3.0537674099856402,506,Blue,UK12,6
1820,Zara,Footwear,Sports Shoes,price_low,880,0.5776796911039235,0.9430251306111211,62,3.334445202626142,3470,Blue,UK10,1
1821,SwissBeauty,Cosmetics,Sunscreen,price_low,270,0.5394817327684047,0.2664010444003927,28,3.146811247764287,2286,Brown,Medium,6
1822,Libas,Clothing,Kurtis,price_low,540,0.605503639493396,0.12641904505257406,33,3.3937518646242792,2412,Green,M,7
1823,H&M,Accessories,Bags,price_mid,2470,0.7546668008934866,0.04978103982932358,56,3.995608988111598,3085,Yellow,Large,3
1824,Zara,Footwear,Sports Shoes,price_low,870,0.43251861607020575,0.847618318084752,111,2.7281418922464113,5000,Green,UK12,2
1825,Zara,Accessories,Belts,price_high,7320,0.40709820028970983,0.0584107644033387,65,2.6146832524655657,2681,Brown,Small,2
1826,SwissBeauty,Cosmetics,Lipstick,price_low,210,0.6521207814610527,0.38948607401249935,11,3.5705335293707496,368,Purple,Small,4
1827,H&M,Clothing,Dresses,price_mid,1810,0.5922506078603631,0.059001856233677374,65,3.387155465102871,2454,Purple,S,5
1828,Libas,Clothing,Kurtis,price_high,5150,0.8387427269665203,0.31498336930520665,91,4.352177380145818,2972,Red,L,2
1829,Levis,Accessories,Watches,price_mid,1430,0.6152793157186137,0.0438501464786234,19,3.504981532246391,534,Black,Large,3
1830,MAC,Cosmetics,Foundation,price_high,6930,0.822838695210324,0.6536458066599347,17,4.263533068086892,750,Pink,Large,6
1831,Adidas,Clothing,Kurtis,price_low,630,0.3796277072707605,0.46832521567645935,44,2.4947604580236495,3735,Yellow,XL,3
1832,Adidas,Clothing,Dresses,price_mid,1890,0.6451909207151403,0.7327024570710269,81,3.590002136327351,4077,Brown,M,4
1833,Adidas,Clothing,Jeans,price_low,720,0.10198440093073587,0.7734461432004216,18,1.4507319381578443,901,Purple,S,2
1834,Adidas,Footwear,Sandals,price_low,960,0.241877355853763,0.4682720668047805,18,1.9893120387662682,1924,Purple,UK10,3
1835,Zara,Footwear,Sneakers,price_high,8910,0.4754559460327308,0.5299396817421577,5,2.818353366940753,169,Pink,UK12,4
1836,Libas,Clothing,Tshirts,price_mid,2140,0.5766711851219642,0.9964558724416116,46,3.278556553614649,3901,Brown,XXL,2
1837,Zara,Footwear,Sports Shoes,price_low,1500,0.6615589004022753,0.7977936260979904,102,3.635157330291115,4285,Pink,UK10,2
1838,Puma,Footwear,Sneakers,price_mid,4760,0.587405035319488,0.7046879235664081,56,3.327870207524246,2070,White,UK12,3
1839,Puma,Footwear,Sports Shoes,price_low,880,0.5302103142058179,0.8246519491801646,68,3.136431550776377,3483,Brown,UK8,7
1840,Nike,Clothing,Jeans,price_low,320,0.14299245477406988,0.99011284560031,3,,0,Yellow,S,1
1841,H&M,Accessories,Watches,price_low,430,0.07492332601471081,0.6866780669919893,46,1.2764429928849979,2194,Pink,Large,4
1842,MAC,Cosmetics,Moisturizer,price_low,180,0.1902875956243275,0.7170867593659647,34,1.7607549703110092,1845,Yellow,Medium,7
1843,Puma,Accessories,Belts,price_mid,3000,0.5646802756388168,0.8929688117108717,92,3.275572474692802,3549,Green,Medium,3
1844,SwissBeauty,Cosmetics,Foundation,price_high,2000,0.8052747142660206,0.8599315912848767,127,4.228830563856214,4451,Red,Small,3
1845,Puma,Clothing,Kurtis,price_low,720,0.12678613894516078,0.9666124120201738,89,1.5078760317162911,4542,Pink,XL,6
1846,Adidas,Accessories,Watches,price_low,650,0.5166141351332867,0.09989306155581001,14,3.070344873425698,1682,Yellow,Small,4
1847,Nike,Footwear,Sports Shoes,price_mid,4300,0.695181468670773,0.6439132990542823,45,3.799951550457065,4068,Blue,UK4,1
1848,Adidas,Accessories,Caps,price_low,440,0.3610612846602716,0.7213677168801785,32,2.4149022024194657,2545,Blue,Small,3
1849,Zara,Clothing,Dresses,price_mid,1900,0.2226163853658521,0.6987296936832661,49,1.865607842054195,2973,Blue,S,5
1850,Levis,Clothing,Tshirts,price_low,610,0.4231612073810911,0.8805001274896682,62,2.6992513711543897,2372,Green,XXL,3
1851,H&M,Clothing,Dresses,price_mid,1430,0.6752401016242907,0.04570460588742775,0,,0,Red,S,4
1852,H&M,Accessories,Watches,price_mid,1640,0.1254548194167614,0.4284731666960163,67,1.4934035655706763,2428,Brown,Small,1
1853,Adidas,Footwear,Sports Shoes,price_low,1330,0.5011052598340063,0.2416359111377292,7,3.005186611543635,483,Pink,UK6,6
1854,Puma,Accessories,Bags,price_mid,1760,0.7635264858238229,0.6988892776010941,52,4.08076545605965,3241,Yellow,Small,1
1855,Puma,Footwear,Flats,price_mid,3220,0.14227740871984387,0.008049944177018098,9,1.562168569717027,155,Purple,UK4,1
1856,Zara,Footwear,Sports Shoes,price_low,1080,0.4372043967805497,0.28586906273490087,9,2.7470808206690895,342,Pink,UK6,5
1857,Puma,Clothing,Dresses,price_mid,1390,0.2995665859609963,0.7892768250504312,25,2.232174073779401,1478,Blue,S,1
1858,MAC,Cosmetics,Lipstick,price_high,5370,0.6920160033917926,0.6767668951034161,31,3.7540252001588903,2064,Red,Large,7
1859,H&M,Accessories,Watches,price_low,190,0.4559199436391933,0.886398448816336,42,2.8527858601528298,2163,Black,Medium,4
1860,Puma,Clothing,Dresses,price_low,620,0.45259347935731,0.9576877726262524,52,2.8083740313911,3050,White,L,7
1861,H&M,Accessories,Caps,price_mid,1540,0.3811797668770235,0.5655936588399392,10,2.5524822804760436,249,Green,Large,6
1862,Puma,Footwear,Sneakers,price_low,1480,0.13892274688684902,0.24026938840061618,14,1.558098009301514,491,Green,UK4,6
1863,Libas,Clothing,Jeans,price_low,440,0.20769858439540528,0.46336729742533067,32,1.8088199556835112,1722,Green,S,4
1864,H&M,Clothing,Dresses,price_low,560,0.09842029644196887,0.006119200445208972,1,,166,Green,S,6
1865,SwissBeauty,Cosmetics,Lipstick,price_low,310,0.515953929010889,0.7856763461566935,11,3.080565081966452,531,White,Large,1
1866,Maybelline,Cosmetics,Foundation,price_mid,1060,0.7016855434284633,0.2114359999860118,42,3.8046739508842427,2329,Brown,Large,1
1867,SwissBeauty,Cosmetics,Moisturizer,price_mid,1370,0.8190738793533934,0.16747939366085607,55,4.279621390476452,2885,Black,Large,5
1868,Nike,Clothing,Dresses,price_low,490,0.0612336598045234,0.5349780005632927,27,1.2081551668999055,1455,Yellow,S,5
1869,Zara,Accessories,Bags,price_high,8520,0.6199495923256698,0.17237824800391355,85,3.493315433280016,3566,Purple,Medium,7
1870,Nike,Clothing,Jeans,price_low,710,0.40369137644536063,0.16251357645704712,26,2.6510055608385032,779,Brown,M,5
1871,Puma,Clothing,Dresses,price_high,4320,0.5982390068278954,0.9455143746397425,8,3.401958726950269,706,Blue,L,3
1872,Nike,Footwear,Sneakers,price_low,1380,0.04169112688298224,0.5249006282372225,20,1.1783222037548406,1929,Black,UK8,5
1873,Nike,Footwear,Sneakers,price_low,1280,0.4536152399661436,0.01304576641008759,17,2.7805911554136546,817,Yellow,UK4,3
1874,Zara,Accessories,Bags,price_low,570,0.39395997919901227,0.49802702187877335,3,,366,Green,Large,1
1875,H&M,Clothing,Tshirts,price_mid,1170,0.5179391935896288,0.09353705061919004,5,3.1471332668336074,325,Red,XL,3
1876,Nike,Footwear,Boots,price_low,1350,0.21147532718319667,0.5948707851082765,70,1.860557039766601,4214,White,UK10,4
1877,Zara,Footwear,Sneakers,price_mid,2760,0.495012259054913,0.07103766265352807,13,2.9797969112769396,569,Green,UK12,1
1878,Zara,Footwear,Sandals,price_mid,3680,0.13758914064923836,0.37812010843447685,46,1.5698721570481156,2130,Green,UK12,6
1879,Puma,Accessories,Belts,price_low,380,0.2799433411343148,0.9653609003266248,12,2.1077181964447353,335,Pink,Small,5
1880,Nike,Footwear,Sandals,price_mid,3140,0.5057793045258477,0.11851544245928192,5,2.9771117929416167,105,Brown,UK4,3
1881,Zara,Footwear,Boots,price_mid,5000,0.5223971727323262,0.3932562281228942,53,3.11441864305462,3069,Red,UK10,2
1882,SwissBeauty,Cosmetics,Lipstick,price_mid,870,0.6372202932494936,0.3616705019805174,7,3.589078368741647,377,Pink,Medium,3
1883,Maybelline,Cosmetics,Foundation,price_high,4260,0.5153663183963704,0.6046591607496905,9,3.0879473143869642,224,Yellow,Large,4
1884,Adidas,Clothing,Jeans,price_low,460,0.23251520753243582,0.8465093610356994,52,1.942383357353501,2177,Black,S,1
1885,Puma,Clothing,Tshirts,price_mid,1370,0.2930238230043353,0.8287486489031015,17,2.124049861713246,646,Brown,L,3
1886,MAC,Cosmetics,Foundation,price_mid,2000,0.6961085901379105,0.039290789766616596,61,3.809832096140871,4783,Blue,Large,5
1887,Nike,Accessories,Bags,price_low,640,0.41852062932840833,0.08463538928341119,39,2.691861547962497,1713,Black,Medium,2
1888,Adidas,Clothing,Tshirts,price_low,800,0.4916779219086642,0.9893239012489726,37,2.9435294974138526,3982,Green,L,6
1889,Levis,Clothing,Tshirts,price_low,430,0.058152427792811774,0.8152365240062361,4,,257,Yellow,S,1
1890,Maybelline,Cosmetics,Moisturizer,price_mid,580,0.5303207637362964,0.9801378452686069,87,3.1218793516098984,3404,White,Large,4
1891,H&M,Accessories,Bags,price_low,390,0.41952933531853104,0.5868265160330112,47,2.6713500825930327,3567,Pink,Large,7
1892,Levis,Accessories,Watches,price_low,690,0.5201052035454439,0.4365861368977936,0,,0,Pink,Medium,4
1893,Zara,Accessories,Watches,price_high,5300,0.4010240113664974,0.2086217396404204,51,2.595589485361101,1917,Blue,Small,3
1894,Nike,Clothing,Kurtis,price_low,530,0.14523736731456105,0.8387717823449261,62,1.5953097678548185,2314,Pink,XXL,1
1895,MAC,Cosmetics,Foundation,price_low,460,0.2549288803007709,0.37121570539263316,0,,0,Pink,Medium,2
1896,Zara,Clothing,Tshirts,price_high,5230,0.9068571132678728,0.23959732329802752,152,4.623288923963806,5000,Blue,L,2
1897,Zara,Footwear,Sports Shoes,price_high,15000,0.8051282124972488,0.6506651531492302,76,4.243422281128866,3753,Yellow,UK6,4
1898,MAC,Cosmetics,Foundation,price_low,440,0.4736418172167653,0.05583653936389965,0,,187,Yellow,Large,7
1899,Nike,Footwear,Boots,price_high,7470,0.5200923954338943,0.6456165886391583,90,3.0609316689514428,3266,White,UK12,7
1900,Nike,Footwear,Boots,price_low,1360,0.20259822394761998,0.44663413682861686,35,1.7896383523062909,1835,Brown,UK8,3
1901,Libas,Clothing,Dresses,price_low,600,0.05245033729048314,0.4329455710141371,47,1.1831795701390797,1658,White,L,3
1902,Maybelline,Cosmetics,Moisturizer,price_low,250,0.10476880062269746,0.6428158131604896,68,1.4299583923450205,2483,Red,Large,5
1903,Puma,Footwear,Sandals,price_low,1410,0.12882651508148513,0.4627990905416485,41,1.4987134489735046,1885,Black,UK10,6
1904,Puma,Clothing,Jeans,price_low,740,0.6247952959533712,0.6457054974691192,17,3.5236330761265635,672,Purple,M,7
1905,Adidas,Footwear,Sneakers,price_high,10840,0.7554519397933067,0.5191439960769213,110,4.028043352271519,4109,Red,UK4,2
1906,Adidas,Footwear,Sandals,price_low,970,0.03408620401805638,0.46311469869738864,22,1.1744485001778877,1386,Yellow,UK4,4
1907,Adidas,Clothing,Dresses,price_mid,1470,0.3327844577517014,0.9184730367184928,49,2.3192151112767707,2363,Brown,S,4
1908,Levis,Accessories,Bags,price_low,510,0.09544100519745144,0.3510644265203722,23,1.416057934787102,1523,Black,Small,6
1909,Levis,Clothing,Jeans,price_mid,1800,0.5637124620312703,0.24613125133491598,8,3.252512020781818,288,Purple,XXL,3
1910,SwissBeauty,Cosmetics,Moisturizer,price_high,2520,0.4757754109939048,0.15077628672075738,2,,24,White,Small,6
1911,Zara,Footwear,Sandals,price_low,1010,0.6273152920183919,0.8528640976077423,50,3.5165698326706094,2780,Yellow,UK8,2
1912,Libas,Clothing,Tshirts,price_low,250,0.5470855731808901,0.3970960161956998,61,3.1797028021732396,4967,Brown,XL,1
1913,Puma,Footwear,Sports Shoes,price_high,12730,0.7473479519848785,0.8069257822513202,5,3.9171240608134967,0,Yellow,UK10,1
1914,Libas,Clothing,Tshirts,price_low,490,0.6297025388907326,0.9521502019735173,46,3.5450863637145584,3063,Yellow,XXL,6
1915,Zara,Footwear,Sandals,price_high,11460,0.835234829946163,0.7937558207051046,73,4.3375142936347695,3014,Pink,UK12,7
1916,Libas,Clothing,Tshirts,price_mid,1270,0.7344925965213511,0.14514860667154328,53,3.9516882285851676,2491,Yellow,M,2
1917,Levis,Accessories,Watches,price_mid,2410,0.4937284281390759,0.2920369226765357,57,2.985530823771305,3164,Purple,Large,6
1918,H&M,Accessories,Caps,price_mid,1980,0.044949450762447246,0.8602323694835039,27,1.187052863924336,1460,Purple,Medium,1
1919,H&M,Footwear,Sandals,price_high,7840,0.8955834108024786,0.6560897160269985,109,4.590346319519021,4358,Yellow,UK10,7
1920,MAC,Cosmetics,Moisturizer,price_mid,1320,0.2685609699618875,0.6836742072774677,12,2.052422366072285,563,Blue,Small,1
1921,Puma,Footwear,Flats,price_high,12790,0.8473511311947456,0.6532011595493898,39,4.382650497211102,2471,Red,UK4,2
1922,MAC,Cosmetics,Moisturizer,price_mid,1340,0.2818491790242738,0.3992964716943994,39,2.1108483007420302,2670,White,Large,3
1923,Puma,Footwear,Sports Shoes,price_mid,3290,0.5859097172772891,0.25142705864218595,17,3.351249419308529,1620,Green,UK4,3
1924,Zara,Clothing,Shirts,price_low,680,0.48463723084793914,0.6732304345236786,36,2.924877689242504,1474,Pink,S,5
1925,Nike,Accessories,Caps,price_mid,1740,0.6273578356170203,0.321040551743353,38,3.517665421473781,2361,Purple,Small,1
1926,Nike,Footwear,Sneakers,price_low,1160,0.22967615580852854,0.15829571088152772,21,1.8860502671516344,1247,White,UK4,2
1927,MAC,Cosmetics,Foundation,price_high,5860,0.9321505761914299,0.7518977650735712,13,4.746399797119918,584,Black,Medium,5
1928,Puma,Footwear,Sneakers,price_high,10860,0.5614582563925966,0.07419335219989476,89,3.2266987567111536,3179,White,UK6,1
1929,SwissBeauty,Cosmetics,Lipstick,price_mid,870,0.13601452017003424,0.7646406444036838,59,1.520319749662801,2106,Purple,Large,5
1930,H&M,Accessories,Watches,price_mid,1580,0.40951190312900854,0.8406600701615397,5,2.6521775793674016,532,Pink,Small,1
1931,Adidas,Footwear,Sports Shoes,price_low,750,0.14090961758363674,0.5124941890844217,65,1.5445347753298178,2469,Purple,UK6,2
1932,Nike,Clothing,Tshirts,price_low,760,0.38033016542875014,0.7745957400583136,67,2.50367585005445,4611,Black,L,3
1933,Puma,Footwear,Boots,price_mid,4040,0.7560869004782322,0.0011906112751398634,70,4.039913312791273,2559,Brown,UK10,4
1934,Levis,Clothing,Kurtis,price_mid,1600,0.4282440461229351,0.44782607699249577,39,2.6928698569325356,1318,Pink,S,4
1935,Maybelline,Cosmetics,Foundation,price_mid,590,0.7632228338853438,0.8579009497957368,18,4.046480666695693,1989,Black,Small,3
1936,Adidas,Clothing,Tshirts,price_mid,1860,0.4039690448055305,0.2723996085304491,22,2.6020792374496433,1574,Green,XL,4
1937,Zara,Clothing,Jeans,price_low,600,0.555378952103982,0.3801569284702849,35,3.2491575731713547,1300,Red,L,5
1938,Nike,Footwear,Sports Shoes,price_low,1220,0.07423086988650232,0.4626725421363522,48,1.2982509392720334,2220,Black,UK8,2
1939,Levis,Accessories,Caps,price_high,8890,0.8365961991148617,0.5595911133326292,69,4.368189302985152,3577,Purple,Large,4
1940,Adidas,Clothing,Jeans,price_low,800,0.3182159350020934,0.7537192498276026,75,2.258734572001356,3709,Pink,M,3
1941,SwissBeauty,Cosmetics,Sunscreen,price_low,150,0.33377500595876863,0.5693854758739697,68,2.319026514279581,2448,Yellow,Large,2
1942,SwissBeauty,Cosmetics,Lipstick,price_mid,800,0.4634313126878571,0.5749199158021623,33,2.8812686342718616,2111,Black,Medium,1
1943,Adidas,Footwear,Sandals,price_mid,2940,0.5661828227189334,0.04774423385650639,37,3.2322719439612135,1563,Black,UK6,5
1944,SwissBeauty,Cosmetics,Lipstick,price_mid,1160,0.5999560010908841,0.6425452438781933,86,3.3990514621036096,5000,Pink,Small,2
1945,Zara,Clothing,Dresses,price_mid,1840,0.7125138364968494,0.06120393940263946,3,,0,White,S,4
1946,Zara,Clothing,Jeans,price_low,620,0.5590450120200385,0.7843690098285566,80,3.237557820509276,4743,White,XXL,2
1947,Nike,Accessories,Bags,price_low,430,0.24294161062552966,0.4328373063225788,9,1.9339667992595226,271,Blue,Small,6
1948,Adidas,Footwear,Flats,price_low,1370,0.36351550523256726,0.3557714976864761,46,2.4399493863871773,1790,Blue,UK6,6
1949,Adidas,Accessories,Watches,price_low,590,0.21774184175233746,0.3916063248389555,53,1.8932606917975583,2116,Purple,Large,6
1950,SwissBeauty,Cosmetics,Moisturizer,price_mid,1150,0.3733269666994308,0.9226978761975771,0,,60,Blue,Medium,6
1951,Puma,Footwear,Sports Shoes,price_low,1030,0.23877264898463715,0.08464206809162333,6,1.879047270507174,222,Brown,UK12,3
1952,Puma,Clothing,Dresses,price_low,520,0.065149396219906,0.9327881460692622,74,1.261754959518805,3017,Red,M,2
1953,Adidas,Clothing,Shirts,price_low,410,0.14117369244077999,0.301257820665767,40,1.5695612142005047,2128,Black,XXL,6
1954,SwissBeauty,Cosmetics,Foundation,price_mid,1170,0.3012727313693612,0.03266954088336904,44,2.215839808557707,2176,Purple,Large,6
1955,H&M,Accessories,Bags,price_mid,2540,0.4580529089463785,0.15299063836128235,72,2.835366743988897,3492,Blue,Large,6
1956,H&M,Accessories,Bags,price_mid,1340,0.7463994898625013,0.037539871797696245,64,3.990929072040484,2162,Purple,Small,2
1957,H&M,Clothing,Kurtis,price_high,3870,0.5689956643082805,0.8150667366317252,63,3.2539652301068855,2460,Pink,XL,4
1958,Libas,Clothing,Shirts,price_high,6220,0.8504571600641634,0.15948305427260934,52,4.410259575903036,2536,Brown,M,5
1959,MAC,Cosmetics,Lipstick,price_low,390,0.14850912810899636,0.10780713122730134,0,,185,Red,Small,1
1960,Adidas,Clothing,Jeans,price_low,680,0.18657162724033965,0.6703275211222745,96,1.7408490538490462,3965,White,L,7
1961,Zara,Clothing,Tshirts,price_mid,2010,0.19806814693365477,0.7509037614899181,37,1.7846687844501936,3765,Red,M,3
1962,Nike,Footwear,Sneakers,price_high,15000,0.8577646496800597,0.7347161217162103,75,4.422245582388074,4126,Pink,UK10,2
1963,Puma,Clothing,Kurtis,price_high,4300,0.6371772390394432,0.1270557980253082,34,3.569696602376197,1527,Blue,XXL,7
1964,SwissBeauty,Cosmetics,Moisturizer,price_low,260,0.252828241718116,0.9576118377104892,16,2.0149818080587414,508,Green,Medium,1
1965,Nike,Accessories,Caps,price_mid,3000,0.4060087693573489,0.2589435030561227,28,2.645071398191265,1568,White,Large,7
1966,Zara,Accessories,Watches,price_mid,2120,0.4018088153734806,0.8248402719233192,3,,0,Green,Medium,1
1967,Adidas,Footwear,Sneakers,price_high,11630,0.8579680041838692,0.7886197915497292,78,4.444054592973561,4506,Green,UK8,5
1968,Nike,Accessories,Bags,price_mid,2730,0.6129621273676599,0.5849332793201588,63,3.453390860126942,5000,Black,Medium,7
1969,Adidas,Footwear,Boots,price_mid,2940,0.5038985652747547,0.24740542833110524,35,3.0205709205642326,2652,Yellow,UK10,5
1970,MAC,Cosmetics,Lipstick,price_low,230,0.19263477285751615,0.04714627652783543,35,1.7727227548468738,1705,Brown,Small,2
1971,SwissBeauty,Cosmetics,Moisturizer,price_mid,1100,0.405162411038435,0.04999661944515721,4,,455,Blue,Medium,7
1972,H&M,Clothing,Shirts,price_low,510,0.17173023959958222,0.2255352854599374,5,1.6152051512454837,339,Blue,XXL,5
1973,Adidas,Footwear,Sneakers,price_low,1500,0.23524848797446304,0.7643181019231078,23,1.944276337095547,1612,Green,UK6,2
1974,Levis,Accessories,Caps,price_low,490,0.34856440526051485,0.1817879018452001,36,2.4220463260896223,1237,Pink,Small,2
1975,Puma,Clothing,Kurtis,price_mid,1560,0.2791016517249651,0.8790700707290245,15,2.0780453022213106,483,Yellow,M,6
1976,Maybelline,Cosmetics,Sunscreen,price_low,210,0.13592425163990712,0.30204192133857766,0,,33,Red,Medium,5
1977,Maybelline,Cosmetics,Moisturizer,price_high,2030,0.9378390109089437,0.46462493405349214,62,4.727669509408082,3489,Red,Medium,5
1978,SwissBeauty,Cosmetics,Moisturizer,price_low,270,0.38495772769996534,0.31322180620928464,32,2.5124496544031216,1548,White,Medium,3
1979,Zara,Footwear,Sports Shoes,price_mid,3030,0.41258620827774123,0.9476286461774122,8,2.664697705741141,431,Purple,UK10,2
1980,Libas,Clothing,Jeans,price_low,340,0.14883530306252338,0.912048528780734,57,1.595966126312861,2073,Red,XL,1
1981,Adidas,Accessories,Bags,price_mid,1550,0.6249118907303872,0.6541198296016859,62,3.498110960206157,2806,Green,Small,5
1982,Nike,Clothing,Dresses,price_high,7360,0.7041691252791903,0.21836630286307268,0,,171,Purple,L,7
1983,Maybelline,Cosmetics,Lipstick,price_low,290,0.4794875268756091,0.8123640206021765,16,2.943946810672009,627,Green,Large,6
1984,H&M,Clothing,Tshirts,price_mid,1070,0.31956689074765005,0.663245329701967,61,2.2895966133903825,2772,Red,XXL,3
1985,Puma,Clothing,Tshirts,price_mid,2100,0.7366384598281732,0.04044749620265797,29,3.953618962422655,1435,Brown,M,6
1986,Nike,Accessories,Caps,price_low,360,0.4290256998589612,0.9497568147542751,0,,0,Blue,Medium,6
1987,Levis,Clothing,Dresses,price_mid,1850,0.16884003486314905,0.8697302001374976,22,1.6490599854131105,1986,Brown,XL,4
1988,Nike,Clothing,Kurtis,price_low,530,0.26122698639489106,0.556272018978251,28,2.0720887004228024,1133,Pink,L,7
1989,H&M,Clothing,Tshirts,price_mid,1240,0.4761429607292435,0.9280686490422198,52,2.9132847457863975,2924,White,XL,6
1990,Nike,Footwear,Sports Shoes,price_low,1360,0.5261060855689439,0.38771678982530444,58,3.085287070541731,2105,Black,UK8,7
1991,Maybelline,Cosmetics,Moisturizer,price_low,280,0.192249875532896,0.11179306067910044,20,1.7524097352552488,1084,Black,Small,2
1992,Puma,Clothing,Shirts,price_low,470,0.15975208743675795,0.6117342356811138,10,1.6048108059430564,278,Blue,L,6
1993,Adidas,Footwear,Flats,price_mid,4370,0.6327864557195451,0.1119166544828385,48,3.5571836004308643,1642,White,UK6,7
1994,Maybelline,Cosmetics,Moisturizer,price_mid,1110,0.84222316543687,0.5268459476272395,8,4.383979710695346,195,Brown,Large,2
1995,Levis,Clothing,Tshirts,price_high,5530,0.6962420707058036,0.020936770271513305,39,3.762509441192873,1735,Green,S,1
1996,Zara,Clothing,Kurtis,price_mid,1530,0.5530339999035561,0.396029667470992,1,,220,Red,L,6
1997,H&M,Clothing,Shirts,price_high,6430,0.9255449933114465,0.5498333104683785,9,4.638529514196065,335,Purple,XXL,6
1998,Libas,Clothing,Kurtis,price_low,540,0.4771546558184894,0.7673063696284942,71,2.911559664873151,3864,White,XL,5
1999,MAC,Cosmetics,Foundation,price_mid,1280,0.7430308358718718,0.2271384163000464,0,,0,Yellow,Large,5
2000,Zara,Accessories,Belts,price_low,610,0.05792476577512453,0.40750904306864955,2,,326,Brown,Medium,6
2001,Levis,Clothing,Jeans,price_mid,2200,0.31056173192840497,0.402490453250953,4,,78,Blue,M,4
2002,Zara,Footwear,Sneakers,price_high,9290,0.583460325899702,0.6638240106839052,97,3.3331634386473157,4029,Yellow,UK6,6
2003,Nike,Footwear,Sports Shoes,price_mid,5000,0.2947914416377152,0.3493276156314574,23,2.218010642478823,1278,Blue,UK12,4
2004,Zara,Clothing,Kurtis,price_mid,1800,0.5145431772126617,0.8956530502608305,31,3.0795683029910528,1930,Blue,S,4
2005,SwissBeauty,Cosmetics,Sunscreen,price_low,250,0.4282696495684505,0.9343323747681548,9,2.755477982353773,518,Pink,Small,7
2006,Puma,Clothing,Jeans,price_high,4210,0.7858195816043129,0.918220888846874,150,4.157769085987204,5000,Purple,XXL,4
2007,Adidas,Footwear,Sneakers,price_mid,3560,0.44713079029042774,0.4974785683914652,3,,140,Red,UK6,6
2008,Puma,Footwear,Boots,price_low,1030,0.3898583441734642,0.17081492849912905,2,,166,Blue,UK6,3
2009,Puma,Footwear,Sports Shoes,price_mid,4910,0.48646863073104296,0.3434285918336383,0,,177,Pink,UK10,6
2010,Adidas,Footwear,Sandals,price_high,12500,0.5153592583626248,0.6078297721033902,100,3.068371282665854,4556,White,UK6,7
2011,Puma,Footwear,Boots,price_low,1270,0.12264615108077954,0.5740943075622311,0,,0,Red,UK12,1
2012,Adidas,Footwear,Sports Shoes,price_mid,3300,0.6650977711040376,0.3519433340846294,7,3.6098287011275065,206,Pink,UK10,3
2013,Libas,Clothing,Kurtis,price_mid,1830,0.7731472201167378,0.11254456200415996,47,4.120642603154041,2888,Pink,XL,5
2014,Adidas,Accessories,Watches,price_mid,2750,0.5802421123104334,0.10681784150929374,66,3.305958390698478,3252,Brown,Small,3
2015,Nike,Clothing,Jeans,price_mid,2000,0.5650413137313388,0.3944984814214578,50,3.254786588553544,2199,Green,S,7
2016,Nike,Accessories,Watches,price_high,5110,0.5097664593512078,0.40021476365534947,78,3.040437847083226,3547,Red,Small,7
2017,Nike,Footwear,Flats,price_low,870,0.10897297892317122,0.2214395254890975,8,1.3703780307036182,393,Brown,UK12,5
2018,Levis,Clothing,Tshirts,price_mid,1990,0.47527021617399423,0.5408571031023951,76,2.909561148109794,2682,White,L,7
2019,Levis,Accessories,Watches,price_mid,2640,0.6094137133055592,0.014568888763914378,34,3.462753468685899,2358,White,Medium,1
2020,Puma,Clothing,Kurtis,price_mid,2100,0.7545119828524649,0.4032970599965938,110,4.004505285952078,5000,Purple,M,1
2021,Levis,Accessories,Watches,price_low,380,0.4670261018742682,0.5653332560627303,56,2.857275726538294,4457,Brown,Large,7
2022,Adidas,Accessories,Watches,price_low,610,0.2061821510626233,0.9139806085900468,44,1.8471180911055847,1824,Blue,Large,4
2023,Zara,Clothing,Kurtis,price_low,620,0.05837676572873401,0.20404491147195392,29,1.2625064705941809,1323,Blue,S,2
2024,Adidas,Clothing,Dresses,price_low,640,0.10859427637977657,0.9381424862389702,26,1.417995773261565,2713,Pink,L,4
2025,Zara,Footwear,Flats,price_low,1020,0.31211067506814416,0.038619364632888176,11,2.2498126217380836,642,Green,UK4,3
2026,Zara,Accessories,Watches,price_mid,1860,0.1660771871646971,0.42547020888416764,32,1.6522473232930803,1522,Green,Small,5
2027,Adidas,Clothing,Dresses,price_mid,1740,0.5530876942764794,0.793128192643818,80,3.2345806413996203,2998,Pink,XL,4
2028,Adidas,Clothing,Kurtis,price_low,480,0.1717534851754537,0.4370734045375704,2,,204,Yellow,XXL,2
2029,Libas,Clothing,Tshirts,price_low,400,0.22521456994275355,0.3476981536907059,37,1.8738689859650337,1374,Red,S,6
2030,Puma,Clothing,Tshirts,price_low,710,0.21689576410455977,0.9292957165623541,18,1.9090503099596072,718,Yellow,M,6
2031,H&M,Accessories,Watches,price_low,440,0.29703957020805305,0.7315064016459939,89,2.2047213971693362,3242,Brown,Medium,6
2032,Maybelline,Cosmetics,Lipstick,price_mid,920,0.37341735859408776,0.6812678489215533,7,2.4340830714738013,207,Purple,Small,4
2033,Libas,Clothing,Jeans,price_mid,1440,0.7572421351190978,0.054739127576263535,94,4.035273758754706,3153,Brown,S,3
2034,Nike,Clothing,Shirts,price_low,590,0.17359996864742572,0.7646857676366081,38,1.6835140841128617,1515,Purple,M,3
2035,Adidas,Footwear,Sandals,price_mid,2790,0.5915343608957092,0.7894707161493931,85,3.3620221182722947,2851,Purple,UK12,3
2036,SwissBeauty,Cosmetics,Foundation,price_low,290,0.6592862724323447,0.6030345723269472,27,3.604453211361867,1798,Yellow,Medium,5
2037,Nike,Footwear,Sneakers,price_low,840,0.4302526747754539,0.7875153054941272,100,2.709590454077391,3456,Yellow,UK12,5
2038,H&M,Accessories,Bags,price_mid,1800,0.280891981749621,0.17508257785502856,77,2.1438952054515696,2997,Blue,Medium,7
2039,Levis,Clothing,Tshirts,price_low,570,0.44175404024023285,0.1839544871149189,33,2.7343675585766007,2462,Purple,M,1
2040,Puma,Footwear,Sports Shoes,price_mid,4760,0.35506053944316646,0.7289385439934297,39,2.388772438052125,2497,Brown,UK4,1
2041,H&M,Footwear,Sports Shoes,price_mid,2440,0.4196415124050827,0.27921632579979694,16,2.6436625489333605,1509,Blue,UK10,4
2042,SwissBeauty,Cosmetics,Moisturizer,price_low,320,0.1555939608048399,0.9869369291543337,29,1.5904692942311804,1748,Black,Small,5
2043,Nike,Footwear,Sports Shoes,price_mid,3320,0.858649205795527,0.9060351874042678,41,4.442513588935171,3114,Red,UK4,1
2044,Levis,Clothing,Shirts,price_low,280,0.1642920253674514,0.9059208425428907,79,1.639487155420888,2681,Purple,M,1
2045,Maybelline,Cosmetics,Foundation,price_mid,1420,0.7021105171835764,0.17020118721240085,55,3.81714426687273,2238,Pink,Large,5
2046,MAC,Cosmetics,Moisturizer,price_high,6210,0.8975617955907831,0.7241971452371864,68,4.6082355420870815,5000,White,Small,5
2047,Adidas,Accessories,Caps,price_mid,2420,0.4981638334924855,0.5710146676639428,53,3.0187712483934215,3774,Green,Large,6
2048,Levis,Clothing,Tshirts,price_low,640,0.10112890161253146,0.4627607742781048,20,1.3662887589924921,1679,Blue,M,3
2049,Nike,Footwear,Sandals,price_high,15000,0.9243009907624251,0.46212209771863144,80,4.682142702057694,5000,Brown,UK8,3
2050,Zara,Accessories,Caps,price_mid,1650,0.3644702686672363,0.49633974403552283,3,,38,Brown,Medium,5
2051,Puma,Clothing,Tshirts,price_low,560,0.394541036674434,0.34171901458491005,0,,9,Brown,S,7
2052,Adidas,Clothing,Dresses,price_mid,2020,0.2889817458368341,0.2751022424195706,37,2.1612921596174473,3115,Red,S,6
2053,Maybelline,Cosmetics,Sunscreen,price_mid,1110,0.5484288615967957,0.8459231567898687,26,3.2208986749238453,869,White,Medium,5
2054,Adidas,Clothing,Jeans,price_mid,1900,0.7332895937176689,0.20772583947339018,60,3.932140493901538,3685,Purple,S,6
2055,MAC,Cosmetics,Foundation,price_mid,1840,0.3064629852310794,0.46467944950748086,40,2.232398203749582,3053,Purple,Small,2
2056,MAC,Cosmetics,Moisturizer,price_low,300,0.08892908821708517,0.5844930267320589,2,,221,Brown,Small,7
2057,Puma,Footwear,Sneakers,price_high,10100,0.6400018237023639,0.2433493116759281,3,,278,Red,UK12,3
2058,SwissBeauty,Cosmetics,Sunscreen,price_mid,540,0.10961764167632924,0.3277402748241762,30,1.4273464437640002,2472,Pink,Small,6
2059,Puma,Footwear,Boots,price_high,12980,0.809529175963865,0.5309296361818115,48,4.212935074130458,3364,Black,UK6,4
2060,Levis,Clothing,Jeans,price_mid,1880,0.5169044646005678,0.2089857932420809,10,3.0983536164777363,282,Red,S,6
2061,Adidas,Clothing,Dresses,price_mid,2500,0.5758106314548305,0.09034757589338749,42,3.3084543661363637,1748,Pink,XL,6
2062,Levis,Clothing,Dresses,price_mid,1530,0.498977522953669,0.48734341240003565,0,,0,Purple,S,1
2063,Nike,Footwear,Boots,price_mid,4270,0.6144840231516148,0.838319163829521,22,3.436864960673759,1033,White,UK10,2
2064,H&M,Footwear,Sports Shoes,price_mid,3610,0.3990374729697887,0.3782103166718723,16,2.626082408605017,1134,Yellow,UK8,2
2065,Puma,Footwear,Sports Shoes,price_low,1230,0.1340345848388353,0.4122086620073273,6,1.512026609374513,628,Blue,UK12,6
2066,Zara,Footwear,Sandals,price_low,1170,0.4211034244851629,0.8181352811665347,7,2.698733939682346,343,Black,UK8,1
2067,Levis,Accessories,Bags,price_mid,2100,0.399448296470478,0.1353689170659702,106,2.6055228056058257,3890,Red,Medium,2
2068,Nike,Footwear,Sneakers,price_high,14970,0.8063011911941158,0.2632971229684353,27,4.256493079577847,2506,Pink,UK10,1
2069,Adidas,Footwear,Sandals,price_mid,5000,0.7400215791668837,0.5753444687408316,10,3.908890567543722,431,Red,UK10,4
2070,Adidas,Footwear,Flats,price_mid,4140,0.40780563255867175,0.9651900283400372,14,2.6241377853342427,904,Green,UK6,5
2071,H&M,Footwear,Boots,price_mid,3610,0.3498324796302111,0.8711687648288984,27,2.3642276776688926,1924,Purple,UK4,7
2072,SwissBeauty,Cosmetics,Moisturizer,price_mid,1240,0.5067563234156307,0.13578478132082739,31,3.015882925207327,2128,White,Medium,2
2073,Zara,Clothing,Kurtis,price_high,8000,0.914479645889649,0.7888361819510037,68,4.668047176756551,4102,Pink,S,2
2074,Puma,Clothing,Jeans,price_mid,1220,0.4549775277829859,0.4934176668937983,70,2.798589125617695,3164,White,L,5
2075,Adidas,Clothing,Shirts,price_mid,1930,0.49626576763125607,0.8294000942339665,38,2.9551664361496224,1807,Red,XXL,1
2076,Nike,Footwear,Boots,price_low,1450,0.1578050536293572,0.8733476580614681,44,1.6255856611698174,3191,Green,UK12,2
2077,Puma,Footwear,Flats,price_high,14350,0.7736191123095388,0.06782007705575799,67,4.118829918915638,2361,Yellow,UK4,5
2078,Levis,Clothing,Shirts,price_low,460,0.5595668981359432,0.2794984733036514,12,3.2551566325651824,659,White,XXL,7
2079,MAC,Cosmetics,Lipstick,price_low,500,0.06716226783896947,0.2401980224265805,19,1.2663749504874147,1119,Blue,Small,5
2080,Adidas,Footwear,Sneakers,price_mid,2930,0.5478915946399732,0.7506528517383921,84,3.1885911520247454,3780,White,UK4,5
2081,Maybelline,Cosmetics,Lipstick,price_low,210,0.27060702130111663,0.9333018256301898,90,2.0993306658575452,3211,Green,Small,3
2082,Libas,Clothing,Shirts,price_low,390,0.2684948974163872,0.2650147291450331,20,2.0424541025616607,1234,Yellow,M,4
2083,Levis,Clothing,Jeans,price_low,480,0.5622017406547243,0.525840464469948,6,3.31743936998042,333,Black,M,1
2084,Nike,Footwear,Sports Shoes,price_mid,3020,0.8508598948702645,0.9342501158264805,0,,187,Red,UK4,5
2085,H&M,Clothing,Shirts,price_mid,1770,0.4305289320044699,0.07007844426662646,23,2.699818795469417,1347,Black,XXL,5
2086,Adidas,Clothing,Jeans,price_low,360,0.4247027346356134,0.4949328246965632,7,2.7361011300742266,225,Red,S,7
2087,Adidas,Footwear,Sneakers,price_mid,2350,0.3659733045021652,0.45147100218881053,4,,270,Blue,UK6,5
2088,Maybelline,Cosmetics,Moisturizer,price_mid,670,0.43269046786618576,0.3898475579590668,43,2.715920141711137,2256,Blue,Small,7
2089,MAC,Cosmetics,Sunscreen,price_mid,1830,0.43200152558290633,0.7923471786966522,24,2.7072470663388204,719,Blue,Large,2
2090,Zara,Footwear,Sneakers,price_mid,3640,0.1317253114381107,0.30639325264750716,18,1.496688352147878,906,Green,UK6,7
2091,Zara,Clothing,Dresses,price_low,520,0.5522026662303634,0.09284297114570284,12,3.173253118506287,507,Green,L,2
2092,Levis,Clothing,Kurtis,price_low,640,0.3354714755789815,0.9365192179703634,7,2.3573753797638073,531,Pink,L,6
2093,SwissBeauty,Cosmetics,Foundation,price_low,240,0.5159142827880122,0.20824412758948607,41,3.0689735474930377,2375,Purple,Medium,1
2094,Puma,Clothing,Shirts,price_mid,1920,0.6897539057649852,0.3001079463973648,120,3.7606155391576905,4816,Green,L,3
2095,Maybelline,Cosmetics,Moisturizer,price_low,130,0.6927699199696823,0.10576869626567231,11,3.722176409321377,436,Blue,Medium,5
2096,H&M,Footwear,Sneakers,price_mid,3940,0.7193419516460335,0.993367722313464,13,3.84556927473735,513,Brown,UK10,3
2097,Puma,Footwear,Flats,price_high,12060,0.6669935509536985,0.1269017101369344,26,3.6866604867734916,1483,Red,UK4,5
2098,Puma,Footwear,Sports Shoes,price_mid,2960,0.38836577179373477,0.8208643768530278,38,2.560551407688085,1953,Blue,UK12,1
2099,Puma,Footwear,Sandals,price_mid,2450,0.37513556018608923,0.30077553572961757,58,2.510786657062332,2692,Brown,UK6,4
2100,Adidas,Footwear,Sneakers,price_low,1080,0.25046906880348413,0.23046122698934735,28,2.0332720254641723,1446,Brown,UK10,3
2101,Zara,Footwear,Sports Shoes,price_low,1190,0.0391784081192244,0.5277840674684824,16,1.126113813918419,1057,Black,UK6,2
2102,MAC,Cosmetics,Lipstick,price_low,450,0.20567103539833412,0.49166797612845314,102,1.8262790924401529,4353,Green,Small,3
2103,Nike,Accessories,Bags,price_low,300,0.28752555229521254,0.01817370614814562,31,2.1570918009251208,1730,Yellow,Medium,6
2104,Maybelline,Cosmetics,Lipstick,price_low,100,0.5180557852790793,0.5161579737148603,11,3.0870545897799704,601,Blue,Small,3
2105,H&M,Clothing,Tshirts,price_high,6170,0.3148179859620924,0.3844830957630083,1,,204,Green,M,2
2106,MAC,Cosmetics,Foundation,price_mid,1740,0.40778535470764316,0.9450709579388378,72,2.632810054175138,5000,White,Large,6
2107,Puma,Footwear,Sports Shoes,price_mid,3140,0.2577767073422836,0.9889919746119172,9,1.9725565180746547,332,Brown,UK10,4
2108,Adidas,Accessories,Bags,price_low,540,0.3881283428271362,0.8411575181219043,0,,26,Pink,Large,2
2109,Nike,Clothing,Tshirts,price_mid,2500,0.29993331099635323,0.0824819350955569,25,2.2201480847709756,1023,Blue,L,1
2110,Maybelline,Cosmetics,Foundation,price_low,260,0.20543439860092502,0.7592295823494427,80,1.8380608733146646,5000,Pink,Small,1
2111,Adidas,Clothing,Dresses,price_low,550,0.13642366962010954,0.32394193681060623,11,1.5983778127662407,641,Black,XL,1
2112,Puma,Footwear,Sandals,price_mid,3100,0.7833849271629625,0.8905707724694433,4,,368,Black,UK10,4
2113,Nike,Clothing,Tshirts,price_low,780,0.39802615950539894,0.7210177333357332,32,2.577423695000773,3072,Brown,S,6
2114,Zara,Footwear,Sandals,price_mid,3940,0.7149154337087913,0.7670579127146747,1,,134,Green,UK10,2
2115,Libas,Clothing,Dresses,price_mid,1650,0.26552379691682226,0.904834502458149,0,,0,Purple,M,4
2116,Zara,Clothing,Tshirts,price_high,3460,0.5009131346879815,0.2946592426835739,85,3.001436873767477,2785,Blue,XXL,2
2117,Puma,Footwear,Sports Shoes,price_mid,4820,0.18224924755267122,0.628341787879835,3,,168,Purple,UK8,5
2118,Levis,Clothing,Dresses,price_low,300,0.4543706548544567,0.46464826614867927,42,2.794128012118957,2170,Red,L,4
2119,Nike,Footwear,Sneakers,price_low,920,0.518850696697773,0.08666592113394078,19,3.0993769835758442,1064,Green,UK6,2
2120,Zara,Footwear,Sandals,price_low,820,0.2190333864596538,0.029365067592739713,0,,310,Brown,UK8,1
2121,Puma,Footwear,Flats,price_low,1320,0.5110208868869238,0.8912054876276341,138,3.037627628299324,5000,Pink,UK8,4
2122,SwissBeauty,Cosmetics,Foundation,price_low,160,0.40724062182961007,0.439806002519741,108,2.6472448788507994,3510,Pink,Medium,7
2123,Nike,Accessories,Bags,price_low,460,0.21785281736725345,0.7191784958803779,48,1.8918737413452784,2800,Yellow,Large,3
2124,Nike,Footwear,Sneakers,price_mid,3730,0.31903671492872726,0.49116903542856205,4,,0,Green,UK6,3
2125,SwissBeauty,Cosmetics,Lipstick,price_mid,1330,0.3231618874076744,0.3942410905142366,1,,47,Brown,Medium,7
2126,H&M,Footwear,Boots,price_high,11120,0.545800016350737,0.9527035441446509,9,3.2176244801056373,454,Pink,UK4,5
2127,Levis,Accessories,Watches,price_mid,2050,0.34387979250806844,0.8443091829833573,121,2.3582720740362615,4751,Pink,Medium,4
2128,Maybelline,Cosmetics,Moisturizer,price_mid,970,0.4752869218829365,0.0364994288443099,113,2.9193510929446567,4064,Blue,Large,3
2129,Puma,Footwear,Sports Shoes,price_low,930,0.20621574937878442,0.8640944158425571,2,,123,Pink,UK4,3
2130,SwissBeauty,Cosmetics,Moisturizer,price_mid,1320,0.5300208005281161,0.15081588988662242,6,3.0798362342356707,190,Black,Medium,5
2131,Maybelline,Cosmetics,Foundation,price_mid,800,0.4694155966311372,0.9698965579246686,80,2.8980573249596477,3645,Pink,Medium,6
2132,SwissBeauty,Cosmetics,Lipstick,price_mid,930,0.3677023200622729,0.1955647807322589,16,2.420839987752467,468,Brown,Small,4
2133,Zara,Clothing,Shirts,price_low,510,0.5220330903897137,0.5867593570720778,4,,339,Brown,M,6
2134,Libas,Clothing,Jeans,price_mid,880,0.46611522137088324,0.4051517948892087,9,2.8726434211126484,317,Red,L,7
2135,Nike,Clothing,Tshirts,price_low,740,0.09271283697456671,0.37106996261330005,6,1.3591905694663158,359,Pink,S,7
2136,MAC,Cosmetics,Lipstick,price_mid,920,0.3739397520306385,0.6113007720110876,36,2.509188950654862,3230,Black,Small,7
2137,H&M,Accessories,Bags,price_mid,2300,0.6041725136282967,0.3850505579476906,58,3.43912136380284,2903,Yellow,Small,1
2138,Puma,Accessories,Watches,price_mid,2160,0.7359389185894291,0.6043908291490311,111,3.9539778166373085,3676,Blue,Small,7
2139,Zara,Clothing,Tshirts,price_high,5960,0.6834622947495286,0.11677644581125568,33,3.6994873857914183,1746,White,S,5
2140,SwissBeauty,Cosmetics,Moisturizer,price_low,270,0.18857476756366995,0.8846261026735674,66,1.7460398438229146,3431,Green,Medium,6
2141,SwissBeauty,Cosmetics,Sunscreen,price_mid,780,0.41974850437065264,0.5818344179392917,14,2.655951946115406,415,White,Large,3
2142,Levis,Accessories,Caps,price_low,680,0.09148553804897623,0.34072611647439655,6,1.293323058365143,22,Green,Large,1
2143,Zara,Clothing,Jeans,price_mid,2320,0.5741666026608842,0.5225862394621772,10,3.325459238476231,440,Green,XL,5
2144,SwissBeauty,Cosmetics,Foundation,price_high,2360,0.8002699498468085,0.027490374092197456,8,4.1572417818017735,607,Blue,Large,4
2145,Puma,Accessories,Belts,price_mid,2680,0.8413290023079687,0.5880786451231186,14,4.3852207178930955,995,Pink,Medium,4
2146,Maybelline,Cosmetics,Foundation,price_mid,610,0.1507183411510502,0.878306660199354,55,1.6266170173708758,3361,Blue,Small,2
2147,Maybelline,Cosmetics,Moisturizer,price_mid,970,0.41362155439545906,0.35189798821152807,43,2.6303526539051436,4208,Brown,Small,1
2148,Adidas,Clothing,Dresses,price_low,710,0.26269335669361443,0.21328727808847248,0,,0,Green,M,7
2149,Levis,Clothing,Kurtis,price_low,610,0.21192439871334312,0.38242668324326,26,1.8386959206034754,1753,White,L,4
2150,MAC,Cosmetics,Sunscreen,price_mid,1420,0.3012340100132321,0.4369306610505561,50,2.2292740609849915,3833,Yellow,Large,7
2151,Levis,Accessories,Caps,price_high,11530,0.6207438055136987,0.08944268764446717,46,3.4582948971450604,1669,Blue,Medium,3
2152,Maybelline,Cosmetics,Lipstick,price_high,3100,0.7318245543382933,0.36397867684379703,59,3.9171366079371976,4829,Brown,Medium,7
2153,H&M,Clothing,Kurtis,price_mid,1670,0.7309708210570246,0.8657025338868155,46,3.92918426198298,3758,Pink,XXL,7
2154,Nike,Clothing,Tshirts,price_low,410,0.26267567472627984,0.4250863835266755,40,2.036043336119933,2177,Blue,S,3
2155,Nike,Accessories,Bags,price_high,8290,0.8399816642792411,0.7196951535696418,48,4.34000401329801,3365,Brown,Medium,6
2156,H&M,Clothing,Shirts,price_mid,2090,0.578577980563333,0.8625017652660224,14,3.2959954543158676,715,Brown,S,1
2157,Nike,Clothing,Tshirts,price_mid,2500,0.20906205339482084,0.4206111152438571,48,1.8606310469022531,2713,Green,XL,5
2158,Maybelline,Cosmetics,Foundation,price_high,3400,0.8795014122336219,0.24678190463639438,1,,140,Blue,Small,5
2159,SwissBeauty,Cosmetics,Sunscreen,price_low,140,0.1436023340001887,0.23421021992173285,5,1.5549231447141414,404,White,Large,1
2160,Adidas,Clothing,Shirts,price_high,4000,0.602598935914566,0.6714465976662798,41,3.437030427203867,2200,Green,M,6
2161,Nike,Footwear,Flats,price_mid,4480,0.7132400632313788,0.9907752601043263,14,3.8009849411028336,528,Black,UK10,4
2162,Libas,Clothing,Shirts,price_low,350,0.3224223858617641,0.8269100673499722,39,2.2684169299597006,1711,Purple,XL,7
2163,Levis,Clothing,Jeans,price_mid,1510,0.5333559313492532,0.6645794713695354,53,3.1106236549140616,2071,Blue,XL,3
2164,Adidas,Clothing,Tshirts,price_low,580,0.41824454056459015,0.8213379463024136,123,2.6582649090747377,4088,Brown,L,6
2165,Nike,Footwear,Sneakers,price_mid,3510,0.5459262914815984,0.7705778163056134,42,3.19609896414463,3611,Brown,UK10,2
2166,Puma,Accessories,Watches,price_low,260,0.19541071189188614,0.4166194604978768,6,1.7593799437175497,135,Red,Medium,6
2167,Zara,Accessories,Bags,price_high,11060,0.9074654408063926,0.7064068258295001,96,4.629147303196259,5000,Yellow,Large,5
2168,H&M,Accessories,Watches,price_low,430,0.1561175217084594,0.21788810858962293,20,1.6615812163039119,2225,Brown,Medium,5
2169,Zara,Clothing,Kurtis,price_mid,1910,0.6886371818321624,0.936126519168284,56,3.761228308283065,3473,Yellow,M,1
2170,SwissBeauty,Cosmetics,Moisturizer,price_low,200,0.5602718674826357,0.025399347300113395,45,3.2253019890586363,1970,Green,Medium,2
2171,Adidas,Footwear,Boots,price_low,1480,0.30661384645891115,0.429064303275531,46,2.2302919190890993,1979,Red,UK8,2
2172,SwissBeauty,Cosmetics,Foundation,price_low,220,0.21311486066244797,0.595378755642741,78,1.8420289412700566,2780,Purple,Medium,3
2173,Zara,Clothing,Jeans,price_high,5070,0.4601588656821648,0.7812563145679886,42,2.8135149637619,2288,Green,XL,2
2174,Zara,Accessories,Bags,price_mid,1600,0.43687418390426686,0.7061665592794397,88,2.7307391580955733,3014,Green,Medium,1
2175,Nike,Clothing,Jeans,price_low,790,0.18450128801096824,0.42592636947890583,44,1.7135323089096526,2213,White,S,4
2176,H&M,Clothing,Tshirts,price_high,4630,0.6330551172721015,0.2889501174405579,75,3.5205379778602968,3043,Black,XXL,5
2177,Libas,Clothing,Dresses,price_mid,2020,0.5232717640488402,0.007863627428787434,20,3.066003979634555,740,Green,M,1
2178,Zara,Accessories,Belts,price_high,10480,0.8734832272144972,0.013914168593699872,5,4.415719035594675,531,Pink,Small,6
2179,Puma,Footwear,Sneakers,price_mid,2080,0.6131008197588285,0.07145285942090263,59,3.460223587020704,3838,Red,UK6,7
2180,H&M,Accessories,Bags,price_high,4050,0.6861197388353736,0.3424333608541703,5,3.8327705465309867,299,Red,Medium,5
2181,Puma,Clothing,Kurtis,price_low,750,0.1409686982094104,0.3767351178644007,46,1.5743684387029482,2019,Blue,XL,2
2182,H&M,Footwear,Sports Shoes,price_low,980,0.2903601043563723,0.5399312393538087,62,2.146301750568635,2561,Red,UK10,7
2183,Puma,Accessories,Bags,price_low,550,0.2560543773034089,0.8176236598688414,25,2.006082887054764,1985,Blue,Large,5
2184,Levis,Clothing,Tshirts,price_mid,2500,0.22497965204560738,0.49325628712909186,93,1.8905843469081265,3627,Blue,M,5
2185,Libas,Clothing,Shirts,price_low,660,0.287063953078455,0.5632122443400635,36,2.1769178565055336,3847,Green,XL,6
2186,Puma,Footwear,Sports Shoes,price_low,1360,0.07757404693225113,0.5529647666552757,6,1.2796425506335565,136,Yellow,UK12,4
2187,H&M,Clothing,Jeans,price_low,550,0.4488536696100161,0.5056654949423854,60,2.8208683480270915,2396,Pink,S,4
2188,SwissBeauty,Cosmetics,Moisturizer,price_mid,500,0.5883726835526005,0.04459485073119618,58,3.3495220027396115,2014,Blue,Large,7
2189,Maybelline,Cosmetics,Lipstick,price_mid,1420,0.5414261271627577,0.7766295062398878,61,3.1742043966286975,3459,Yellow,Large,1
2190,Levis,Clothing,Dresses,price_mid,1430,0.32990248741832634,0.15687745324146674,67,2.309592410076939,3037,Yellow,M,2
2191,Puma,Clothing,Shirts,price_low,680,0.1375094296568167,0.9058681998549105,58,1.5276096720280181,3036,Purple,S,1
2192,Adidas,Footwear,Boots,price_low,1420,0.40328469877320944,0.6829503841509083,6,2.6183390754292635,21,Black,UK12,5
2193,SwissBeauty,Cosmetics,Foundation,price_mid,1010,0.49603321740915063,0.755053011892474,81,3.003706949309159,2896,Green,Medium,7
2194,Zara,Clothing,Jeans,price_low,710,0.6968496437904843,0.02665229400112934,61,3.762839998482636,2235,Brown,M,1
2195,Zara,Clothing,Shirts,price_low,430,0.07209900324261069,0.5797875304336265,29,1.314298234456078,1967,Purple,XXL,4
2196,Zara,Clothing,Jeans,price_low,350,0.690780394188288,0.14264293940906858,50,3.78846725606733,2874,Black,M,1
2197,Puma,Footwear,Sports Shoes,price_low,1410,0.29013426176380214,0.3839307813514198,26,2.1394479588782023,1648,Pink,UK4,5
2198,Libas,Clothing,Jeans,price_mid,1550,0.4394633700479634,0.18081146773340706,4,,13,Yellow,S,4
2199,Adidas,Footwear,Sneakers,price_mid,5000,0.4760109928394046,0.47345254807548165,76,2.9042131441575614,3652,Brown,UK10,3
2200,Zara,Footwear,Sneakers,price_low,1220,0.3937216905868286,0.12046552783674647,0,,224,Yellow,UK4,1
2201,Nike,Footwear,Sandals,price_mid,3340,0.709812930397325,0.8745599250303847,0,,0,Yellow,UK6,6
2202,Libas,Clothing,Tshirts,price_low,220,0.5300285279957637,0.09408714824099673,34,3.131357565544123,1249,Green,S,5
2203,Puma,Footwear,Sandals,price_low,1350,0.48498852593218383,0.48511446205769027,68,2.937863401573655,4467,Green,UK8,4
2204,Nike,Footwear,Sandals,price_low,910,0.10252376833105056,0.9707478291796469,51,1.4252231606029477,3587,Yellow,UK8,6
2205,MAC,Cosmetics,Sunscreen,price_mid,1650,0.39175686932031784,0.735953770039014,7,2.6091390414212947,344,Pink,Large,4
2206,Puma,Footwear,Sandals,price_mid,2860,0.576497746068296,0.20896959960928263,53,3.3161194722014304,2065,Green,UK12,5
2207,H&M,Accessories,Bags,price_high,9950,0.6791105107559473,0.16592915609697478,37,3.6885424062763574,1796,Brown,Large,3
2208,Adidas,Accessories,Belts,price_low,510,0.2051971170586846,0.7843879711574112,53,1.8321111718186363,2051,Brown,Small,7
2209,MAC,Cosmetics,Moisturizer,price_mid,1790,0.6648073318735975,0.4778259406609511,85,3.6733941896518827,4946,Green,Small,6
2210,Puma,Footwear,Sneakers,price_mid,2770,0.2810778654608182,0.3051435643730891,13,2.14094625884666,1033,Purple,UK8,1
2211,Maybelline,Cosmetics,Moisturizer,price_low,340,0.18767136231661646,0.008622845671936719,25,1.7425502538275366,985,Green,Medium,6
2212,SwissBeauty,Cosmetics,Foundation,price_mid,1420,0.3924514325171319,0.4472221297927449,59,2.5933354195314404,2616,Yellow,Large,7
2213,Puma,Clothing,Tshirts,price_high,4510,0.8538126941871864,0.16252524588766593,72,4.392201660061234,3732,Blue,L,5
2214,Adidas,Footwear,Flats,price_mid,4260,0.7753789873477269,0.39441899337053987,120,4.108864132340351,4798,White,UK4,2
2215,Nike,Footwear,Boots,price_high,14480,0.8048882764224048,0.05261541875357212,50,4.209609707259989,2170,Black,UK6,2
2216,H&M,Clothing,Jeans,price_low,380,0.33848719157591745,0.07487117536293153,73,2.33096483902801,2621,Blue,XXL,2
2217,H&M,Clothing,Jeans,price_low,350,0.21042336912326096,0.8363539238548305,41,1.8602183124970717,2717,Yellow,XL,7
2218,Nike,Clothing,Dresses,price_high,4770,0.9745766802678387,0.4858535353770541,5,4.950092119321605,508,Black,L,4
2219,Levis,Clothing,Shirts,price_mid,1790,0.4143908194935979,0.43592644386223245,3,,505,Pink,M,6
2220,Zara,Footwear,Sneakers,price_mid,3080,0.36162038403898117,0.1734641507259398,8,2.491603074254309,224,Blue,UK10,7
2221,Nike,Footwear,Sneakers,price_low,1500,0.12251808731623244,0.8860590547191156,24,1.4989328965303441,2483,Blue,UK4,6
2222,Zara,Accessories,Bags,price_low,470,0.18343968060864485,0.13721689536192438,0,,101,Blue,Medium,3
2223,H&M,Clothing,Tshirts,price_mid,1530,0.6421011656890353,0.46392201237282416,74,3.57407171473098,3261,Black,XXL,3
2224,Puma,Footwear,Boots,price_low,1360,0.1950860724362437,0.20842823974817326,5,1.813765526958067,109,Pink,UK6,5
2225,Zara,Accessories,Belts,price_mid,2090,0.20964000583082468,0.8583479996039038,51,1.8602190343845177,2217,Brown,Medium,1
2226,Zara,Accessories,Watches,price_mid,1620,0.5931451073458853,0.29977973325053764,25,3.3608646915333367,1484,Green,Medium,5
2227,Adidas,Clothing,Kurtis,price_low,600,0.5808605432894891,0.21902429512641008,29,3.2963257026234962,2167,Purple,M,5
2228,Maybelline,Cosmetics,Foundation,price_mid,520,0.24710199409297542,0.35893541480709956,3,,230,Brown,Medium,6
2229,H&M,Clothing,Tshirts,price_mid,990,0.10392613986925496,0.6882144098550862,65,1.4260824590525443,3089,Brown,XL,6
2230,MAC,Cosmetics,Lipstick,price_high,5940,0.8147262491029231,0.2271365188126251,62,4.249189638401023,3971,Purple,Medium,6
2231,Puma,Accessories,Watches,price_low,410,0.5561674579957789,0.5899663761511883,33,3.212185267523227,3086,Red,Large,7
2232,Levis,Clothing,Shirts,price_mid,1610,0.21705234417482439,0.8464299712147071,13,1.888134251216798,615,Blue,L,2
2233,Zara,Footwear,Sports Shoes,price_low,1120,0.6196958320044876,0.3961792940478134,3,,291,Brown,UK10,7
2234,SwissBeauty,Cosmetics,Sunscreen,price_low,210,0.4396086704586181,0.46735382923017144,32,2.781053395184196,2981,Black,Small,4
2235,H&M,Footwear,Boots,price_low,1030,0.5440740467382221,0.8822680465430529,52,3.18302775978162,4536,Purple,UK12,6
2236,Nike,Footwear,Sneakers,price_mid,5000,0.2898027737691832,0.16693716180968776,48,2.1625211841630465,3487,Red,UK12,3
2237,Levis,Clothing,Jeans,price_mid,1700,0.41024581200178517,0.2900559378884211,2,,226,Black,XL,1
2238,Nike,Clothing,Kurtis,price_mid,2500,0.32789523670880893,0.592140134492487,54,2.288822058756234,2036,Red,XL,4
2239,Adidas,Footwear,Sneakers,price_mid,4380,0.6791354690630339,0.887664019351926,42,3.73764678672797,2833,Green,UK6,6
2240,Libas,Clothing,Dresses,price_high,5110,0.6138751584485364,0.7761015227532555,57,3.465497629227564,3771,Brown,XL,5
2241,Puma,Footwear,Sneakers,price_mid,3950,0.11790555447334737,0.8083381639901669,0,,0,White,UK6,5
2242,Puma,Footwear,Flats,price_mid,3990,0.45463870723318295,0.868457964418957,13,2.777805507648988,520,White,UK10,1
2243,MAC,Cosmetics,Sunscreen,price_low,180,0.17631579688346113,0.670745675539975,70,1.719090528736015,3107,Green,Small,7
2244,Libas,Clothing,Shirts,price_high,4530,0.6009303788971115,0.7001587954524333,24,3.415260153835824,2024,Black,XL,1
2245,Nike,Footwear,Flats,price_mid,3680,0.2631768281204252,0.16285929514378628,0,,109,Red,UK10,2
2246,H&M,Accessories,Bags,price_mid,2230,0.5803055616973822,0.08009211475330513,19,3.308292044159123,624,Brown,Small,4
2247,Puma,Clothing,Kurtis,price_high,6750,0.7600944503798677,0.7726150140485377,107,4.041783545058556,4131,Blue,XL,6
2248,Nike,Accessories,Watches,price_mid,2380,0.6118089932100979,0.17161567066032535,31,3.4302782485998504,2338,Green,Small,2
2249,Maybelline,Cosmetics,Moisturizer,price_mid,1550,0.3430475506425072,0.08709803726205079,83,2.3897183322032283,3139,Purple,Medium,6
2250,Zara,Accessories,Bags,price_low,590,0.23409475565334414,0.6104957906782237,62,1.9418539078612367,3145,Red,Medium,5
2251,Levis,Clothing,Kurtis,price_mid,940,0.04959343873066178,0.2584635466056626,39,1.2268421392279443,1563,Green,L,2
2252,Adidas,Footwear,Flats,price_mid,3270,0.13623478765252908,0.05430349482130059,7,1.5861033540295306,403,Blue,UK10,6
2253,Puma,Footwear,Sports Shoes,price_high,10330,0.6288605708502214,0.37690516526883955,63,3.5067856140494564,2618,Yellow,UK4,3
2254,H&M,Accessories,Belts,price_mid,2420,0.5537945788390313,0.10295614883015802,44,3.2295134151153424,3919,Pink,Large,6
2255,SwissBeauty,Cosmetics,Moisturizer,price_low,100,0.42175081098602807,0.9394823867735884,0,,197,Blue,Medium,1
2256,Levis,Accessories,Watches,price_low,450,0.23104074400430075,0.04792409541895304,6,1.9227231986764122,119,Brown,Small,5
2257,H&M,Footwear,Flats,price_mid,2920,0.5495484380565488,0.5286921349585384,32,3.219277975033495,2809,Black,UK12,2
2258,SwissBeauty,Cosmetics,Sunscreen,price_mid,830,0.35712302593094775,0.9465263935192727,59,2.412172741028707,5000,Red,Medium,2
2259,Adidas,Footwear,Boots,price_high,9640,0.3895191247683826,0.6468458582976957,34,2.5890684435687508,2626,Blue,UK4,4
2260,Puma,Footwear,Sandals,price_low,1160,0.16463984765051587,0.8943462549513462,10,1.6220434268498123,477,Green,UK10,4
2261,Nike,Footwear,Sneakers,price_low,710,0.5402815762753245,0.6249004387859023,89,3.1446523327675506,3619,Green,UK10,2
2262,SwissBeauty,Cosmetics,Foundation,price_low,280,0.25767548579529914,0.3814851912126993,12,2.0771049905645667,359,Pink,Medium,5
2263,SwissBeauty,Cosmetics,Sunscreen,price_low,100,0.08214143286322342,0.7463786698522797,20,1.3685024417756906,629,Green,Medium,2
2264,Maybelline,Cosmetics,Foundation,price_low,160,0.26175353791103795,0.9260335576251901,51,2.0662737192022425,3316,White,Medium,2
2265,Levis,Clothing,Shirts,price_mid,2190,0.38075346718465264,0.926844892682254,0,,0,Black,XL,1
2266,H&M,Clothing,Shirts,price_low,600,0.398407735438952,0.8913972727187409,103,2.602183554883709,4690,Purple,L,2
2267,Maybelline,Cosmetics,Foundation,price_low,260,0.3433586627853291,0.439615426881409,30,2.3492522395672126,1911,Pink,Large,1
2268,Levis,Accessories,Belts,price_low,620,0.3663454037335342,0.5100207965581443,25,2.4891204980454344,1792,Purple,Large,5
2269,Puma,Footwear,Sports Shoes,price_low,1230,0.16998863063907296,0.41111387425862367,64,1.694270379791255,2168,Green,UK6,4
2270,Libas,Clothing,Jeans,price_mid,2060,0.6055731404082666,0.40775262775796506,25,3.38745845333727,2120,Green,L,5
2271,H&M,Clothing,Dresses,price_high,5470,0.9076990474472378,0.17417959224349588,0,,300,Pink,M,5
2272,Nike,Footwear,Boots,price_mid,2870,0.208079460582064,0.38383165312523304,15,1.7966925635440996,951,White,UK12,5
2273,Nike,Footwear,Sports Shoes,price_mid,4100,0.3542811417967976,0.889687537759416,21,2.4299358155842437,699,Green,UK12,6
2274,Zara,Footwear,Sports Shoes,price_low,1320,0.4257123038379298,0.7348038515259269,50,2.6979419510417286,3328,Black,UK12,5
2275,Puma,Footwear,Sandals,price_low,1290,0.12241044521362236,0.0123573042534878,6,1.5090158593777108,367,Pink,UK12,2
2276,Zara,Clothing,Kurtis,price_high,7270,0.6039262740919333,0.09564564620979588,25,3.4321785452155953,1013,Brown,M,7
2277,Nike,Footwear,Sneakers,price_low,660,0.6031426708599994,0.06649852014774726,0,,82,White,UK10,2
2278,SwissBeauty,Cosmetics,Sunscreen,price_high,2960,0.7024311447067136,0.6520632554690166,51,3.7853343773800012,4164,Red,Medium,6
2279,Nike,Accessories,Bags,price_low,520,0.33808664083315443,0.5749117843486826,45,2.379053790911956,3665,Brown,Medium,2
2280,Levis,Clothing,Shirts,price_low,610,0.1047267594244123,0.29712268084115456,0,,63,Green,L,1
2281,Zara,Clothing,Jeans,price_low,440,0.27622875911399003,0.3368336173269959,42,2.1026283595413626,1564,White,XL,4
2282,H&M,Footwear,Sandals,price_low,1220,0.24953158938931225,0.4006787696860905,0,,187,Brown,UK4,6
2283,Adidas,Accessories,Watches,price_high,5830,0.6719692272219411,0.6588817563987921,13,3.6811296407055636,426,Red,Medium,5
2284,Nike,Footwear,Sports Shoes,price_mid,5000,0.6422490972737981,0.1529351976342176,83,3.5703032856386887,3317,Pink,UK4,3
2285,Zara,Clothing,Jeans,price_low,430,0.5629402717904487,0.22553832057390466,34,3.220506430494443,1656,Yellow,XL,6
2286,H&M,Footwear,Sneakers,price_low,950,0.6779700965864507,0.19644929202171846,37,3.7212171893048915,1572,White,UK8,1
2287,Nike,Clothing,Jeans,price_mid,2500,0.3153180980466498,0.1466127536819114,26,2.222212452421886,1500,Blue,XXL,2
2288,Nike,Footwear,Sports Shoes,price_low,1360,0.2635092091467746,0.810365075572753,65,2.0482377594971686,3179,Pink,UK8,7
2289,Adidas,Footwear,Sneakers,price_low,1160,0.061428606956726486,0.4439314585163623,21,1.2164576832080478,1412,Black,UK6,7
2290,Zara,Clothing,Dresses,price_high,6720,0.911979182586477,0.47043603221728536,75,4.667034718205723,2825,Blue,XL,6
2291,Zara,Clothing,Jeans,price_mid,1750,0.8243147571694556,0.48332126211432,47,4.317370596829194,2358,Green,XXL,5
2292,Adidas,Clothing,Shirts,price_high,3900,0.8116125024009498,0.813943051348437,103,4.251107406873576,4137,Purple,XXL,1
2293,Levis,Clothing,Tshirts,price_mid,1290,0.6424309720897979,0.8951975392935262,41,3.5539181614729425,3359,Pink,XXL,4
2294,MAC,Cosmetics,Moisturizer,price_high,3460,0.5510983324338588,0.49189693347557006,0,,27,Red,Medium,1
2295,Zara,Footwear,Flats,price_mid,3330,0.5906085758172261,0.31175823597036045,14,3.3597102199174,1536,Red,UK6,5
2296,Zara,Accessories,Bags,price_low,500,0.1082948266487211,0.6809726224020578,43,1.4239978542812612,2752,Black,Small,7
2297,Zara,Accessories,Bags,price_low,620,0.37885767238973217,0.5546829283188297,68,2.520130320209138,2183,Pink,Large,6
2298,Maybelline,Cosmetics,Moisturizer,price_low,240,0.33008076034276485,0.15744784182370075,66,2.3286985210155278,3204,Blue,Medium,3
2299,SwissBeauty,Cosmetics,Lipstick,price_low,180,0.20759370417494327,0.7208329619282757,60,1.8257432757392387,2029,Red,Small,5
2300,Adidas,Accessories,Belts,price_mid,2230,0.8213936608572168,0.053421763793283006,73,4.286364705966196,3068,Black,Medium,1
2301,Zara,Footwear,Sandals,price_high,7430,0.41315803948780494,0.16818759620954293,65,2.671131763881165,4156,Blue,UK12,6
2302,Adidas,Footwear,Sandals,price_mid,5000,0.417924602724841,0.28214750338832073,26,2.659024109470364,1060,Blue,UK6,6
2303,Nike,Accessories,Watches,price_low,450,0.4365437519480174,0.27567705179411783,5,2.7105814721821586,75,Red,Medium,2
2304,MAC,Cosmetics,Moisturizer,price_low,420,0.27107865823831867,0.03234855305603601,7,2.102045352955561,430,Green,Small,1
2305,Levis,Clothing,Jeans,price_low,540,0.15349259460543002,0.2726368186128024,27,1.600634024090702,1477,Pink,XL,6
2306,SwissBeauty,Cosmetics,Sunscreen,price_mid,1050,0.09389402745237724,0.13758663772444324,27,1.395510602114237,1364,Yellow,Small,4
2307,MAC,Cosmetics,Moisturizer,price_mid,1630,0.27276910760782963,0.729194665282077,0,,0,Black,Medium,7
2308,Puma,Footwear,Flats,price_low,990,0.21831199806732618,0.7589441282765419,97,1.8556688976735634,3471,Red,UK8,2
2309,Nike,Accessories,Watches,price_mid,1910,0.5654535859758267,0.12973987589754377,0,,34,Brown,Medium,1
2310,Libas,Clothing,Shirts,price_low,550,0.5953436436702756,0.3933707269765737,68,3.3595916537025987,2923,Black,M,4
2311,Maybelline,Cosmetics,Lipstick,price_mid,1160,0.3451981016595041,0.6469793515897346,39,2.4023101421118764,1772,Red,Large,5
2312,Nike,Footwear,Sneakers,price_low,890,0.11989814352326934,0.1649088044367898,13,1.4471144962190892,1111,Yellow,UK4,2
2313,Nike,Footwear,Sports Shoes,price_low,980,0.29872542496011967,0.9427577440445724,8,2.155508419292041,816,White,UK12,3
2314,Nike,Clothing,Jeans,price_low,560,0.1060101679480504,0.04953898953855762,6,1.4053329253064235,280,Black,S,2
2315,H&M,Accessories,Belts,price_high,9850,0.8675540006079558,0.661586219978934,45,4.459154786494633,2861,Pink,Large,5
2316,Nike,Accessories,Bags,price_mid,2370,0.21614076320502443,0.6934857911267376,10,1.915176944994474,411,Yellow,Large,1
2317,Nike,Clothing,Jeans,price_mid,2080,0.5335986739762792,0.347860773125667,8,3.07340338149576,454,Yellow,L,7
2318,SwissBeauty,Cosmetics,Foundation,price_mid,1210,0.6259238870441729,0.5971179663702991,30,3.5201054483961824,2449,Green,Small,4
2319,Nike,Footwear,Sandals,price_low,1010,0.1914693688929799,0.8116176456838011,1,,105,Black,UK6,3
2320,Nike,Footwear,Sneakers,price_mid,4220,0.43637205896330966,0.7577694313347292,2,,0,Black,UK4,2
2321,H&M,Clothing,Tshirts,price_mid,950,0.2241273419410534,0.3744588267422678,41,1.8887105913677908,1828,Red,S,4
2322,H&M,Clothing,Dresses,price_mid,1880,0.3120277743455317,0.3160333888474609,8,2.2703067180984196,384,Brown,XL,5
2323,Puma,Clothing,Shirts,price_low,450,0.1784928624672581,0.32639725735478653,39,1.7381993962373838,1354,Pink,S,6
2324,Nike,Footwear,Sandals,price_low,1320,0.4029991933170927,0.3198739714503035,63,2.5878564340932413,2484,White,UK12,1
2325,Libas,Clothing,Jeans,price_mid,1720,0.36086599471004444,0.9324058854931059,8,2.382140936230825,398,Brown,XL,4
2326,Levis,Accessories,Belts,price_mid,1600,0.4136083286900857,0.33009772292035255,0,,31,Brown,Small,2
2327,Zara,Accessories,Watches,price_mid,2210,0.5534918691318942,0.39598807354970733,77,3.227110659013215,2585,Purple,Large,4
2328,Puma,Clothing,Shirts,price_mid,1790,0.6002463404921103,0.4740478009081547,54,3.397595483653519,2049,Brown,L,2
2329,Zara,Accessories,Bags,price_low,240,0.11308517801406305,0.35988070392971216,35,1.4558927898047305,1285,Yellow,Small,7
2330,Maybelline,Cosmetics,Moisturizer,price_mid,1280,0.2544100553536522,0.13326142139981167,48,2.009338093736719,2228,Black,Medium,3
2331,Zara,Clothing,Dresses,price_low,680,0.6405727164688035,0.8154771506397656,4,,444,White,XL,5
2332,Zara,Accessories,Bags,price_mid,2920,0.5097700638753966,0.6219494635839167,13,3.092367988353431,779,Yellow,Large,5
2333,Zara,Accessories,Bags,price_low,360,0.7582629996184732,0.5752316496813351,5,4.101166583997798,393,Red,Small,4
2334,Nike,Footwear,Flats,price_mid,3410,0.4886595754637659,0.2124178183192562,11,2.9432968267585897,341,Blue,UK12,5
2335,Zara,Footwear,Sneakers,price_mid,3360,0.5803393149576523,0.3210821215958721,83,3.3107221872091865,3518,Pink,UK8,2
2336,Nike,Accessories,Belts,price_low,530,0.11329874936171623,0.6093518184299449,1,,124,Brown,Small,1
2337,H&M,Clothing,Shirts,price_low,390,0.5238110328213698,0.6734346311891486,7,3.0514162240288467,454,Black,M,2
2338,Puma,Footwear,Sneakers,price_high,10510,0.8537698954122259,0.7259765677618386,118,4.399907251900706,5000,Red,UK10,4
2339,Zara,Accessories,Bags,price_mid,910,0.335282060792518,0.5585116919987367,36,2.349808927330024,2085,Black,Small,3
2340,Nike,Footwear,Sports Shoes,price_low,1280,0.5733388540235818,0.08481434529964715,12,3.249045878861716,362,White,UK8,6
2341,Zara,Clothing,Shirts,price_mid,2370,0.3078234764025267,0.47324283258245303,109,2.2318981900785855,4166,Brown,M,4
2342,Nike,Footwear,Sandals,price_low,1500,0.2624099947820977,0.8304064583771007,32,2.053819540275341,1421,Red,UK6,6
2343,H&M,Footwear,Sandals,price_low,1160,0.23417797646888544,0.8095726143109555,44,1.927704922694572,3066,Pink,UK10,6
2344,Levis,Clothing,Shirts,price_mid,1960,0.36550665211746053,0.20886577743654833,0,,107,Yellow,XXL,6
2345,Maybelline,Cosmetics,Moisturizer,price_mid,1210,0.15573391243547283,0.8421135470066654,44,1.599678873367387,3463,Blue,Medium,5
2346,H&M,Accessories,Bags,price_mid,2330,0.8220761226046603,0.813867601108422,57,4.262481465923734,2719,Pink,Large,6
2347,MAC,Cosmetics,Sunscreen,price_mid,1500,0.6557220088432918,0.2164782444205804,66,3.6146239147382104,2868,Yellow,Large,3
2348,Nike,Accessories,Bags,price_mid,2340,0.33290210810495013,0.9345603650847084,143,2.3161871308073017,5000,Blue,Large,7
2349,Adidas,Accessories,Bags,price_high,7250,0.5757867646614109,0.016283638805775102,100,3.306982432175885,4179,Green,Large,4
2350,Adidas,Footwear,Boots,price_low,1500,0.033422864844097976,0.8166204287974415,8,1.181942828780419,563,Pink,UK10,3
2351,Zara,Clothing,Jeans,price_low,660,0.2639604043290922,0.7465232424737194,21,2.016970296237035,887,Blue,XXL,7
2352,Nike,Footwear,Boots,price_low,1220,0.15076755581776125,0.546036218471315,39,1.5722843159389743,1566,Purple,UK12,7
2353,Libas,Clothing,Tshirts,price_mid,2130,0.4177002064320362,0.19992851240864296,94,2.6889848834880943,3177,Purple,XL,3
2354,Zara,Footwear,Sandals,price_high,15000,0.8474970669004669,0.3914150001444028,34,4.383113064092491,3525,Purple,UK12,4
2355,Maybelline,Cosmetics,Moisturizer,price_mid,820,0.5062870733121253,0.6782707537828134,34,3.0190254142555526,1803,Red,Large,7
2356,Puma,Accessories,Watches,price_low,600,0.38631993160017586,0.059353974267319476,45,2.5384394409758517,1835,Black,Small,4
2357,Nike,Footwear,Sports Shoes,price_low,1080,0.38894245329127336,0.44961859050679065,13,2.542314668759907,318,Pink,UK8,4
2358,Maybelline,Cosmetics,Foundation,price_low,310,0.21400404790517194,0.8884674868995879,2,,185,Green,Medium,4
2359,Nike,Footwear,Sneakers,price_mid,3530,0.2632056014617897,0.7868964955903215,28,2.0454378358448833,1459,Brown,UK6,3
2360,Maybelline,Cosmetics,Foundation,price_low,220,0.11012986537682663,0.15390624981466738,52,1.4160970038999892,1890,Pink,Medium,1
2361,Maybelline,Cosmetics,Foundation,price_low,180,0.0645170735046016,0.8480300890891849,20,1.260772656589682,935,Brown,Medium,5
2362,Nike,Accessories,Caps,price_mid,2770,0.49324326848171063,0.8672629746936005,84,2.9867737910597456,3587,White,Small,2
2363,Nike,Footwear,Sandals,price_mid,3340,0.68356821434201,0.9163069666338023,64,3.7487594455340405,5000,Black,UK4,2
2364,Levis,Clothing,Kurtis,price_mid,2070,0.4573465523928849,0.2233388351678609,8,2.8452020746678293,236,Pink,S,2
2365,Levis,Clothing,Jeans,price_mid,1220,0.22632975991287527,0.6074020152958511,25,1.936460252037497,2493,White,M,7
2366,Zara,Clothing,Jeans,price_low,520,0.2595326140582708,0.6093928908579185,54,2.0499566390597574,3571,Pink,L,1
2367,Puma,Footwear,Flats,price_mid,3560,0.803499390420622,0.9878571220445589,47,4.226456009206498,4793,Red,UK12,3
2368,Adidas,Footwear,Sneakers,price_low,720,0.3687913607961032,0.33678237784264964,18,2.449712317168762,721,Brown,UK4,2
2369,Maybelline,Cosmetics,Lipstick,price_mid,890,0.6371066597558225,0.6506736119979094,111,3.565393234731833,3663,Red,Small,1
2370,Adidas,Footwear,Boots,price_low,1210,0.3074941313041548,0.6105241763705885,0,,16,White,UK6,7
2371,Nike,Clothing,Tshirts,price_mid,2170,0.5093145340652449,0.4711649886198547,130,3.054128679168995,4926,White,L,5
2372,Zara,Footwear,Sandals,price_low,1470,0.41138911817956514,0.737814078236407,2,,542,Brown,UK6,2
2373,Levis,Clothing,Kurtis,price_mid,1630,0.5344488940280852,0.6413878166675546,33,3.1099215680767798,2633,Brown,L,1
2374,Nike,Footwear,Sandals,price_low,1500,0.19999102060823115,0.4293629007870552,102,1.8130337783388688,3798,Purple,UK12,4
2375,SwissBeauty,Cosmetics,Lipstick,price_mid,930,0.7672402941991937,0.9280917906489501,81,4.051196597549125,4494,White,Small,6
2376,Libas,Clothing,Dresses,price_low,650,0.556000689475847,0.9147581955893498,64,3.2190394668431064,2248,Blue,XXL,7
2377,Maybelline,Cosmetics,Foundation,price_low,180,0.29573317237897095,0.38148480522132433,25,2.1882720773920976,1947,Purple,Large,3
2378,Adidas,Footwear,Flats,price_high,15000,0.8832416288338786,0.2355665648990687,47,4.527079517433183,1793,Green,UK6,6
2379,Puma,Footwear,Sports Shoes,price_mid,5000,0.45795455478189084,0.8839034674410731,124,2.8487241517813175,4631,Red,UK4,6
2380,SwissBeauty,Cosmetics,Foundation,price_mid,1220,0.6845185649507061,0.7144673581581773,80,3.7584887150798787,3274,White,Small,6
2381,Adidas,Accessories,Watches,price_mid,1950,0.5085028438641882,0.25949008815438535,55,3.041553350717984,1676,White,Medium,4
2382,Puma,Clothing,Jeans,price_high,7310,0.9006155748654073,0.5446460659860589,25,4.61711812751643,721,Red,XL,6
2383,Libas,Clothing,Shirts,price_low,450,0.5147779711621994,0.05807813672591999,0,,188,Purple,XXL,5
2384,Maybelline,Cosmetics,Lipstick,price_mid,840,0.7386079704709013,0.2635745447165819,41,3.9815627169280052,2175,Black,Small,5
2385,Puma,Clothing,Tshirts,price_mid,1250,0.42829054758176666,0.23779532755671307,9,2.7399220998073406,401,Blue,M,1
2386,Zara,Accessories,Caps,price_mid,1890,0.39190444938666547,0.08821576496349293,55,2.576371280320801,2853,Brown,Small,2
2387,Zara,Accessories,Watches,price_mid,2720,0.42171044243041783,0.7841379848302747,1,,152,Green,Small,6
2388,MAC,Cosmetics,Foundation,price_mid,1990,0.4036883744552718,0.5959905388701552,15,2.655614064833006,486,Red,Medium,5
2389,Libas,Clothing,Tshirts,price_mid,1390,0.2963802665125206,0.6066953829934117,16,2.184734465289816,1231,Pink,XXL,6
2390,H&M,Accessories,Bags,price_high,9700,0.8087409320271515,0.2426104077238449,42,4.222221066939906,2408,Black,Medium,3
2391,Adidas,Footwear,Flats,price_mid,4910,0.2568956482774746,0.9965437201739429,39,1.9995156018611393,2386,Purple,UK10,1
2392,Maybelline,Cosmetics,Moisturizer,price_mid,1340,0.28270590379804145,0.6582001663654888,4,,317,Blue,Medium,3
2393,Nike,Clothing,Dresses,price_low,670,0.4518513645642724,0.03273455319908558,27,2.8125349687872774,1219,Blue,XXL,4
2394,Adidas,Footwear,Sandals,price_mid,4400,0.6551206206772643,0.2801566888645851,35,3.5943173606119196,2801,Purple,UK12,5
2395,Zara,Clothing,Shirts,price_low,570,0.24764484059278571,0.05140626170784757,18,1.954806266224034,1197,Blue,M,2
2396,Zara,Accessories,Belts,price_low,500,0.3601647449909567,0.44396958584957447,35,2.4652621662642185,1539,Black,Large,5
2397,Nike,Clothing,Jeans,price_high,6130,0.7983688816464047,0.44640868557786073,16,4.217258259319998,547,Green,M,6
2398,Zara,Accessories,Caps,price_low,490,0.1820738962290581,0.2634045884908266,61,1.7330821782432115,2334,Pink,Small,7
2399,Zara,Accessories,Watches,price_high,12000,0.7326581640863816,0.8144035266462635,51,3.9287257660064343,2808,Yellow,Small,5
2400,Puma,Clothing,Jeans,price_mid,2270,0.2792968946304855,0.3550672350994658,49,2.12056287724247,2781,Purple,XL,6
2401,Zara,Accessories,Caps,price_low,470,0.3710214249313744,0.1044605859297808,43,2.512683643066923,2497,Brown,Large,2
2402,MAC,Cosmetics,Sunscreen,price_low,340,0.28922781176858037,0.7052207712969839,24,2.119645492112294,1741,Green,Small,2
2403,Nike,Clothing,Dresses,price_mid,1340,0.3226188996549102,0.3469594763728141,37,2.2683555500089168,2410,Brown,M,5
2404,Puma,Footwear,Boots,price_high,9760,0.8850050770224863,0.7947091563366402,93,4.5436372839443395,3853,Pink,UK10,2
2405,MAC,Cosmetics,Moisturizer,price_low,310,0.3363986615176992,0.08233108313067339,35,2.3326182149848878,1423,Pink,Large,5
2406,Nike,Clothing,Tshirts,price_low,440,0.5419159364540573,0.16558481810184245,63,3.191880038873843,2708,Blue,XL,5
2407,Adidas,Footwear,Boots,price_high,8670,0.5931360657013466,0.7877356392384186,65,3.379600433930179,2540,Pink,UK10,4
2408,MAC,Cosmetics,Moisturizer,price_mid,1220,0.7106646230098829,0.48685340442405123,80,3.8324942039933387,4208,Red,Large,2
2409,Adidas,Footwear,Sneakers,price_mid,4280,0.7081058208043416,0.9969207066399158,103,3.8341128525542056,4433,Red,UK6,4
2410,Zara,Accessories,Belts,price_mid,2230,0.5990873368891813,0.6458096473302135,59,3.382141028260782,2089,Green,Small,5
2411,H&M,Accessories,Watches,price_low,480,0.43823509832394864,0.9899476797542562,55,2.743188978767769,3330,Blue,Small,2
2412,Zara,Accessories,Belts,price_low,610,0.22044218225131026,0.921719365060863,1,,249,Green,Small,6
2413,MAC,Cosmetics,Moisturizer,price_mid,980,0.3845203330568345,0.9885676593240854,6,2.5004416030732473,323,Black,Large,2
2414,H&M,Accessories,Caps,price_low,400,0.06767447126376396,0.45233949731490153,36,1.2742470097976974,1265,Green,Large,3
2415,Libas,Clothing,Shirts,price_low,330,0.1918795287833814,0.2453132329647545,37,1.7834645578427055,1772,Blue,XL,3
2416,Levis,Accessories,Watches,price_low,610,0.2915163848540983,0.376894137364299,3,,298,Brown,Medium,2
2417,Nike,Footwear,Sneakers,price_mid,4610,0.4721868163658407,0.35670418839949436,1,,176,Black,UK12,6
2418,Levis,Clothing,Tshirts,price_low,620,0.30268367318016653,0.3756290961117137,8,2.222554760213151,565,Blue,L,5
2419,Puma,Clothing,Dresses,price_mid,2180,0.456797732900597,0.32337637247502904,5,2.7412869557357764,170,Purple,L,1
2420,SwissBeauty,Cosmetics,Sunscreen,price_mid,790,0.7224534963236163,0.2885484093826979,69,3.893883503621351,2681,Brown,Medium,4
2421,Levis,Clothing,Jeans,price_mid,1610,0.42050229257931143,0.755028294333818,124,2.69940775103405,5000,Blue,L,3
2422,H&M,Clothing,Kurtis,price_low,470,0.16580041977296933,0.5802596422244505,19,1.6684193963616496,1011,Purple,S,1
2423,H&M,Clothing,Shirts,price_mid,1640,0.25925141205683183,0.31681516925734476,22,2.0045465643736904,2002,Red,L,1
2424,Puma,Footwear,Sports Shoes,price_mid,3420,0.7196884197853664,0.5138327791863618,47,3.9033392811934413,2744,Brown,UK8,5
2425,Nike,Clothing,Kurtis,price_mid,1670,0.18844604449198812,0.3120198488692225,39,1.746623957875932,1816,Purple,S,1
2426,Libas,Clothing,Jeans,price_low,300,0.10549238090788811,0.8001877443103651,45,1.4450675402989521,1850,Brown,S,5
2427,Nike,Footwear,Sandals,price_mid,3480,0.2111371496168875,0.3011922994917178,0,,0,White,UK4,4
2428,Adidas,Footwear,Sneakers,price_high,14420,0.509609145468242,0.6565457001173689,24,3.0569683062967785,2322,Blue,UK8,3
2429,H&M,Clothing,Tshirts,price_low,360,0.2786989982774789,0.054229834564175294,20,2.1222179680347835,585,Black,L,6
2430,MAC,Cosmetics,Moisturizer,price_mid,2000,0.7743956648648073,0.1381054011598205,33,4.126027239484249,1777,Blue,Small,3
2431,MAC,Cosmetics,Foundation,price_low,320,0.06100512144506462,0.2560945549589283,18,1.2363492121605952,1083,Green,Small,1
2432,H&M,Accessories,Belts,price_low,480,0.4684967399388183,0.1406495208198204,24,2.8548639987274975,1640,Green,Medium,1
2433,Adidas,Clothing,Dresses,price_mid,1580,0.4031870702406241,0.17610076850050338,18,2.6174348169229904,1485,Green,S,1
2434,Zara,Accessories,Caps,price_high,5920,0.8523160795747645,0.20773454946298875,12,4.359719705663678,808,Yellow,Small,5
2435,Adidas,Clothing,Tshirts,price_low,550,0.6215580521641537,0.9728575059528926,6,3.451229920324133,560,Green,M,6
2436,Puma,Footwear,Flats,price_mid,3220,0.6865321043833323,0.21657833683698824,17,3.7898420466921654,1348,Black,UK8,7
2437,Maybelline,Cosmetics,Foundation,price_low,210,0.3391356329763884,0.5119988279793294,8,2.2929945774677405,531,Pink,Small,6
2438,H&M,Clothing,Dresses,price_low,560,0.15640532811965216,0.6366573994608294,39,1.6042404197724718,1582,Yellow,L,6
2439,Adidas,Footwear,Sports Shoes,price_mid,4780,0.4137364244737,0.35621138218615833,59,2.65319686035258,3183,Blue,UK8,6
2440,Libas,Clothing,Dresses,price_low,400,0.5848007623219496,0.8470626552875019,12,3.389413190049459,524,Black,M,3
2441,SwissBeauty,Cosmetics,Foundation,price_mid,890,0.3270036614477632,0.3001463048549472,20,2.323635313127032,1045,Purple,Small,2
2442,Adidas,Footwear,Sports Shoes,price_low,1160,0.18081729279211625,0.992429375268312,36,1.7299767029624995,2777,Black,UK10,6
2443,Adidas,Clothing,Tshirts,price_mid,2200,0.40521768433093386,0.9259333491900722,58,2.5988757873189225,3878,Brown,L,6
2444,Adidas,Clothing,Dresses,price_mid,2500,0.8819306154403768,0.4938541496081571,135,4.518396822823638,5000,Pink,S,3
2445,Nike,Footwear,Sports Shoes,price_mid,5000,0.40020311077824955,0.9509021207430639,126,2.5995761708769227,5000,Brown,UK6,3
2446,Zara,Clothing,Shirts,price_mid,1900,0.7462812112431476,0.42916590158902856,64,3.9847474302156938,3368,Red,XL,7
2447,H&M,Clothing,Tshirts,price_mid,1640,0.35261934875015916,0.23636422020130687,58,2.41465333046138,2935,Brown,S,4
2448,Zara,Clothing,Kurtis,price_mid,1360,0.5434881156710981,0.8969372122109796,52,3.1602110760459143,3235,Yellow,XL,1
2449,Nike,Clothing,Kurtis,price_mid,1850,0.3369417009548831,0.4715303532118599,43,2.3350997739169563,1765,Red,S,3
2450,Puma,Footwear,Sports Shoes,price_mid,4040,0.7828989498504865,0.555931947352271,33,4.126384871437584,2466,Pink,UK12,2
2451,Zara,Clothing,Dresses,price_low,450,0.10637760458727422,0.7682137362498805,13,1.4155748381486062,567,White,XL,2
2452,Adidas,Clothing,Tshirts,price_mid,2410,0.6063171360931138,0.1644477798685462,11,3.3990898499796844,298,Pink,L,7
2453,Zara,Footwear,Sneakers,price_low,880,0.13803042113641648,0.9307477294287035,50,1.5438325372314767,3036,Pink,UK4,2
2454,Adidas,Footwear,Sports Shoes,price_mid,5000,0.26019922498762116,0.10983729497732264,53,2.062188498190911,3109,Black,UK8,5
2455,Adidas,Footwear,Sports Shoes,price_mid,3710,0.5192734603840582,0.8890067901514762,5,3.026227463371815,690,Purple,UK6,5
2456,Nike,Clothing,Shirts,price_low,720,0.2736250423883843,0.5712192060615114,8,2.157586801256537,361,Yellow,XXL,5
2457,Levis,Clothing,Kurtis,price_low,440,0.36910991731589954,0.2721753714387328,4,,246,White,XL,7
2458,H&M,Footwear,Boots,price_low,1120,0.4480825192720614,0.2814468446790461,72,2.780359171600263,2485,Brown,UK8,1
2459,SwissBeauty,Cosmetics,Sunscreen,price_mid,750,0.22906455837052872,0.07391343261283267,15,1.9100522108152085,1603,Brown,Small,1
2460,Zara,Footwear,Sandals,price_mid,4100,0.37110421487231515,0.08303797819956438,0,,0,Pink,UK6,1
2461,Levis,Clothing,Dresses,price_high,7630,0.729722296012293,0.40419834044559766,84,3.9154963000386145,3570,Red,S,5
2462,Nike,Footwear,Sneakers,price_high,13930,0.5849837752712503,0.2578169591869721,4,,439,Purple,UK8,5
2463,Puma,Clothing,Tshirts,price_low,350,0.3484523594844011,0.06138340901850858,0,,71,Blue,XL,7
2464,Zara,Accessories,Bags,price_mid,1260,0.6831708192797545,0.32392549356225453,67,3.7269238574703354,2456,Blue,Medium,1
2465,Puma,Clothing,Kurtis,price_mid,1620,0.7563599758085768,0.8475958765813214,137,4.014710880889915,4909,Green,L,4
2466,MAC,Cosmetics,Sunscreen,price_mid,1910,0.6691804007587584,0.08826489962136874,25,3.716417447001889,1413,Green,Large,4
2467,Adidas,Accessories,Bags,price_mid,2530,0.5001040506899804,0.7726070577609251,12,3.0534628836560858,600,Black,Medium,7
2468,Puma,Footwear,Sports Shoes,price_mid,3790,0.5403380022303274,0.2388421189345995,46,3.133829242781364,2374,Blue,UK4,6
2469,Adidas,Footwear,Sneakers,price_high,8970,0.7461492244484941,0.5775953456666756,18,4.022499640838899,616,Yellow,UK6,1
2470,Zara,Clothing,Tshirts,price_low,780,0.3627155961087822,0.21779498704892575,0,,171,Black,M,4
2471,Levis,Clothing,Kurtis,price_low,800,0.06383795309706304,0.17550036130592161,39,1.2468528791998945,1458,Pink,S,1
2472,Libas,Clothing,Jeans,price_mid,1970,0.18984600540917426,0.4665446846466472,31,1.7633648291930808,2654,Pink,XXL,5
2473,Adidas,Accessories,Watches,price_low,530,0.302232673453902,0.9496381476363859,57,2.1874613552714126,2112,Red,Small,3
2474,Zara,Clothing,Kurtis,price_low,560,0.5060014051638928,0.9390800942734482,83,3.0059744051157806,4318,Yellow,L,3
2475,MAC,Cosmetics,Lipstick,price_high,5460,0.5642144756821126,0.7244109666825981,8,3.2591835128101003,222,Black,Medium,2
2476,Maybelline,Cosmetics,Foundation,price_low,340,0.062075277813774886,0.4764109404575477,3,,457,Blue,Medium,7
2477,Levis,Accessories,Bags,price_low,700,0.483351776815548,0.37807306281659014,24,2.9578526672582632,1762,Black,Small,3
2478,H&M,Clothing,Shirts,price_mid,1970,0.8223748070015282,0.0034303886325257604,21,4.329489903840594,1761,Black,XL,5
2479,Adidas,Footwear,Boots,price_mid,2740,0.11114948942170408,0.13557560396416957,4,,168,White,UK10,2
2480,H&M,Clothing,Tshirts,price_high,5440,0.40770126878652496,0.14000699094957458,31,2.6080856281113043,1338,Green,M,2
2481,Puma,Footwear,Sports Shoes,price_mid,4500,0.15955285125677696,0.5260088383600471,31,1.6134861477950688,1286,Pink,UK4,1
2482,Nike,Clothing,Kurtis,price_low,640,0.28790763353572757,0.11582202634344263,40,2.127008761728177,1279,Blue,S,2
2483,Nike,Clothing,Dresses,price_mid,1600,0.28682796352725703,0.9671820907277515,57,2.1382919525908233,3600,Green,M,7
2484,Adidas,Footwear,Boots,price_low,1500,0.06215394625009635,0.2892683008138849,34,1.2204389425093207,1751,Purple,UK10,5
2485,Zara,Accessories,Watches,price_low,330,0.524614812170182,0.540449403354478,0,,97,Red,Medium,1
2486,Zara,Footwear,Sandals,price_low,1020,0.4687831200065976,0.6132644290694321,64,2.8527735521706132,4795,Green,UK12,7
2487,Levis,Accessories,Bags,price_mid,1920,0.5840911738463205,0.4541322535860317,0,,31,Green,Large,1
2488,Levis,Clothing,Kurtis,price_high,4770,0.8638353030336419,0.38552588389823594,51,4.4541550379297234,3814,White,XXL,6
2489,MAC,Cosmetics,Sunscreen,price_mid,1650,0.5436316431559515,0.11540869375790941,24,3.1699555496389364,1726,Yellow,Large,5
2490,SwissBeauty,Cosmetics,Lipstick,price_high,2800,0.6736020052085027,0.7204965904541124,74,3.691572412289678,4310,Red,Medium,7
2491,Adidas,Clothing,Shirts,price_mid,1840,0.43831838387912814,0.5721650667940158,70,2.775810717770708,2719,Red,XXL,7
2492,Levis,Clothing,Kurtis,price_mid,1920,0.6411184812025454,0.4299254236104989,8,3.609069993540935,734,Pink,L,2
2493,H&M,Footwear,Sports Shoes,price_low,1070,0.36404252444256024,0.38850730159550495,34,2.434184075557139,1930,Yellow,UK6,4
2494,Maybelline,Cosmetics,Sunscreen,price_low,220,0.17591343850259597,0.4441593618271834,17,1.6830329480539445,1374,Yellow,Medium,6
2495,Puma,Footwear,Flats,price_low,1020,0.07202330733901742,0.6350182743407464,11,1.261065609743525,379,Yellow,UK10,6
2496,Adidas,Footwear,Sandals,price_mid,3420,0.30513789376741457,0.30129398003095365,62,2.1973957321468798,2587,White,UK6,3
2497,SwissBeauty,Cosmetics,Moisturizer,price_mid,770,0.7306610467058263,0.14083860740776455,44,3.896629364224912,1724,Yellow,Medium,5
2498,Nike,Clothing,Tshirts,price_mid,1760,0.40489065393003076,0.7201462859734447,9,2.6289992847822967,238,Black,XXL,1
2499,Adidas,Clothing,Shirts,price_mid,2070,0.7088472281465078,0.02879426169524124,32,3.8323286542857895,1507,White,XXL,7
2500,Nike,Footwear,Sneakers,price_mid,3250,0.30230912251804254,0.76288889507126,49,2.212631619221801,2802,Green,UK12,7
2501,Levis,Clothing,Shirts,price_high,7130,0.42413421751746555,0.3221585127713973,35,2.722175435151657,1570,Green,XXL,4
2502,Adidas,Clothing,Dresses,price_low,580,0.23856328142178357,0.18382099944964825,12,1.9202424270306608,392,Blue,XL,2
2503,Adidas,Clothing,Tshirts,price_low,420,0.0354939202457984,0.30203548138598246,15,1.1621685131097712,710,Brown,M,1
2504,Nike,Footwear,Sneakers,price_mid,4130,0.6323989296410978,0.4748390604439219,25,3.514266955044502,768,Red,UK10,2
2505,Zara,Accessories,Caps,price_high,6000,0.2700662874846406,0.23062812973834146,14,2.1012266229436256,685,Red,Medium,5
2506,SwissBeauty,Cosmetics,Lipstick,price_low,210,0.2987918953360953,0.6714244304972787,15,2.2136688190529537,1679,Yellow,Large,2
2507,Levis,Clothing,Jeans,price_mid,1920,0.31969173269953016,0.0020616654912741783,26,2.2637738398792755,2216,Green,XXL,6
2508,Nike,Clothing,Tshirts,price_mid,1850,0.500860637555162,0.7179416244999713,33,3.0214457134468375,2128,White,S,5
2509,Maybelline,Cosmetics,Moisturizer,price_low,250,0.48502091765025723,0.9975009010855039,124,2.948399116560695,4564,Green,Small,1
2510,H&M,Clothing,Kurtis,price_high,3740,0.8773224234485508,0.23433281542989448,128,4.496518737591747,4725,White,XL,7
2511,Nike,Footwear,Sports Shoes,price_low,1360,0.7338915910666818,0.8378667849679503,78,3.932064714620274,4144,Blue,UK12,3
2512,Adidas,Accessories,Caps,price_mid,1470,0.2225536447158427,0.08027945213079457,31,1.879263333985141,2029,White,Medium,4
2513,MAC,Cosmetics,Foundation,price_mid,1710,0.5127492592262411,0.7596657605326956,41,3.05538418471235,1711,Red,Large,2
2514,H&M,Footwear,Sandals,price_mid,1980,0.7910585455687579,0.6621808638735048,38,4.156872586170654,3284,Red,UK6,2
2515,Levis,Clothing,Shirts,price_mid,2000,0.5010494239174385,0.4417990373376042,7,3.055360590298553,346,White,XL,2
2516,Puma,Clothing,Tshirts,price_mid,1850,0.22689301287695957,0.5857737150439051,54,1.909669727503745,1899,Green,XL,7
2517,Adidas,Footwear,Sandals,price_low,1000,0.5615035584238504,0.49798018547734646,0,,157,Green,UK12,3
2518,Nike,Clothing,Dresses,price_low,750,0.6805334191607175,0.7729091413939785,104,3.7214306718115946,4582,Brown,XXL,6
2519,Adidas,Clothing,Kurtis,price_low,500,0.08061847072217877,0.34457961171446894,45,1.3456560657451087,1585,Brown,XL,4
2520,Nike,Footwear,Sports Shoes,price_high,13460,0.70241516349859,0.10328150161272842,11,3.79623338253789,281,Yellow,UK10,4
2521,Nike,Clothing,Dresses,price_high,8000,0.7963526208382277,0.1394610408041188,42,4.213109834114434,1740,Pink,S,7
2522,Puma,Footwear,Sandals,price_low,880,0.40451390381833174,0.4451164444222945,35,2.6240010705998142,2965,Yellow,UK8,1
2523,Maybelline,Cosmetics,Sunscreen,price_low,230,0.3877536806749294,0.962236097513128,67,2.5748920194274034,4409,White,Medium,6
2524,Zara,Footwear,Sports Shoes,price_mid,3550,0.314213991917025,0.5289348471260579,61,2.258617971839532,2858,Black,UK6,2
2525,H&M,Clothing,Shirts,price_low,330,0.3974262824358925,0.30682704155740137,8,2.6124021156290578,538,Purple,S,4
2526,Zara,Footwear,Sports Shoes,price_low,1500,0.3143144022734112,0.8587482728798472,3,,198,Red,UK10,7
2527,Libas,Clothing,Shirts,price_mid,1560,0.3911480770052064,0.23141504630219245,13,2.5595007507794407,1228,Red,XXL,4
2528,Nike,Footwear,Sandals,price_low,920,0.4221517568369973,0.13099041264897604,28,2.6980871513093407,954,Black,UK8,1
2529,H&M,Clothing,Shirts,price_mid,1610,0.6610448491379398,0.8570307619092862,111,3.65779048544476,5000,Red,L,3
2530,Zara,Accessories,Watches,price_high,7920,0.5245999652097941,0.8640189358573584,66,3.0964568184163093,2296,Red,Medium,1
2531,Levis,Clothing,Jeans,price_low,530,0.1818762568204665,0.6806342962449484,74,1.7190605123035578,3176,Green,M,2
2532,Adidas,Footwear,Sneakers,price_low,1240,0.557176349175438,0.7031601985523566,64,3.232101161001497,3751,Black,UK10,4
2533,Maybelline,Cosmetics,Foundation,price_mid,850,0.3853674175430506,0.1406247679047462,34,2.5422427047873426,1541,Brown,Medium,2
2534,Nike,Clothing,Tshirts,price_mid,1520,0.6915173129190807,0.8217060562159743,17,3.7398556574242066,611,Brown,L,5
2535,Nike,Accessories,Caps,price_mid,2900,0.2995436504477325,0.20354024473274313,50,2.177603548039196,1980,Yellow,Medium,7
2536,Adidas,Footwear,Sneakers,price_mid,3010,0.6271102162904656,0.9773133076082008,38,3.4946147296713153,2196,Black,UK10,6
2537,MAC,Cosmetics,Lipstick,price_low,330,0.403482905786489,0.6771783996611429,3,,111,Pink,Medium,5
2538,Levis,Clothing,Shirts,price_mid,1880,0.3059594409766785,0.8339434269964588,0,,0,Yellow,M,3
2539,Adidas,Footwear,Sneakers,price_mid,3180,0.17963857952782514,0.04991849381379898,17,1.7013267377375918,1391,Red,UK4,1
2540,Adidas,Accessories,Bags,price_low,690,0.565332869556673,0.715395202420079,7,3.302680645577685,155,Red,Large,1
2541,Levis,Clothing,Jeans,price_mid,2060,0.6724467313848465,0.03572231744111509,9,3.6253078269076253,283,Blue,S,3
2542,Adidas,Clothing,Shirts,price_low,600,0.2817255524316466,0.07584779476451553,20,2.1204419501351355,1522,Purple,M,5
2543,Nike,Footwear,Sports Shoes,price_low,1070,0.265566634920895,0.3197187807579607,84,2.0685050056267533,3144,Yellow,UK4,5
2544,Nike,Footwear,Sports Shoes,price_high,11240,0.6867746187010404,0.447378680929466,137,3.7319312464713645,4848,White,UK12,3
2545,Zara,Clothing,Jeans,price_low,560,0.49472144112158284,0.9118971873600629,35,2.9459953577365607,1935,Brown,XXL,6
2546,Maybelline,Cosmetics,Lipstick,price_low,230,0.5542462959156232,0.9278430073653327,77,3.224349798433416,3476,Brown,Medium,1
2547,Levis,Clothing,Kurtis,price_low,500,0.2073683420899762,0.7358431571186094,27,1.8322921516738238,1944,Yellow,M,4
2548,Zara,Clothing,Kurtis,price_high,5460,0.5593258606592431,0.9790407757186125,42,3.213337424193283,3618,Yellow,L,3
2549,Nike,Footwear,Sports Shoes,price_low,1340,0.5707295200210634,0.5454323319317215,14,3.3227314479606807,1441,Yellow,UK6,5
2550,SwissBeauty,Cosmetics,Foundation,price_low,210,0.2419133335218998,0.6594581540079881,25,1.9688687589525158,1370,White,Medium,5
2551,Levis,Clothing,Jeans,price_low,520,0.19510662091109746,0.5480530074602171,19,1.7453801798186215,1754,Yellow,S,7
2552,Puma,Accessories,Bags,price_mid,1580,0.4162110452486303,0.9009501399526879,43,2.651457674912978,2270,White,Medium,4
2553,H&M,Footwear,Sneakers,price_low,1020,0.14213138770290817,0.8110061268408026,24,1.5612862447307436,2679,Green,UK8,2
2554,Adidas,Accessories,Bags,price_low,410,0.10354711993685223,0.8037918027070797,29,1.3994019702278133,1812,Yellow,Small,5
2555,Levis,Accessories,Bags,price_mid,930,0.3848689050498685,0.45667997572962726,45,2.5270632082552846,1815,Brown,Large,7
2556,Libas,Clothing,Jeans,price_mid,1710,0.49049806822771286,0.7556683802303197,7,3.0119805808695714,277,Brown,L,2
2557,Levis,Clothing,Jeans,price_mid,1710,0.22437639330879086,0.0010967089253124396,21,1.9251414903853876,1870,Red,XL,1
2558,Nike,Clothing,Tshirts,price_high,4750,0.5339632009417213,0.29520328100871795,58,3.1360505514248107,2441,Yellow,S,3
2559,Maybelline,Cosmetics,Sunscreen,price_mid,1590,0.1366114327454105,0.09393566666089936,38,1.5754747887506615,2038,Black,Small,6
2560,Adidas,Footwear,Sneakers,price_low,1270,0.681709634330724,0.34986700692684003,54,3.747696377804152,2514,White,UK10,3
2561,Levis,Clothing,Kurtis,price_mid,1520,0.4482451814522056,0.287572069309493,28,2.818699921571838,1344,Red,XXL,6
2562,Nike,Footwear,Flats,price_low,920,0.34143576959216465,0.674464198796912,3,,311,Purple,UK6,7
2563,Nike,Footwear,Sandals,price_low,850,0.608176017282648,0.07593879670082815,25,3.4337538741550286,1902,Red,UK10,1
2564,Puma,Footwear,Sandals,price_mid,4170,0.775558965204786,0.33457493404181127,73,4.112658181858531,2595,Blue,UK4,3
2565,H&M,Clothing,Tshirts,price_low,590,0.5609232822657506,0.15139204575910425,30,3.2481125190522757,1547,Brown,S,2
2566,Adidas,Footwear,Sandals,price_mid,4830,0.8138915345958959,0.9097350637336381,2,,155,Brown,UK6,2
2567,Libas,Clothing,Kurtis,price_low,600,0.14119529129167416,0.6001230045176376,0,,0,Black,XL,5
2568,Adidas,Clothing,Shirts,price_high,6320,0.5941040571710254,0.41316761065238106,49,3.4026076894270383,2810,Pink,M,7
2569,Zara,Clothing,Tshirts,price_high,6020,0.8588649298774326,0.13870906693702034,121,4.443807759395441,4361,Black,L,2
2570,MAC,Cosmetics,Foundation,price_low,490,0.4314091191137075,0.5922446392598876,34,2.722333383990023,1711,White,Large,2
2571,Nike,Clothing,Tshirts,price_high,6940,0.6037260694969245,0.14125024542801912,1,,233,Red,S,3
2572,Maybelline,Cosmetics,Lipstick,price_low,120,0.232999371892865,0.7656901578450235,19,1.9044400873701195,1525,Green,Medium,1
2573,Adidas,Footwear,Sandals,price_high,13320,0.7260575772444301,0.19814746818208662,6,3.8350955634916035,378,Black,UK6,4
2574,Adidas,Footwear,Flats,price_mid,2690,0.6489297494983888,0.058212399906399925,9,3.6405825154090765,476,Red,UK12,7
2575,Nike,Footwear,Sandals,price_mid,4450,0.8215855467166269,0.809542268071416,28,4.297351514852393,1997,Brown,UK4,2
2576,Zara,Footwear,Sneakers,price_mid,3230,0.562970594478103,0.3351029123645658,66,3.271897067960231,2843,Green,UK12,6
2577,H&M,Clothing,Tshirts,price_low,380,0.4546595181123132,0.4434815154758025,57,2.8075076686835767,2634,Yellow,XL,4
2578,Zara,Clothing,Tshirts,price_mid,1320,0.3303290986210644,0.9850453074060781,65,2.3233853487549108,3253,Black,XXL,1
2579,Zara,Clothing,Kurtis,price_low,560,0.5954594179272479,0.6974075733228975,19,3.4156182734610905,846,White,S,7
2580,H&M,Clothing,Tshirts,price_mid,2320,0.6520215730584987,0.03633587047068898,80,3.6081301264752956,3144,Brown,M,6
2581,MAC,Cosmetics,Sunscreen,price_mid,2000,0.393768014203431,0.6046602833856984,12,2.570236095410176,628,Pink,Small,1
2582,Zara,Footwear,Sandals,price_low,1100,0.42471588096696705,0.23278051968195146,71,2.680173949374826,2516,Purple,UK4,7
2583,Maybelline,Cosmetics,Foundation,price_mid,1370,0.6213645512553438,0.5090871117654413,1,,163,Green,Large,5
2584,Zara,Footwear,Sports Shoes,price_low,1180,0.3541221524497721,0.9060520653784374,63,2.40628966695803,3089,Red,UK4,6
2585,SwissBeauty,Cosmetics,Sunscreen,price_low,320,0.06725937125439325,0.17189756476971907,13,1.3075574318912615,787,Black,Medium,4
2586,H&M,Footwear,Sports Shoes,price_mid,3440,0.6209044146597461,0.44754626336381853,23,3.4547126603485547,2024,Black,UK8,2
2587,Zara,Clothing,Jeans,price_high,6160,0.8336678196796324,0.6091961711695474,74,4.339476520384903,3650,Yellow,L,5
2588,Nike,Footwear,Sports Shoes,price_mid,3820,0.3163730563652939,0.43383410813447876,6,2.190852492146659,290,White,UK10,3
2589,H&M,Clothing,Dresses,price_low,560,0.2463327470881746,0.024636740364788245,11,1.9974745256201496,486,Blue,L,1
2590,MAC,Cosmetics,Sunscreen,price_low,370,0.5833493044013275,0.5827123387789055,55,3.3603457225480815,2442,Green,Large,7
2591,Puma,Footwear,Flats,price_mid,3460,0.5141436692758462,0.6482871630352046,13,3.079318214327869,491,Pink,UK12,4
2592,Zara,Clothing,Shirts,price_low,660,0.2746239184227178,0.1836356689176727,9,2.064041065804723,674,Green,XXL,4
2593,Zara,Footwear,Sports Shoes,price_mid,2360,0.06471706253458058,0.23291454942941991,1,,0,Green,UK12,2
2594,Nike,Clothing,Dresses,price_low,300,0.19606653339533664,0.6437460072873218,46,1.7630802446800704,3025,Red,XL,3
2595,H&M,Clothing,Tshirts,price_mid,1650,0.4918764162660602,0.14923486855226442,25,2.9422504954658013,1736,Yellow,M,4
2596,H&M,Footwear,Sandals,price_low,750,0.12719070841829272,0.04184772829443273,9,1.5283692458580667,289,White,UK6,1
2597,Zara,Accessories,Caps,price_high,9480,0.9620185536219618,0.4234745363808633,36,4.8569500811093915,1787,White,Medium,2
2598,H&M,Footwear,Sandals,price_high,10550,0.6982232305071351,0.3266315571577708,7,3.8189057510750097,573,Blue,UK8,3
2599,Adidas,Footwear,Sandals,price_high,13190,0.4344179040837204,0.9083171821835473,39,2.745325088701175,2508,Black,UK12,4
2600,Maybelline,Cosmetics,Foundation,price_high,3110,0.830539329410596,0.33030635658318985,84,4.328791758065759,3388,Black,Large,4
2601,Levis,Accessories,Caps,price_mid,2820,0.387915969061437,0.5141133382814127,35,2.5467230734989537,2034,Pink,Large,2
2602,Maybelline,Cosmetics,Sunscreen,price_mid,1460,0.7916735567154897,0.6549141373264239,92,4.159045180392776,4289,Green,Medium,7
2603,Puma,Footwear,Sports Shoes,price_low,990,0.5524574926274293,0.15425746909751392,58,3.2124746125163273,2839,White,UK10,3
2604,Nike,Footwear,Sports Shoes,price_mid,3270,0.3775962788607127,0.7731395653174948,62,2.525941479064902,2571,Brown,UK6,6
2605,MAC,Cosmetics,Lipstick,price_high,5400,0.6585163993434089,0.5970629803129197,50,3.6187659098555782,2424,Brown,Small,3
2606,H&M,Clothing,Shirts,price_mid,1450,0.4498979789109276,0.7207309680572233,96,2.795209169462385,4113,Brown,L,4
2607,Adidas,Footwear,Sneakers,price_mid,3370,0.2850059933643897,0.9177659748927622,14,2.181863510404009,323,Yellow,UK12,1
2608,Maybelline,Cosmetics,Sunscreen,price_mid,760,0.27624249921262595,0.9721095531455464,68,2.096543120382951,2589,Purple,Large,6
2609,Nike,Accessories,Watches,price_low,480,0.1168770639425814,0.33508249788801814,6,1.4864975265894633,357,Blue,Medium,1
2610,Maybelline,Cosmetics,Moisturizer,price_low,230,0.5029540956290883,0.6579336239769414,51,3.0175500835747657,2235,Blue,Medium,2
2611,Zara,Clothing,Tshirts,price_mid,1630,0.4787791236540525,0.683780086686198,33,2.9404327752457275,2171,Yellow,M,7
2612,H&M,Footwear,Flats,price_low,1120,0.3701472230088868,0.7248834364536973,62,2.4618399425089272,3032,Green,UK6,6
2613,Nike,Footwear,Boots,price_low,1110,0.40810120681935574,0.8849192743056944,52,2.6264668524179564,2484,Green,UK12,4
2614,Maybelline,Cosmetics,Lipstick,price_mid,730,0.5031017162251289,0.05111255886832311,37,3.0059417807257165,2016,Yellow,Large,2
2615,Adidas,Footwear,Sports Shoes,price_low,840,0.109089881038214,0.6319207456454559,41,1.455248420994268,2448,Red,UK12,7
2616,Nike,Accessories,Bags,price_low,500,0.1299055838023763,0.9018770897623861,69,1.5183819521776125,2657,Purple,Medium,7
2617,Maybelline,Cosmetics,Moisturizer,price_high,3640,0.6869837863762488,0.473906302351333,59,3.745215021880187,2373,Blue,Medium,4
2618,Libas,Clothing,Shirts,price_high,3560,0.8422548315533342,0.08686895420998886,45,4.366202205612921,2120,White,L,4
2619,SwissBeauty,Cosmetics,Moisturizer,price_mid,780,0.3010792260428514,0.10150364170819393,7,2.2177766026324672,417,Red,Large,3
2620,Adidas,Footwear,Flats,price_mid,2990,0.5027799210769551,0.5891554476427752,42,3.0204521953273087,2982,Black,UK12,2
2621,H&M,Clothing,Shirts,price_mid,1310,0.4554375164120069,0.6184664562174147,34,2.809417149744991,1675,Blue,XL,6
2622,Nike,Footwear,Sports Shoes,price_mid,4430,0.4581431976956521,0.8215060501558556,77,2.8329476163123886,2802,Green,UK10,4
2623,H&M,Clothing,Dresses,price_high,4090,0.737110882941892,0.7816446217086295,89,3.9442242302220913,3808,Brown,XXL,5
2624,Adidas,Accessories,Watches,price_high,9930,0.6962577367429409,0.6502128925342383,127,3.7817595591512303,4240,Purple,Large,7
2625,Adidas,Clothing,Tshirts,price_mid,2040,0.6117022186794241,0.7854332977708562,5,3.4448237541475413,400,Yellow,L,2
2626,Adidas,Footwear,Sports Shoes,price_mid,4140,0.29591892715597556,0.06392337463944486,7,2.252647974831953,82,Pink,UK12,1
2627,Maybelline,Cosmetics,Lipstick,price_low,330,0.06815165275014506,0.20312327628505789,4,,0,Black,Large,3
2628,H&M,Clothing,Dresses,price_mid,1940,0.6997896550000148,0.6644724457064446,52,3.7882515088567867,2945,White,S,6
2629,Puma,Footwear,Sports Shoes,price_mid,2570,0.8617513422325116,0.673146605015752,97,4.449147485544909,3737,Green,UK10,7
2630,Zara,Accessories,Belts,price_low,350,0.14049980594660172,0.11154271544406491,21,1.5232798958915572,1324,Blue,Large,1
2631,Maybelline,Cosmetics,Sunscreen,price_low,160,0.5402026965322086,0.5499449092610598,62,3.142978121134422,4281,Blue,Medium,4
2632,Libas,Clothing,Kurtis,price_low,240,0.2808750247581639,0.13690900478422674,33,2.150480665432766,2324,White,XL,1
2633,Puma,Footwear,Flats,price_mid,4410,0.3638449172157338,0.0809751553323872,40,2.4438369058770193,2013,Red,UK8,3
2634,Nike,Clothing,Dresses,price_low,720,0.3678373533985406,0.377283727693567,48,2.455927551400354,2692,Yellow,XXL,4
2635,Nike,Footwear,Sneakers,price_high,12890,0.945122956829078,0.8804977614826724,91,4.768326593812949,3518,Purple,UK12,4
2636,Puma,Footwear,Sneakers,price_mid,3070,0.4635345501153322,0.6045869796042972,51,2.856285474684006,2672,Yellow,UK8,4
2637,Maybelline,Cosmetics,Foundation,price_mid,1090,0.5427623789707913,0.723601379589704,32,3.192332369617845,2660,Black,Large,5
2638,Nike,Clothing,Shirts,price_mid,1480,0.43439247032978223,0.17252315634243898,19,2.7161913024352358,902,Purple,S,2
2639,Libas,Clothing,Tshirts,price_low,330,0.19780664868159673,0.09854006197319476,19,1.7906007163706992,1436,Brown,M,3
2640,MAC,Cosmetics,Moisturizer,price_mid,1760,0.41498316737837615,0.07679736525925873,45,2.6623186426688776,1945,Black,Large,1
2641,Maybelline,Cosmetics,Lipstick,price_mid,860,0.5983326618482805,0.565340285574919,0,,62,Blue,Large,6
2642,Nike,Footwear,Sports Shoes,price_low,1370,0.045662896505904105,0.5925109662594709,0,,4,White,UK10,4
2643,Nike,Clothing,Shirts,price_low,680,0.29956012225264095,0.099723151181216,1,,157,White,S,4
2644,Adidas,Clothing,Jeans,price_high,3780,0.6142598491471506,0.6542107438392329,53,3.4695287342764494,2984,Purple,S,2
2645,Nike,Clothing,Shirts,price_mid,2500,0.5153363974875662,0.5841408204546187,82,3.080345823422408,3936,Pink,L,3
2646,Libas,Clothing,Jeans,price_low,420,0.6787754266995457,0.3384315326026477,135,3.731084178174444,5000,Green,XL,4
2647,Nike,Footwear,Sports Shoes,price_mid,2810,0.6993774787676024,0.7552487378994348,91,3.8102352300368127,3501,Black,UK6,7
2648,Adidas,Footwear,Sports Shoes,price_low,1140,0.7705282177803996,0.829181144995114,10,4.064937534880632,355,White,UK12,2
2649,Adidas,Accessories,Watches,price_mid,1700,0.7375593784095853,0.846067345530335,0,,88,Pink,Small,2
2650,MAC,Cosmetics,Moisturizer,price_mid,2000,0.46577414703087555,0.6672168700455184,138,2.862861662082486,4574,Pink,Medium,7
2651,Puma,Footwear,Sports Shoes,price_low,910,0.5337068558004551,0.296856864924938,1,,432,Blue,UK10,4
2652,Maybelline,Cosmetics,Lipstick,price_mid,980,0.5429851594178172,0.29552159094332675,86,3.16201785014099,3726,Black,Large,6
2653,Zara,Footwear,Sports Shoes,price_mid,4620,0.3133353384039921,0.3882981413095722,30,2.274765339772238,1398,Black,UK12,5
2654,Levis,Accessories,Bags,price_mid,2460,0.31354068086963294,0.23132660242162573,7,2.322777783632855,545,Brown,Small,4
2655,SwissBeauty,Cosmetics,Lipstick,price_mid,1060,0.7600198806563415,0.07875793252518648,79,4.039496470548791,3884,Green,Large,2
2656,SwissBeauty,Cosmetics,Sunscreen,price_low,250,0.2021167532314865,0.4825542564320726,2,,86,Purple,Large,2
2657,Nike,Clothing,Shirts,price_low,800,0.54255002984022,0.1451539440379248,11,3.1152522769452724,852,Brown,XL,2
2658,Puma,Clothing,Jeans,price_mid,1070,0.4748067749728869,0.5364735582039707,24,2.861116332015211,1969,Black,S,7
2659,MAC,Cosmetics,Foundation,price_mid,1890,0.5351728128941293,0.7271789127635937,109,3.1541624537934334,3685,White,Medium,5
2660,Adidas,Footwear,Sneakers,price_low,1490,0.23596039325014712,0.10645556070158269,8,2.006262307990059,154,Pink,UK12,7
2661,Puma,Footwear,Sports Shoes,price_mid,2490,0.5224493493469954,0.6198110545764651,56,3.0975940165590172,2822,Red,UK10,1
2662,Adidas,Footwear,Sandals,price_high,13400,0.5663011817690574,0.4063822840271186,57,3.276126884604517,3559,Black,UK6,7
2663,Levis,Clothing,Dresses,price_low,500,0.11439390198751091,0.8179760961086189,45,1.4681395319562613,2791,Black,S,4
2664,Adidas,Footwear,Sneakers,price_high,12040,0.8298646613012889,0.08867995868592504,68,4.311451649409813,3088,Yellow,UK12,7
2665,Maybelline,Cosmetics,Moisturizer,price_mid,990,0.5534345087101815,0.9780297946017946,68,3.197518007451603,2358,Red,Small,7
2666,H&M,Clothing,Jeans,price_mid,1560,0.641075591836866,0.18852513131010984,7,3.5434556886074815,366,Green,S,4
2667,Zara,Clothing,Tshirts,price_high,7210,0.8590362499038781,0.24207691905559403,37,4.443094428620591,2635,Brown,L,3
2668,Adidas,Footwear,Sneakers,price_mid,4790,0.31333121962881805,0.24267261085079328,38,2.269691197950852,2275,Purple,UK8,3
2669,Puma,Footwear,Sneakers,price_mid,4660,0.31178972595415666,0.820328897741249,32,2.2213616879206564,2407,Brown,UK4,2
2670,Nike,Footwear,Sandals,price_mid,2970,0.3173852770761544,0.9107760512989509,55,2.2925611699808215,2908,Purple,UK4,4
2671,MAC,Cosmetics,Moisturizer,price_mid,1380,0.9016611598060346,0.8805846115810235,126,4.59794717772683,5000,Pink,Medium,7
2672,Nike,Footwear,Boots,price_mid,5000,0.795355467468537,0.7066684155752481,68,4.188450329654628,2558,Red,UK4,6
2673,Nike,Footwear,Sandals,price_low,870,0.4302300813840077,0.20790919455385115,4,,198,Pink,UK8,2
2674,Libas,Clothing,Kurtis,price_mid,820,0.5905741096239142,0.7718124672843495,56,3.364569722021001,2235,Black,XXL,6
2675,SwissBeauty,Cosmetics,Moisturizer,price_mid,900,0.619127917432764,0.6616018362779457,34,3.467172912413223,3286,Brown,Medium,2
2676,Zara,Footwear,Sneakers,price_high,12180,0.7995760857461408,0.866243654309526,72,4.174950233825199,4163,White,UK10,6
2677,MAC,Cosmetics,Moisturizer,price_mid,1030,0.3226611043594609,0.4004600830988755,7,2.2482749392430628,232,Yellow,Small,5
2678,Zara,Footwear,Sports Shoes,price_mid,2770,0.43576184833733117,0.47882179660247504,11,2.7721027706036643,308,Pink,UK4,6
2679,Adidas,Accessories,Caps,price_mid,2600,0.8278999194247355,0.9450964277265431,15,4.313630225705345,544,Brown,Large,2
2680,MAC,Cosmetics,Moisturizer,price_low,440,0.5753045292127364,0.4338795044472161,21,3.3200065398107848,1323,Red,Small,5
2681,H&M,Clothing,Shirts,price_low,560,0.1816971496216704,0.5527469059274729,3,,193,Green,S,2
2682,MAC,Cosmetics,Sunscreen,price_low,430,0.6491831908427277,0.3076503384055066,7,3.522540881693882,268,Blue,Small,6
2683,Maybelline,Cosmetics,Lipstick,price_low,400,0.24077201182996325,0.008064378892545299,23,2.0001018141779365,1377,Pink,Small,3
2684,Nike,Footwear,Sports Shoes,price_mid,5000,0.83596833801146,0.4674580994168773,4,,334,Green,UK8,7
2685,Nike,Clothing,Jeans,price_low,800,0.39012800478989906,0.1790834172483049,16,2.5937448111575367,415,Blue,S,6
2686,Libas,Clothing,Jeans,price_low,470,0.24058645230378453,0.9900765730100005,24,1.9385295410950356,2391,Green,M,4
2687,Puma,Footwear,Sandals,price_high,10560,0.43823884051832834,0.17326906156068833,36,2.7620035455206606,1703,Purple,UK6,2
2688,Nike,Footwear,Sports Shoes,price_mid,4180,0.7672649706276171,0.541765963900354,34,4.054729797252349,2951,Red,UK12,7
2689,H&M,Clothing,Tshirts,price_mid,1950,0.21224933340981758,0.29405611010045263,9,1.8135501649295742,995,Green,XXL,6
2690,Libas,Clothing,Tshirts,price_low,450,0.13711709013561488,0.6045079248403918,21,1.5768154155688188,625,Pink,M,4
2691,Zara,Footwear,Sandals,price_low,1470,0.0992135178868196,0.25440181591849576,1,,464,Black,UK8,7
2692,Adidas,Clothing,Kurtis,price_low,800,0.14320072222666871,0.9447144875939993,12,1.5285171110267426,398,Purple,S,4
2693,Libas,Clothing,Kurtis,price_mid,1360,0.867769572845782,0.9740812164479365,18,4.426766220491822,548,Brown,XXL,3
2694,H&M,Footwear,Boots,price_mid,3890,0.36902607673610044,0.24873867310075626,8,2.456243338847542,192,Black,UK8,3
2695,Levis,Clothing,Kurtis,price_mid,1640,0.7598150019193508,0.2586142678402872,1,,261,Brown,XXL,2
2696,H&M,Clothing,Kurtis,price_low,340,0.31248367823703166,0.5086587440188225,37,2.249680917555272,1517,Pink,L,6
2697,Maybelline,Cosmetics,Moisturizer,price_mid,1020,0.6787166741742142,0.44997387818279,48,3.7200848992234072,3378,Pink,Medium,1
2698,Nike,Footwear,Sandals,price_high,7270,0.7358485371665439,0.8632903834174339,47,3.9720278514502594,3518,Red,UK4,7
2699,Libas,Clothing,Tshirts,price_low,530,0.5620552157359407,0.7984208056598862,17,3.2805473128023825,589,White,S,3
2700,H&M,Footwear,Sports Shoes,price_mid,1500,0.4678523192977544,0.3387065013987838,0,,79,Brown,UK10,1
2701,Maybelline,Cosmetics,Moisturizer,price_low,340,0.27279433824351507,0.6830906061880438,93,2.0957905715941485,3320,Yellow,Medium,5
2702,Levis,Accessories,Watches,price_low,620,0.3634604161636437,0.9921932662006593,9,2.490389280704713,233,Red,Large,3
2703,Maybelline,Cosmetics,Moisturizer,price_mid,860,0.45433476222345764,0.34315568440308175,47,2.844468729319616,2510,Pink,Small,7
2704,Nike,Footwear,Flats,price_mid,3020,0.6291635703470105,0.3311330959315396,32,3.4919600978162992,1562,Pink,UK4,7
2705,Nike,Clothing,Dresses,price_high,6430,0.5541168798873216,0.8712932892570299,120,3.2235790585591633,4193,Black,M,7
2706,H&M,Footwear,Sports Shoes,price_mid,3320,0.6116632178177305,0.7605911475112748,53,3.4277297682294163,2065,Pink,UK12,2
2707,Maybelline,Cosmetics,Moisturizer,price_low,230,0.5041187379873265,0.3230762743364939,0,,0,Red,Large,7
2708,H&M,Clothing,Dresses,price_low,490,0.5841179035903313,0.37737250775905085,114,3.325082141269677,4189,Yellow,S,7
2709,Zara,Clothing,Dresses,price_low,740,0.42123543771835875,0.70811304069851,53,2.677385343557633,3610,Brown,XL,7
2710,Zara,Footwear,Sports Shoes,price_mid,2370,0.22845980243623806,0.1943030264031732,18,1.8672802549997494,756,Pink,UK8,6
2711,Levis,Clothing,Shirts,price_mid,1910,0.518530800013282,0.747208429416638,47,3.051577325953508,2593,Yellow,S,5
2712,Zara,Clothing,Tshirts,price_low,640,0.12184997009280493,0.08877726999504698,18,1.4671651729561843,749,Red,XL,2
2713,SwissBeauty,Cosmetics,Foundation,price_high,3300,0.7819728650366349,0.8861419441402527,54,4.147478230355829,3746,Black,Small,4
2714,Libas,Clothing,Jeans,price_mid,1490,0.2244857395016509,0.9017288454584014,51,1.876668745173432,4384,White,XL,3
2715,SwissBeauty,Cosmetics,Sunscreen,price_mid,1050,0.3541265743502223,0.6500632333712801,54,2.437762743515062,2513,Brown,Large,3
2716,Libas,Clothing,Tshirts,price_mid,1750,0.19950811553241132,0.8781776117222551,92,1.8100169783576714,3146,Yellow,XL,4
2717,Adidas,Footwear,Sports Shoes,price_low,930,0.5515213792926011,0.9582975869370727,60,3.201141594400392,2672,White,UK8,1
2718,Libas,Clothing,Tshirts,price_low,400,0.12185775427721265,0.47118454997636916,14,1.525653618579171,1043,Yellow,S,5
2719,H&M,Footwear,Sandals,price_low,1170,0.24031001102809765,0.7384748312346423,3,,386,Purple,UK10,3
2720,MAC,Cosmetics,Moisturizer,price_mid,1400,0.6518426123903682,0.5253337471424858,120,3.6216946130139336,5000,Purple,Large,6
2721,Nike,Footwear,Boots,price_high,14880,0.809504801362947,0.1301336805633201,46,4.229673039624194,2188,Red,UK4,7
2722,Puma,Accessories,Bags,price_high,9610,0.8695065221014829,0.07013957992143927,144,4.486229501419918,5000,Pink,Large,7
2723,SwissBeauty,Cosmetics,Lipstick,price_mid,1110,0.4980401284263365,0.5018642140008257,81,2.9703933138198346,3244,Black,Medium,1
2724,Nike,Clothing,Dresses,price_mid,2280,0.4954161610990668,0.44782201042440095,0,,148,Black,XL,1
2725,Adidas,Clothing,Shirts,price_high,6340,0.5964030753317695,0.7641147944920493,3,,304,White,S,3
2726,SwissBeauty,Cosmetics,Foundation,price_mid,1200,0.14849798976359566,0.8338938458517187,19,1.5962722004516385,785,Green,Large,5
2727,Libas,Clothing,Tshirts,price_mid,2090,0.6785180427211102,0.5861668987194243,12,3.6693691478642148,286,Blue,L,6
2728,Adidas,Clothing,Tshirts,price_mid,2060,0.5949699269832326,0.18593581390663672,69,3.366496446350724,3439,Pink,S,3
2729,Libas,Clothing,Shirts,price_mid,1170,0.6370181933111003,0.1555660521021882,24,3.558645089733674,2268,Purple,S,2
2730,H&M,Accessories,Watches,price_low,350,0.3459767396246209,0.8676148596676885,16,2.360734315133354,820,Blue,Medium,4
2731,Maybelline,Cosmetics,Lipstick,price_mid,1370,0.5362837057011678,0.8276138091698458,74,3.153604818266528,3847,Purple,Large,3
2732,Nike,Clothing,Dresses,price_high,4900,0.9281325978641181,0.7220070304418366,87,4.717402342618862,5000,White,M,7
2733,Nike,Footwear,Boots,price_mid,4530,0.432473413985682,0.4062872559846922,17,2.753823076096978,384,White,UK10,3
2734,Nike,Clothing,Tshirts,price_low,600,0.31262086096709907,0.1878984943677684,25,2.221506913839474,1127,Brown,L,2
2735,Zara,Clothing,Shirts,price_low,710,0.45336283239727504,0.34926178462831214,52,2.8021082868749256,3564,Brown,XXL,3
2736,Adidas,Footwear,Sports Shoes,price_mid,3540,0.7753063951025954,0.6226178095246192,143,4.088773706998749,4960,Brown,UK8,6
2737,Zara,Accessories,Bags,price_low,700,0.10801503093793739,0.9792061178021737,49,1.4085427607196974,2253,Brown,Small,4
2738,Adidas,Footwear,Sneakers,price_mid,5000,0.37697151544690766,0.09710088064966094,25,2.53829636275148,1231,Brown,UK12,1
2739,Adidas,Footwear,Sneakers,price_low,980,0.10535925621562757,0.532869503386547,76,1.4435579433353767,2621,Black,UK6,3
2740,Levis,Clothing,Kurtis,price_low,400,0.17517326728388852,0.6891373888273996,7,1.714079359131159,365,White,M,7
2741,SwissBeauty,Cosmetics,Moisturizer,price_low,130,0.14746951611077924,0.3143948030079725,19,1.586771394625118,1416,Yellow,Medium,1
2742,Adidas,Accessories,Watches,price_low,320,0.21767545455026963,0.8826538297616937,49,1.852976330124872,1472,Yellow,Small,1
2743,Nike,Clothing,Tshirts,price_low,290,0.45365925201084994,0.4409510756494397,35,2.815375149766898,2630,Blue,S,5
2744,Zara,Accessories,Watches,price_mid,2370,0.7223267436953966,0.31286208569829665,17,3.9214177515233795,597,Black,Small,6
2745,MAC,Cosmetics,Sunscreen,price_low,390,0.1737188268170414,0.97375346112074,8,1.696771305774634,520,Blue,Small,4
2746,Levis,Accessories,Watches,price_low,270,0.4778882737972508,0.30678602817979395,20,2.907042677543724,1377,Blue,Small,4
2747,Levis,Accessories,Caps,price_high,7620,0.8566398849739641,0.6158594794070977,55,4.436502887640343,4381,Brown,Large,2
2748,Adidas,Clothing,Kurtis,price_low,610,0.6383994206668451,0.4174032421725007,75,3.559924842932767,3940,Green,M,6
2749,H&M,Clothing,Shirts,price_mid,1230,0.2582242186565366,0.7821639357583883,85,2.0313131164754,3463,Black,M,1
2750,Adidas,Footwear,Sports Shoes,price_mid,4400,0.8440842073952249,0.7457553148558901,90,4.379088905317086,4082,Yellow,UK6,6
2751,Maybelline,Cosmetics,Sunscreen,price_mid,1060,0.33847792837813584,0.7600633660902769,41,2.3801342023007193,1879,White,Small,6
2752,Puma,Clothing,Tshirts,price_mid,1780,0.7729822895297993,0.8452851866731894,4,,274,White,M,3
2753,Maybelline,Cosmetics,Sunscreen,price_low,230,0.12021707852518419,0.2952415819069528,38,1.4898123682764433,1285,Red,Medium,6
2754,Levis,Accessories,Caps,price_low,660,0.21716212624952871,0.913527508316578,3,,335,Black,Small,7
2755,Puma,Footwear,Sneakers,price_mid,4380,0.7258893071397398,0.26214740434880346,4,,245,Purple,UK8,4
2756,Zara,Clothing,Shirts,price_high,8000,0.8793704556672719,0.04165804921103344,11,4.527179899868416,505,Pink,S,6
2757,Adidas,Footwear,Sports Shoes,price_mid,5000,0.6665514173089641,0.259585285218341,8,3.668073627089106,243,Black,UK8,6
2758,Maybelline,Cosmetics,Lipstick,price_mid,1060,0.509494428160193,0.5086591163780246,6,3.004850587935765,421,Black,Medium,4
2759,SwissBeauty,Cosmetics,Moisturizer,price_mid,590,0.4716314599389318,0.3893528257236025,59,2.8642123100313226,2407,Black,Large,2
2760,Nike,Accessories,Watches,price_high,12000,0.535735393207662,0.7993643785038291,61,3.1536814473289985,3332,Brown,Medium,1
2761,H&M,Accessories,Watches,price_mid,1700,0.621080763412284,0.8822070887658111,119,3.480058110284996,5000,Red,Small,5
2762,Adidas,Clothing,Kurtis,price_mid,2450,0.5034623610223588,0.5210553972934441,48,3.02373772928977,2488,Purple,M,5
2763,H&M,Clothing,Shirts,price_low,540,0.3919856336737571,0.12203524455141634,8,2.55940546105831,503,Red,L,2
2764,Puma,Clothing,Tshirts,price_low,360,0.44721974030387,0.7354165569606377,3,,0,Red,XXL,3
2765,MAC,Cosmetics,Moisturizer,price_mid,1920,0.411026470547538,0.2558475052157898,12,2.617945475238834,1324,Brown,Medium,7
2766,Adidas,Footwear,Sports Shoes,price_mid,3630,0.3349598688327676,0.6608295302782187,102,2.3462291810318665,3692,Green,UK8,7
2767,Maybelline,Cosmetics,Moisturizer,price_high,2900,0.4164853260799355,0.9062332150693955,55,2.6535189647354165,2205,Red,Small,5
2768,Adidas,Clothing,Tshirts,price_mid,1990,0.5774828475110847,0.3428480507961952,119,3.30584362758623,4572,Pink,XL,4
2769,Zara,Accessories,Watches,price_mid,1990,0.6386091839154554,0.32394777090631544,0,,153,White,Medium,6
2770,Adidas,Clothing,Jeans,price_low,380,0.2189152554435753,0.3574142130924639,0,,0,White,L,3
2771,SwissBeauty,Cosmetics,Moisturizer,price_low,230,0.5300287156230374,0.6226524821560435,53,3.097693362351766,2257,White,Medium,1
2772,Nike,Accessories,Caps,price_high,8340,0.7892583288297885,0.8873225821760312,51,4.161177271734339,4073,Black,Medium,3
2773,SwissBeauty,Cosmetics,Moisturizer,price_mid,1010,0.48831515463696,0.42440078599134,9,2.993328846143503,274,Pink,Large,4
2774,Puma,Footwear,Flats,price_mid,3450,0.32390129129325973,0.8867205836742547,0,,4,White,UK12,5
2775,Zara,Footwear,Sneakers,price_mid,3870,0.4002230121585742,0.20654490106524825,8,2.619044690647787,237,Green,UK4,7
2776,H&M,Clothing,Kurtis,price_low,550,0.38947014731103513,0.5756071990385649,80,2.5433299969304697,3018,Green,M,3
2777,Levis,Clothing,Kurtis,price_mid,1490,0.6076352322612523,0.7722933788807579,32,3.42006017579473,2550,White,XL,4
2778,Adidas,Footwear,Sports Shoes,price_low,1300,0.4957792649427111,0.04931470718173392,22,2.9504144245319006,1583,Brown,UK4,3
2779,Puma,Clothing,Dresses,price_mid,1230,0.2191390564259131,0.8543322483721665,70,1.8574642254946385,3617,White,M,3
2780,Maybelline,Cosmetics,Foundation,price_mid,720,0.5565316954907698,0.3459205577246547,47,3.2353290354678164,1584,Black,Small,3
2781,Puma,Clothing,Shirts,price_mid,1750,0.6757767232777403,0.855792062486138,38,3.6890942948404843,3236,Black,M,4
2782,Levis,Clothing,Kurtis,price_low,620,0.20851177464334195,0.7933083347895185,39,1.8523453963053635,1431,Blue,S,5
2783,SwissBeauty,Cosmetics,Sunscreen,price_low,220,0.47841372683628325,0.626537374596944,71,2.897139388127239,3846,Brown,Medium,6
2784,Zara,Clothing,Dresses,price_high,8000,0.8708091540089455,0.722654863343141,74,4.505824279509695,3002,Yellow,XXL,2
2785,Zara,Accessories,Watches,price_high,8890,0.9040475580861024,0.08934081281860051,12,4.670908947630738,603,Green,Medium,3
2786,Levis,Clothing,Shirts,price_mid,1560,0.8668017652528879,0.7483882933514118,27,4.461908070790652,2366,Brown,XXL,7
2787,SwissBeauty,Cosmetics,Sunscreen,price_low,280,0.30371310837285503,0.5625765450072836,0,,204,Blue,Large,5
2788,Libas,Clothing,Shirts,price_low,500,0.1081318542455241,0.277336778483803,17,1.3916158070308413,599,Pink,XXL,7
2789,Puma,Clothing,Tshirts,price_high,6160,0.5435317197655636,0.177843015790086,88,3.1872139983820245,4870,Yellow,XXL,7
2790,Adidas,Footwear,Sports Shoes,price_mid,3760,0.799575681814267,0.3792353479574021,75,4.2202596851788385,2736,Red,UK10,1
2791,Puma,Footwear,Sandals,price_mid,4030,0.39889136106407996,0.6386470409880904,33,2.603973941070689,1886,Black,UK12,4
2792,MAC,Cosmetics,Sunscreen,price_mid,1180,0.48792301874174454,0.14086402748468507,19,2.9542967379963074,774,Pink,Large,7
2793,H&M,Accessories,Belts,price_mid,1510,0.687623500588233,0.11255330104957684,35,3.778353794192364,1653,White,Medium,1
2794,Zara,Accessories,Bags,price_high,9430,0.5819928664626285,0.4623436589155655,74,3.3080596395305153,4476,Pink,Large,3
2795,Nike,Clothing,Dresses,price_low,610,0.7399045995599294,0.1334918750297187,46,3.9542699033631528,2303,Purple,XL,5
2796,Adidas,Clothing,Tshirts,price_low,800,0.5946518666238128,0.6338800079211443,38,3.3882541561816373,2077,Black,XXL,3
2797,Adidas,Accessories,Bags,price_mid,1600,0.47525842000797713,0.8607034172458004,77,2.9059820525172326,3602,Purple,Medium,5
2798,H&M,Clothing,Kurtis,price_mid,1910,0.5366661951301367,0.48598441292969397,29,3.1389599809110384,2530,White,L,5
2799,Libas,Clothing,Tshirts,price_mid,1930,0.3580559076777043,0.7734124281189093,59,2.4207625056376494,2349,Blue,M,4
2800,Puma,Clothing,Kurtis,price_mid,1950,0.3045491203036369,0.4440395906707715,0,,24,White,S,3
2801,Adidas,Footwear,Boots,price_mid,2720,0.7456682618147927,0.7295333145489732,136,3.9901499589247886,5000,White,UK6,3
2802,Libas,Clothing,Shirts,price_low,260,0.3752968598285243,0.7128679023441084,58,2.5053765412747344,1999,Pink,L,6
2803,MAC,Cosmetics,Foundation,price_low,480,0.4224742401807565,0.10077294721674157,0,,91,Purple,Large,6
2804,H&M,Clothing,Kurtis,price_mid,970,0.5732289024057534,0.3832176138461524,50,3.3054964109847753,2482,Pink,XXL,1
2805,Puma,Footwear,Sandals,price_high,9850,0.5727729848873263,0.6799040667553752,36,3.282978933748204,2410,Green,UK4,6
2806,Maybelline,Cosmetics,Sunscreen,price_mid,1270,0.6300432247358408,0.9233465461833563,94,3.522192401529606,5000,Black,Large,2
2807,Nike,Footwear,Sports Shoes,price_high,11150,0.9086221805340682,0.6738067328600855,23,4.648978931175825,755,Brown,UK12,4
2808,Nike,Clothing,Tshirts,price_mid,1630,0.5579831849961737,0.7790904051465894,62,3.2203419171343315,3527,Yellow,L,7
2809,Puma,Clothing,Tshirts,price_low,320,0.3629191320091018,0.4680955328850117,49,2.4473914907314094,2343,Green,XL,6
2810,Levis,Clothing,Shirts,price_high,7610,0.6914605958351773,0.3136482349022035,15,3.7642624910503844,584,Black,XL,7
2811,MAC,Cosmetics,Moisturizer,price_mid,820,0.7637179322055759,0.7035936770412617,9,4.0611279014388435,631,Red,Large,1
2812,Zara,Accessories,Bags,price_low,530,0.22115666346785662,0.8434809026476549,55,1.8605604761023602,2159,Green,Medium,7
2813,Puma,Clothing,Dresses,price_low,800,0.5003577870576447,0.4150805565512521,71,3.021852842076639,3297,White,XXL,3
2814,SwissBeauty,Cosmetics,Lipstick,price_mid,1110,0.27899799919687357,0.39034021965536636,12,2.0672787656031177,643,Blue,Small,7
2815,Puma,Clothing,Tshirts,price_mid,1240,0.38249791436354635,0.626622987223229,15,2.5679296912965426,1057,Green,XL,1
2816,H&M,Accessories,Caps,price_mid,2170,0.7862314106208353,0.1467467236735066,31,4.111200319488414,1402,Pink,Medium,7
2817,Maybelline,Cosmetics,Lipstick,price_mid,980,0.14501911566218348,0.37230153158356594,25,1.5950241856384721,1795,Purple,Large,7
2818,Adidas,Clothing,Tshirts,price_mid,2350,0.6896197904431183,0.6875325555527468,90,3.778130681812713,5000,Purple,S,2
2819,Puma,Footwear,Sports Shoes,price_low,1000,0.5549238325683538,0.057938689038735114,8,3.1880737492600684,200,Brown,UK4,6
2820,Puma,Footwear,Boots,price_mid,3140,0.5605375514745365,0.09971699518753463,42,3.2343133496550003,1832,Pink,UK10,1
2821,Levis,Clothing,Tshirts,price_high,4940,0.7330283320792919,0.5222275498794772,67,3.9129471670409903,3314,Purple,L,1
2822,Nike,Accessories,Watches,price_mid,3000,0.7444209052973821,0.011417919364534845,5,3.991104642141175,272,White,Medium,3
2823,Puma,Footwear,Sandals,price_low,1060,0.25376591377194796,0.6650121322510277,28,1.9922370898490303,2204,Brown,UK6,7
2824,Nike,Footwear,Sandals,price_low,1150,0.18938305008532724,0.4827803275662874,121,1.7509986704239462,4312,Black,UK6,1
2825,Nike,Footwear,Sports Shoes,price_mid,3670,0.6373422905378712,0.04932573927023021,38,3.538597622149789,1626,Brown,UK10,7
2826,Nike,Footwear,Flats,price_mid,3650,0.5484969227577557,0.29737302403406296,27,3.1799736288139617,1952,Black,UK8,5
2827,Puma,Footwear,Sandals,price_low,700,0.29632327332773617,0.7179240428373765,111,2.1856739034263315,5000,Yellow,UK12,6
2828,H&M,Clothing,Shirts,price_mid,970,0.6036202578443683,0.5645597556182602,75,3.429079469337884,3242,White,S,2
2829,Adidas,Clothing,Kurtis,price_low,800,0.04339457904883339,0.45062856884805147,14,1.1613114673413651,601,Brown,S,6
2830,H&M,Accessories,Bags,price_low,420,0.2732963438431196,0.5795771732275176,1,,276,Red,Medium,3
2831,Zara,Clothing,Dresses,price_low,470,0.17034551920844065,0.9013282313791896,112,1.6987941061722678,3884,Purple,M,4
2832,MAC,Cosmetics,Lipstick,price_mid,2000,0.6769951631839681,0.02508392595054909,42,3.707774884956429,2320,White,Medium,7
2833,Nike,Clothing,Dresses,price_high,5250,0.7960430880851773,0.7727026119355461,96,4.186674124021693,5000,Yellow,XXL,7
2834,Levis,Clothing,Jeans,price_low,520,0.0958803700585965,0.4486345219560942,54,1.3633856714495534,3843,Purple,S,4
2835,Zara,Clothing,Shirts,price_low,650,0.43591361583882116,0.34516115577606665,40,2.7447690287355124,2411,Green,S,3
2836,H&M,Clothing,Tshirts,price_high,4200,0.6426272128016015,0.08678055235264293,6,3.6314934925451388,570,Brown,XXL,6
2837,Adidas,Footwear,Boots,price_low,1380,0.30462534924731993,0.6028980646565243,32,2.2038339229259405,2540,White,UK4,7
2838,Nike,Footwear,Sneakers,price_mid,3800,0.5936013480432619,0.05698393205740826,59,3.3706253123164553,3352,Blue,UK6,3
2839,Zara,Accessories,Bags,price_low,450,0.17987863931648473,0.5408706278290701,20,1.6771446450010634,1362,Brown,Large,3
2840,Libas,Clothing,Jeans,price_low,470,0.32558702735257106,0.7639640259200955,0,,239,White,XL,7
2841,Libas,Clothing,Tshirts,price_low,640,0.447800019140928,0.8427915924370755,110,2.7738715575961077,5000,White,M,7
2842,H&M,Clothing,Kurtis,price_low,380,0.3745610745167679,0.26419666096675476,19,2.5297451421573833,584,White,L,7
2843,Levis,Accessories,Bags,price_high,5690,0.5828211410240821,0.00032229201640687766,42,3.3011382079163605,2150,Brown,Small,5
2844,Zara,Clothing,Shirts,price_mid,2330,0.23597852507346453,0.5414012975449087,41,1.9665935317700702,2813,Black,S,7
2845,Adidas,Clothing,Jeans,price_mid,2320,0.3661502120784463,0.5836761511191757,77,2.4789866938048366,3144,Pink,XL,4
2846,MAC,Cosmetics,Lipstick,price_high,5870,0.7787511493280238,0.3922047041853771,6,4.086877796353583,221,Purple,Medium,6
2847,Maybelline,Cosmetics,Foundation,price_mid,1290,0.8723835585722779,0.15170068417801996,11,4.436359158764021,557,Yellow,Medium,5
2848,Zara,Clothing,Kurtis,price_mid,1980,0.5389662604878783,0.608855072464575,4,,107,Black,XXL,7
2849,Libas,Clothing,Dresses,price_low,480,0.6261147969689586,0.5974591238945447,104,3.5016674101602066,4222,Black,S,2
2850,Zara,Footwear,Flats,price_mid,4010,0.9675643855924099,0.8623021352504141,89,4.887506207981419,3656,White,UK10,5
2851,Nike,Footwear,Sandals,price_mid,5000,0.40757579872599903,0.40626789736982494,39,2.610163814517664,1848,White,UK10,5
2852,H&M,Clothing,Kurtis,price_mid,1720,0.6188315324239827,0.08539897989611411,25,3.4388549424555004,2399,Yellow,L,1
2853,Levis,Clothing,Tshirts,price_mid,1120,0.46623139602362496,0.5396391970428509,3,,539,Green,L,2
2854,Puma,Clothing,Dresses,price_low,670,0.10926577449947453,0.21567512763129615,37,1.426680477812893,1502,Yellow,L,3
2855,H&M,Footwear,Flats,price_high,11520,0.758267815575966,0.9519327800545917,91,4.053774396742243,5000,Pink,UK6,6
2856,H&M,Accessories,Watches,price_low,360,0.47860310047145566,0.5376857361194098,52,2.9085904938731297,2242,Green,Large,3
2857,Libas,Clothing,Shirts,price_mid,960,0.5479573484099187,0.7854698775897933,60,3.2111516749714606,2877,Pink,L,5
2858,H&M,Accessories,Bags,price_mid,2490,0.7597796429906093,0.24540893067891756,8,4.100112927957829,391,Brown,Small,3
2859,Libas,Clothing,Shirts,price_low,550,0.24318855327694672,0.32398347741053457,55,1.9635407428320863,2246,Black,L,2
2860,H&M,Footwear,Sports Shoes,price_high,12770,0.6427746720779286,0.5506485665592101,0,,247,White,UK12,4
2861,Puma,Clothing,Tshirts,price_mid,1360,0.6265601205493885,0.12234328872789757,54,3.4856523723965966,2286,White,S,1
2862,Adidas,Footwear,Sports Shoes,price_mid,3710,0.5936634463088007,0.20884752237365034,54,3.3930825835182534,2524,Green,UK12,7
2863,Adidas,Footwear,Sports Shoes,price_high,12120,0.3893299641996602,0.20298269261692725,0,,236,Blue,UK8,7
2864,Adidas,Clothing,Shirts,price_mid,2060,0.3041135075695961,0.11310028637863279,71,2.2084217873226155,3668,Black,L,3
2865,Nike,Clothing,Tshirts,price_low,620,0.34431429105005934,0.006629239551777966,13,2.3682765402859065,865,Purple,S,6
2866,Levis,Clothing,Shirts,price_mid,1390,0.6488253922594763,0.021202222609069676,63,3.595943843712111,2816,Red,S,6
2867,Adidas,Accessories,Watches,price_low,470,0.111676730725989,0.5298272929958195,32,1.4806691436579593,2252,Blue,Small,7
2868,H&M,Accessories,Bags,price_mid,1940,0.8090308641856259,0.01790644809543296,39,4.253390237190496,1820,Green,Medium,6
2869,Maybelline,Cosmetics,Lipstick,price_mid,860,0.7089871598380407,0.7213105887043699,85,3.8401850254832315,2961,Brown,Medium,3
2870,SwissBeauty,Cosmetics,Sunscreen,price_low,240,0.48123919134837395,0.37246310344106404,73,2.934961117147803,2639,Green,Small,6
2871,Puma,Footwear,Sandals,price_low,720,0.4161226067040837,0.08792453903279163,25,2.6468589284582777,1429,White,UK12,2
2872,Libas,Clothing,Tshirts,price_mid,1510,0.2647079794628093,0.5001676135040433,57,2.035787092484112,1909,White,S,1
2873,Adidas,Footwear,Sandals,price_mid,5000,0.13695307525574307,0.9754312372460016,120,1.552840400613579,4170,Red,UK12,2
2874,Adidas,Footwear,Sneakers,price_mid,2970,0.7084894548682249,0.7238225841587074,7,3.797736965235626,417,Yellow,UK6,6
2875,Levis,Clothing,Dresses,price_mid,1890,0.6499463571774358,0.8509966447778354,133,3.6146058121704963,5000,Purple,XXL,2
2876,Nike,Footwear,Sports Shoes,price_high,15000,0.42007081623231185,0.914485591074183,65,2.6653978129043354,2830,Blue,UK10,7
2877,Levis,Clothing,Shirts,price_low,410,0.35787414014893887,0.019397265494150995,55,2.4075384891133886,3056,Purple,XL,3
2878,MAC,Cosmetics,Sunscreen,price_low,280,0.4715064107230942,0.5612884149752757,71,2.8710809020380883,4406,Yellow,Large,4
2879,Puma,Clothing,Jeans,price_mid,1860,0.5080069262711635,0.6931006243086596,43,3.0304256478256324,1347,White,XL,2
2880,Maybelline,Cosmetics,Moisturizer,price_mid,800,0.48519075030189973,0.7514961977145297,47,2.9173487531061273,1595,Pink,Small,6
2881,Levis,Accessories,Caps,price_mid,2030,0.3924881893683786,0.6036012915856112,53,2.561342015245925,2104,Purple,Medium,1
2882,Libas,Clothing,Kurtis,price_low,600,0.36682461670053995,0.8665489902820361,10,2.4137931705630864,419,Green,XXL,5
2883,H&M,Clothing,Shirts,price_mid,920,0.5003554055636755,0.29682896379650425,67,2.9854220641399953,2934,Black,S,6
2884,Nike,Clothing,Shirts,price_mid,1890,0.42471294739400595,0.35433666022814225,25,2.6974372759814313,1168,Black,M,3
2885,H&M,Accessories,Caps,price_high,8930,0.6913109347734658,0.12589074943935386,43,3.77903432297511,1696,Green,Small,2
2886,Adidas,Footwear,Sneakers,price_mid,4420,0.558819286378775,0.2684300759654683,58,3.2549066853009254,2960,Red,UK4,6
2887,Libas,Clothing,Tshirts,price_mid,1710,0.4940617267156551,0.18434667452866027,43,2.9843399876345575,1746,Pink,S,3
2888,H&M,Footwear,Sports Shoes,price_high,5510,0.7921605013114112,0.011525479213404743,44,4.175643957119621,1582,Pink,UK6,5
2889,MAC,Cosmetics,Foundation,price_mid,1820,0.36477500890117565,0.44837511927729357,27,2.4717455634331937,2500,Green,Large,5
2890,H&M,Footwear,Boots,price_mid,2760,0.286603527579855,0.41725630078011666,25,2.1763742777020347,997,White,UK10,7
2891,Levis,Accessories,Bags,price_mid,2480,0.35947663747840486,0.1661640884822324,6,2.4567920992212815,362,Green,Large,3
2892,Adidas,Footwear,Sports Shoes,price_low,1350,0.26514300871614727,0.14324953857894152,2,,165,Red,UK4,4
2893,Libas,Clothing,Tshirts,price_mid,1320,0.5337044074999315,0.14564898201532728,31,3.132950383000133,1758,Yellow,L,3
2894,Zara,Clothing,Kurtis,price_low,630,0.31386596380315723,0.12494094223195573,45,2.258347215223614,1648,Green,S,6
2895,Zara,Footwear,Flats,price_low,1190,0.222893206790068,0.6219728082154162,0,,6,Yellow,UK12,4
2896,Nike,Footwear,Flats,price_mid,4300,0.36674106793887223,0.8651264249028615,5,2.5246058691485613,291,Purple,UK6,5
2897,Adidas,Footwear,Sports Shoes,price_low,1450,0.08489521026164337,0.825995411805371,25,1.316978980231407,1554,Yellow,UK6,1
2898,Puma,Accessories,Watches,price_mid,2580,0.667750556758801,0.20819141753370773,52,3.6653930024182197,2001,Yellow,Medium,3
2899,Puma,Clothing,Shirts,price_mid,1550,0.5192702590821381,0.6335410369191832,40,3.0497358648880577,2931,Yellow,XL,2
2900,Adidas,Clothing,Tshirts,price_high,5950,0.720441651483353,0.12551349586649319,20,3.867126492092534,1972,Purple,S,7
2901,H&M,Clothing,Shirts,price_low,480,0.28046121689655656,0.49865629564329217,5,2.1315931859206128,187,Pink,S,3
2902,Zara,Clothing,Kurtis,price_mid,2500,0.25119344306052216,0.3932702638622255,45,1.984536897500912,1682,Green,L,7
2903,Nike,Footwear,Sports Shoes,price_mid,4710,0.3578596182177527,0.9413803032511033,114,2.4416941800878647,4591,Blue,UK12,1
2904,SwissBeauty,Cosmetics,Moisturizer,price_high,4430,0.8138168278666248,0.3492965230010213,50,4.250626436672727,3031,Pink,Large,3
2905,Levis,Accessories,Caps,price_high,5620,0.8515572342269266,0.6920065246314733,6,4.425213285983792,79,Purple,Medium,4
2906,Levis,Accessories,Watches,price_mid,1520,0.46589147133503905,0.5149310948834092,44,2.8901700650250093,1574,Pink,Medium,2
2907,H&M,Clothing,Tshirts,price_mid,1930,0.3610367432283142,0.07443348073475808,9,2.4876892908397314,262,Brown,L,6
2908,Puma,Footwear,Sneakers,price_mid,3490,0.5911200963111077,0.9395477702703889,77,3.383201637128551,3444,Pink,UK6,1
2909,Levis,Clothing,Shirts,price_mid,1990,0.5866053186694203,0.42002691027258654,2,,359,Blue,L,2
2910,Maybelline,Cosmetics,Foundation,price_high,3840,0.7760900468334435,0.7451629099656781,84,4.087867549964568,5000,Blue,Small,1
2911,Zara,Accessories,Watches,price_low,270,0.21221935644866147,0.2165490433565953,17,1.8500411724262886,799,Brown,Large,5
2912,Adidas,Footwear,Sneakers,price_low,1500,0.27451383696080195,0.3907391626867922,36,2.114576961922206,1984,Yellow,UK12,5
2913,Zara,Clothing,Jeans,price_mid,1740,0.5338180654911006,0.52744222296253,45,3.125423642806029,3312,Black,XXL,1
2914,Zara,Accessories,Caps,price_low,700,0.27055252604242536,0.7587454062462176,4,,337,Green,Medium,4
2915,Nike,Clothing,Jeans,price_low,600,0.4594277806954359,0.8241219967736124,47,2.827229338876477,3115,Brown,S,6
2916,SwissBeauty,Cosmetics,Foundation,price_mid,910,0.736682210729267,0.35170489862542564,40,3.926029144191892,2650,White,Large,2
2917,SwissBeauty,Cosmetics,Lipstick,price_mid,550,0.4345478295365679,0.4003422901307079,40,2.75504963351163,1936,Brown,Large,5
2918,Adidas,Footwear,Sneakers,price_low,1500,0.42427169890129923,0.6075648706303888,25,2.715327663207408,2184,White,UK4,3
2919,Nike,Footwear,Sneakers,price_mid,3960,0.4236748451218866,0.723217751218798,0,,357,Blue,UK12,3
2920,SwissBeauty,Cosmetics,Lipstick,price_low,210,0.6493763110503387,0.3510942881467587,11,3.5452898239572854,256,Purple,Medium,2
2921,Puma,Accessories,Caps,price_mid,2780,0.8195699798587417,0.6558211105979647,12,4.234987158687744,626,Green,Small,6
2922,Libas,Clothing,Kurtis,price_low,400,0.2574604520387378,0.7910071776354914,59,2.0412789859784333,1902,White,XL,4
2923,MAC,Cosmetics,Lipstick,price_low,430,0.07438549097323136,0.4810313590486748,11,1.2723731018609095,290,Green,Medium,1
2924,Adidas,Footwear,Sandals,price_low,870,0.4353186302850919,0.2626211841761049,0,,0,Purple,UK8,3
2925,Levis,Clothing,Dresses,price_low,800,0.357381060838585,0.5072808265203823,19,2.459153908067651,824,Red,XXL,5
2926,Levis,Accessories,Watches,price_mid,2210,0.4950860252825981,0.2369015553625553,57,2.9933877729988065,2298,Green,Medium,4
2927,Puma,Clothing,Tshirts,price_mid,1580,0.6090894691109837,0.5261519120615645,64,3.4537382066054985,2232,Red,S,1
2928,Puma,Footwear,Sports Shoes,price_mid,3820,0.5153523618740858,0.22602540989157416,3,,409,Pink,UK4,4
2929,H&M,Accessories,Caps,price_low,340,0.2736254465141583,0.7545948355457629,3,,187,White,Large,2
2930,Adidas,Footwear,Flats,price_low,1090,0.4130687901173192,0.45234162940076805,2,,196,Black,UK4,1
2931,Adidas,Clothing,Tshirts,price_high,5500,0.9213017842121805,0.3722803248632076,13,4.639001795066135,975,White,S,2
2932,Adidas,Footwear,Sports Shoes,price_mid,4760,0.7972219668193737,0.1022889831887761,69,4.203955546267853,2436,Green,UK12,1
2933,Libas,Clothing,Shirts,price_mid,1770,0.6974214592770386,0.849800722149706,110,3.772118347269913,4704,Green,XL,5
2934,Adidas,Footwear,Sports Shoes,price_mid,4080,0.5689013285029142,0.38161738067610096,50,3.284265775743675,2885,Blue,UK8,2
2935,Adidas,Footwear,Flats,price_mid,4870,0.7019806963920797,0.28184820192118076,40,3.8069876518376766,1756,Red,UK6,2
2936,MAC,Cosmetics,Moisturizer,price_low,390,0.517124434616884,0.39288626753831535,5,3.022917928247243,402,Yellow,Medium,2
2937,Puma,Footwear,Sneakers,price_high,13370,0.7660412107151924,0.8714875438055154,54,4.089186502190627,2924,Red,UK6,4
2938,Maybelline,Cosmetics,Sunscreen,price_high,4570,0.6125296728239774,0.6042827797102441,18,3.4640385594794214,1726,Black,Small,4
2939,Adidas,Clothing,Dresses,price_mid,2490,0.820584172744122,0.5678609075644051,10,4.270724533187196,467,Blue,XXL,7
2940,MAC,Cosmetics,Foundation,price_high,7000,0.5717701052620814,0.6765414819065293,40,3.290899545152873,1865,Pink,Large,4
2941,Adidas,Footwear,Flats,price_low,1500,0.29371385238812364,0.2204444502430679,22,2.1794457761327495,867,Blue,UK6,7
2942,Nike,Clothing,Dresses,price_high,6510,0.8257461259857698,0.10356868290938781,40,4.294930280733272,2242,Purple,S,6
2943,MAC,Cosmetics,Moisturizer,price_mid,1650,0.35836565158499506,0.002226451856775058,5,2.4876184363222436,270,Red,Large,3
2944,Adidas,Footwear,Sports Shoes,price_low,1500,0.5919692701768176,0.386391941109563,44,3.3956796946639094,2425,Brown,UK10,5
2945,Nike,Clothing,Tshirts,price_mid,1820,0.8351360125716908,0.9104249282905869,11,4.387622936579846,544,White,M,7
2946,Adidas,Clothing,Dresses,price_mid,2340,0.5938513319110893,0.45499394629630374,52,3.355563752907372,2112,Yellow,M,7
2947,H&M,Accessories,Bags,price_mid,1890,0.6824367101335255,0.9695762285982281,37,3.7086364509250482,2448,Yellow,Small,5
2948,Adidas,Clothing,Kurtis,price_high,5510,0.695111992105178,0.18582212787732733,79,3.7791247353012065,2865,Pink,S,1
2949,MAC,Cosmetics,Lipstick,price_mid,1520,0.2659491409378366,0.23374280289041371,0,,0,Brown,Small,3
2950,Zara,Footwear,Sneakers,price_mid,2270,0.5394374748994349,0.026762224707385762,95,3.1599664172540463,3883,Black,UK8,3
2951,Nike,Footwear,Sports Shoes,price_low,1130,0.3029933428802179,0.28862041995911536,42,2.181591305967916,1398,White,UK8,5
2952,Adidas,Footwear,Flats,price_low,1290,0.6041532861436035,0.5838781954073055,20,3.3824670832832533,771,Pink,UK12,3
2953,Puma,Footwear,Flats,price_low,1310,0.3992961475984189,0.02535316339304894,37,2.602579742880521,1503,White,UK10,1
2954,Maybelline,Cosmetics,Sunscreen,price_mid,850,0.4245970121822567,0.4804714941471713,0,,0,Pink,Large,2
2955,SwissBeauty,Cosmetics,Sunscreen,price_mid,630,0.3546828971357693,0.9315773538125094,62,2.4355216065890173,2341,Blue,Large,6
2956,SwissBeauty,Cosmetics,Sunscreen,price_low,110,0.3361821754989102,0.9219136394025799,82,2.335715004964419,2804,Pink,Small,7
2957,H&M,Footwear,Sports Shoes,price_low,800,0.6973658184338589,0.6655833323447364,28,3.804994325914971,2265,Black,UK8,3
2958,Puma,Accessories,Belts,price_mid,2290,0.14376077093186773,0.818543517672389,36,1.5732579994678815,2444,Purple,Small,1
2959,Zara,Accessories,Bags,price_mid,2250,0.2872058104260411,0.1801123200709135,10,2.1069116226295423,298,Purple,Small,6
2960,Nike,Footwear,Sandals,price_mid,4780,0.727244016340853,0.23535803782765308,108,3.9028554700459606,5000,Yellow,UK12,7
2961,Libas,Clothing,Dresses,price_low,450,0.1387802139488795,0.7227744173425175,124,1.539902472006972,5000,Yellow,XXL,7
2962,Levis,Clothing,Dresses,price_high,4860,0.9476646384130689,0.6217341285454767,47,4.800895448812739,3247,Black,XXL,4
2963,MAC,Cosmetics,Lipstick,price_high,4670,0.35653080218125816,0.5765069440063699,10,2.4076508436007362,483,White,Large,4
2964,Nike,Footwear,Sneakers,price_low,1290,0.32026335418877705,0.4776909490876914,38,2.249938798520586,1654,Purple,UK10,5
2965,Zara,Clothing,Tshirts,price_low,310,0.4625045903628388,0.6974859670658929,111,2.8568256119229476,4806,Yellow,L,7
2966,Adidas,Clothing,Tshirts,price_mid,2200,0.4340737139945941,0.44786041986626024,27,2.754574032746207,2658,Pink,L,3
2967,H&M,Footwear,Sneakers,price_mid,2600,0.35358268034018114,0.13232027348455855,3,,166,Blue,UK12,4
2968,Adidas,Footwear,Boots,price_low,900,0.37571424733317077,0.8337509919125184,16,2.473391164083847,701,Purple,UK4,5
2969,Adidas,Accessories,Bags,price_low,310,0.0781083610790016,0.9584200143536352,56,1.32147710445473,2689,Red,Small,7
2970,Nike,Clothing,Tshirts,price_mid,1590,0.4591920163283614,0.2579230277820028,8,2.7923475964478945,212,Brown,S,2
2971,Levis,Accessories,Bags,price_mid,2110,0.5898185833113325,0.13993165385088735,2,,0,Brown,Medium,6
2972,Zara,Accessories,Caps,price_mid,2400,0.7577748399171303,0.8896569752186948,92,4.0454374495299685,5000,Brown,Medium,4
2973,Levis,Clothing,Tshirts,price_low,610,0.5739828595096604,0.529225305653132,68,3.297003661504107,2581,White,M,6
2974,Levis,Accessories,Belts,price_high,9530,0.8501023710603416,0.07020728741517968,64,4.389566242486709,2262,Blue,Large,5
2975,Puma,Clothing,Shirts,price_mid,1840,0.5237527544807112,0.9840492933812383,34,3.1024549986517482,3115,Blue,XL,4
2976,Levis,Clothing,Dresses,price_low,300,0.5146555045698268,0.1895832971741258,3,,203,Blue,XL,5
2977,Libas,Clothing,Shirts,price_mid,1560,0.32900255740643114,0.41382711267185723,11,2.2665405324727024,517,Pink,S,7
2978,Adidas,Clothing,Jeans,price_low,630,0.09329107594177348,0.22811597331307232,2,,256,Purple,M,7
2979,Nike,Accessories,Belts,price_mid,2740,0.6384527205907624,0.9115093208976012,84,3.5648714399656822,3480,Yellow,Medium,5
2980,H&M,Clothing,Jeans,price_mid,1220,0.4624821350952274,0.1865000748114386,51,2.8693770036693946,1797,Black,L,3
2981,Levis,Clothing,Kurtis,price_low,750,0.2915282942640551,0.6297937812596901,91,2.1678231839586264,3644,Brown,XL,5
2982,Zara,Clothing,Tshirts,price_low,800,0.47350636812502167,0.22078644518801693,35,2.924990944078086,2245,Red,XXL,6
2983,Puma,Footwear,Sports Shoes,price_low,1000,0.3494969660777608,0.7024805124679208,8,2.420906639060322,407,Red,UK10,6
2984,Zara,Accessories,Watches,price_high,5120,0.8341276356642381,0.9222943436826077,20,4.3192803492422165,730,Green,Small,6
2985,SwissBeauty,Cosmetics,Sunscreen,price_mid,650,0.6566700089073771,0.17857755635920514,31,3.6118307982187887,1938,Black,Medium,6
2986,Puma,Clothing,Shirts,price_low,560,0.20886937588657203,0.006713481062718407,37,1.8672926699909327,1217,Purple,XXL,5
2987,Puma,Footwear,Flats,price_mid,5000,0.31245876268317085,0.7966554728988571,7,2.2536953496628747,156,Purple,UK10,7
2988,Adidas,Footwear,Sneakers,price_high,14360,0.6196218443044881,0.2548558840141568,29,3.4873445412716726,2483,Blue,UK4,1
2989,Nike,Footwear,Sports Shoes,price_high,6920,0.4855707862209516,0.7104840019919428,75,2.926742796431756,4300,Purple,UK10,6
2990,Puma,Footwear,Sneakers,price_low,1130,0.4230962238964978,0.730283318833726,21,2.7245656483894893,1648,Yellow,UK4,7
2991,Nike,Clothing,Shirts,price_low,700,0.27632053889279035,0.5081634871618848,28,2.122296295151826,1968,Green,L,6
2992,Adidas,Footwear,Sneakers,price_high,14880,0.7852951015656406,0.7993710198300374,12,4.176469220680555,519,White,UK12,5
2993,Puma,Clothing,Shirts,price_mid,2500,0.6102134703621623,0.7624966943238292,16,3.476417543868147,736,Purple,M,2
2994,Puma,Clothing,Tshirts,price_mid,1080,0.21206303422516087,0.294926666749468,26,1.8541215337373893,1239,Pink,S,4
2995,MAC,Cosmetics,Moisturizer,price_mid,2000,0.6039299373868611,0.6292306437757607,43,3.387813025238955,1825,Green,Large,6
2996,Maybelline,Cosmetics,Lipstick,price_mid,550,0.8521656991484786,0.3634321755543488,54,4.400102334530555,2385,Brown,Small,5
2997,Levis,Clothing,Shirts,price_low,530,0.289666326247533,0.17291821694367548,19,2.1327569752261195,2100,Red,M,4
2998,Libas,Clothing,Tshirts,price_low,330,0.42065223192197726,0.6541937331031792,67,2.7005296569894783,3013,Yellow,L,6
2999,H&M,Clothing,Shirts,price_high,4500,0.36040748320118104,0.20471138189968197,37,2.4102225827199106,1217,Black,XXL,2
3000,Maybelline,Cosmetics,Sunscreen,price_low,240,0.12220676693860243,0.3963952826046462,14,1.4482640980225665,1134,Black,Large,4
3001,Maybelline,Cosmetics,Moisturizer,price_low,190,0.1746383263621381,0.0014349837171967472,20,1.682479107294538,900,Pink,Small,1
3002,Puma,Footwear,Sports Shoes,price_mid,2130,0.41272617410086243,0.5465955159619025,70,2.660762576151922,2364,Purple,UK12,1
3003,H&M,Clothing,Tshirts,price_mid,1190,0.7111740318830341,0.945370841122226,9,3.8161953808937574,493,Green,XXL,1
3004,Puma,Footwear,Sneakers,price_low,1320,0.04877780547454996,0.6541969449061118,73,1.1986342731902113,4281,Black,UK12,5
3005,H&M,Accessories,Caps,price_mid,1210,0.6179928457922165,0.8364572611632095,91,3.48398328211249,4109,Purple,Small,6
3006,Puma,Clothing,Kurtis,price_high,7710,0.8613420017057252,0.3243772052467937,62,4.429881711340204,3863,Yellow,XL,6
3007,Puma,Footwear,Sports Shoes,price_low,740,0.24141551252684693,0.6994366783710814,43,1.9810994595570597,3000,White,UK10,2
3008,Zara,Accessories,Caps,price_mid,1210,0.3079933313590404,0.10650692944928719,8,2.2198097801886285,727,Purple,Small,7
3009,Libas,Clothing,Shirts,price_low,430,0.6036295057903424,0.5432978686106449,34,3.405855838658539,2819,Black,S,2
3010,Libas,Clothing,Jeans,price_low,370,0.2945458305686183,0.2547270946836169,0,,38,Brown,XXL,1
3011,Maybelline,Cosmetics,Lipstick,price_mid,660,0.7120904834865391,0.88884689546783,59,3.866864554946189,3299,Green,Small,5
3012,Puma,Accessories,Belts,price_low,530,0.1978275361179333,0.29501662895642866,97,1.7836575318933432,3624,Green,Small,3
3013,Maybelline,Cosmetics,Foundation,price_low,250,0.04955076521445911,0.6072669027936043,48,1.1826743478083759,2047,Blue,Large,2
3014,SwissBeauty,Cosmetics,Sunscreen,price_low,260,0.2123425069938323,0.7585961247336735,2,,123,Green,Medium,7
3015,H&M,Clothing,Kurtis,price_low,440,0.505447796481603,0.5494922740011444,96,3.0238373752249816,4182,Purple,XXL,5
3016,Zara,Footwear,Flats,price_low,1060,0.28889865769612094,0.9283665117938863,91,2.163189989156396,3996,Blue,UK6,2
3017,Adidas,Footwear,Flats,price_low,1500,0.23353983222215877,0.1957575326583877,15,1.9667878367234142,1065,Blue,UK6,6
3018,Adidas,Footwear,Sports Shoes,price_mid,3220,0.42413397829856786,0.6868591158717073,60,2.6740236323929434,2276,Pink,UK10,1
3019,SwissBeauty,Cosmetics,Moisturizer,price_mid,1110,0.5085873328025968,0.479164373705656,74,3.0503125161722706,3550,Green,Medium,1
3020,Zara,Footwear,Sandals,price_high,14840,0.5254436841594138,0.8563007701111316,68,3.0813946631936906,3014,Brown,UK10,6
3021,Adidas,Footwear,Sports Shoes,price_mid,3930,0.15612899847656,0.7338803681933017,15,1.6440644182062831,653,Brown,UK12,5
3022,Adidas,Footwear,Sports Shoes,price_mid,4590,0.33027822448383637,0.9691544814063637,99,2.341110094077945,3511,Yellow,UK4,6
3023,H&M,Accessories,Caps,price_mid,1750,0.7146905086656866,0.28456715207901984,69,3.843269975453459,2860,Pink,Medium,3
3024,Zara,Footwear,Sandals,price_high,10280,0.7980959762077449,0.11031933017074325,32,4.188867862798891,2357,White,UK10,5
3025,Puma,Accessories,Watches,price_low,570,0.28093818434125895,0.34335981521613324,19,2.1450149132453067,1075,Pink,Medium,7
3026,Adidas,Footwear,Sandals,price_low,1420,0.44970010070540356,0.2591155562511507,34,2.805314373251877,1529,Brown,UK6,5
3027,Zara,Footwear,Sandals,price_high,13110,0.49558419164970524,0.46206123987119607,141,2.972852379965545,4820,Black,UK8,5
3028,H&M,Accessories,Caps,price_high,7110,0.646820966580666,0.4166397203951563,93,3.5785620887047505,3342,Brown,Small,4
3029,Puma,Footwear,Flats,price_high,12080,0.6262366388078104,0.488805710084798,10,3.445365423588609,602,Yellow,UK4,4
3030,MAC,Cosmetics,Moisturizer,price_mid,2000,0.4814660529519116,0.09391943276048764,37,2.9037279259098376,2559,Yellow,Medium,6
3031,Levis,Clothing,Jeans,price_mid,1700,0.5941800884994587,0.15672219655373854,0,,30,Brown,L,3
3032,Zara,Clothing,Shirts,price_mid,1730,0.7025116105958485,0.9539353069240274,49,3.788525811844921,2182,Red,M,2
3033,Zara,Clothing,Tshirts,price_mid,2260,0.5643841568071462,0.3150610118774133,34,3.2337036192106434,2849,Yellow,L,6
3034,MAC,Cosmetics,Lipstick,price_mid,1150,0.6050896961976464,0.5942355296758706,21,3.3829912964024764,1656,Green,Small,2
3035,Libas,Clothing,Shirts,price_mid,1340,0.20945367586589592,0.033379827329218736,13,1.8275005743497037,904,Purple,L,3
3036,Libas,Clothing,Dresses,price_high,3600,0.8799055987632609,0.040954510950097944,42,4.54264359918695,2350,Pink,S,2
3037,Puma,Footwear,Boots,price_mid,3700,0.7616028149494068,0.799320678935254,102,4.05250344617914,3908,Blue,UK6,1
3038,Nike,Footwear,Sandals,price_low,1290,0.26680267592849927,0.47760908810049885,0,,0,Red,UK10,3
3039,H&M,Clothing,Tshirts,price_low,610,0.45213791179905305,0.906351797121946,61,2.82904467547131,2870,Yellow,S,3
3040,Puma,Footwear,Sandals,price_low,1200,0.09241636491255512,0.9368099142362915,19,1.3373133416382257,2040,Purple,UK8,5
3041,Puma,Clothing,Shirts,price_mid,1750,0.3455155837641603,0.4997223950804697,41,2.3766043058668425,1448,Brown,XXL,7
3042,SwissBeauty,Cosmetics,Lipstick,price_mid,930,0.33699378479151154,0.8578257038158473,81,2.366000850320385,2940,Red,Medium,6
3043,MAC,Cosmetics,Foundation,price_mid,1950,0.27285683730406995,0.4003073913273597,37,2.1061852283250038,1316,Green,Medium,5
3044,Zara,Clothing,Tshirts,price_low,560,0.36193001517341505,0.9488975579824946,88,2.439197358991213,3103,Black,S,4
3045,MAC,Cosmetics,Moisturizer,price_high,3180,0.4896824547451453,0.7213021149272848,52,2.9412504667826336,2374,Blue,Small,1
3046,Levis,Clothing,Tshirts,price_low,300,0.4763572538835678,0.4364236488873706,48,2.897347211819848,2347,Green,S,4
3047,Nike,Clothing,Jeans,price_mid,2290,0.2457665713448716,0.8178975822866777,64,1.9586318621925605,2787,Blue,XXL,2
3048,Puma,Footwear,Sandals,price_low,590,0.2204143692566203,0.33717501330622524,25,1.907961056736171,1356,Blue,UK6,2
3049,Nike,Accessories,Bags,price_mid,2940,0.7737031972659902,0.510907852896851,79,4.111650732193007,4431,White,Large,3
3050,H&M,Clothing,Shirts,price_mid,1410,0.4375204316701334,0.7353381405880578,57,2.77000386558793,2389,White,M,5
3051,Nike,Accessories,Bags,price_low,570,0.0916336650741436,0.8305947906799734,106,1.3612360254673743,3696,Red,Small,2
3052,Adidas,Footwear,Sneakers,price_low,1150,0.06015212554518879,0.41908623550589996,0,,65,Purple,UK6,6
3053,H&M,Accessories,Bags,price_mid,2190,0.7442007101824948,0.8219155819673276,61,3.9892485073327544,4747,Pink,Medium,2
3054,MAC,Cosmetics,Sunscreen,price_low,340,0.2260477110109856,0.21751891414112268,17,1.9431719591476508,1860,Pink,Medium,4
3055,Adidas,Footwear,Sneakers,price_low,1330,0.5143338680220042,0.6059957912011787,82,3.0480090433901506,3736,White,UK10,4
3056,MAC,Cosmetics,Foundation,price_low,410,0.5726731261397352,0.5001231626172638,28,3.3246380407673635,908,Green,Large,3
3057,Levis,Clothing,Kurtis,price_low,670,0.3582209971800316,0.14662762652025252,14,2.4640102246893947,1216,Blue,XL,3
3058,Nike,Clothing,Shirts,price_high,4270,0.7709507200057844,0.5159459556751409,58,4.107843789335032,4039,Purple,XL,6
3059,Maybelline,Cosmetics,Lipstick,price_low,290,0.2534125619019226,0.9636951285694791,10,2.0180593316174424,530,Pink,Medium,7
3060,Puma,Footwear,Sneakers,price_mid,3620,0.8494499533199052,0.8975669899822076,63,4.407075987580995,5000,Pink,UK6,5
3061,MAC,Cosmetics,Foundation,price_mid,1010,0.5781903672651749,0.39890956723543447,40,3.325519622846399,1658,Blue,Large,5
3062,Maybelline,Cosmetics,Moisturizer,price_low,290,0.5325748471270798,0.47128110379855837,70,3.1258049408421598,4705,Black,Medium,7
3063,Adidas,Accessories,Bags,price_mid,1470,0.7576449085735302,0.9490527440221167,75,4.051698606701102,2814,Pink,Small,3
3064,Libas,Clothing,Jeans,price_low,430,0.5541123961669521,0.3793071020618952,34,3.185509276886281,1906,Pink,XL,1
3065,MAC,Cosmetics,Lipstick,price_low,480,0.6184260891094573,0.9251538887657507,46,3.4751100181333516,4228,White,Small,7
3066,Levis,Clothing,Shirts,price_mid,1020,0.547049087717368,0.048065238808075006,51,3.160740269332743,1794,Pink,XXL,4
3067,H&M,Clothing,Jeans,price_mid,1670,0.6051880590794844,0.03277210952273302,69,3.4359390498675753,2207,Green,XXL,4
3068,Adidas,Footwear,Sandals,price_low,1180,0.3143939602270396,0.6928187657442152,27,2.2732074408729983,2149,Purple,UK6,7
3069,Puma,Footwear,Flats,price_high,12600,0.789959689557226,0.2544049235538881,0,,321,Purple,UK6,4
3070,Maybelline,Cosmetics,Moisturizer,price_low,280,0.10796510073695127,0.05615633190632352,0,,269,Pink,Small,3
3071,MAC,Cosmetics,Foundation,price_high,6710,0.3625578602339752,0.8507874262808857,51,2.4726726179596574,2038,Yellow,Small,4
3072,Levis,Accessories,Caps,price_high,9990,0.6531448738065908,0.7962213587134646,131,3.6018841746293875,4794,White,Medium,5
3073,Levis,Clothing,Shirts,price_high,7080,0.9086972509370292,0.320230635579713,95,4.6326678599860855,3827,Blue,XL,3
3074,Nike,Footwear,Sports Shoes,price_low,1350,0.3540039857158234,0.5162111558701092,1,,22,Pink,UK12,5
3075,Nike,Clothing,Dresses,price_mid,1980,0.4195751378004906,0.17091543438465484,106,2.6737654558957544,3410,Purple,XL,3
3076,Nike,Clothing,Jeans,price_mid,1620,0.2638403009338705,0.25843705515478077,12,2.0307417480660597,1121,Purple,M,4
3077,MAC,Cosmetics,Sunscreen,price_low,500,0.1817610475195071,0.9110440515066276,31,1.7031696507251326,2360,Blue,Large,3
3078,Puma,Footwear,Sports Shoes,price_mid,5000,0.6639271930650958,0.3215070336792938,38,3.670335999179725,2103,Green,UK4,2
3079,Adidas,Footwear,Sneakers,price_mid,2480,0.5146456407858947,0.6590795699802025,36,3.0800365000027288,3128,Yellow,UK8,6
3080,H&M,Accessories,Belts,price_low,290,0.459953481973471,0.6566410128654991,33,2.8588622967237582,1919,Green,Medium,5
3081,H&M,Accessories,Belts,price_low,520,0.07881383956714827,0.2965067069727847,7,1.2972359140298815,320,Brown,Medium,7
3082,Nike,Footwear,Sandals,price_high,14760,0.910260926720239,0.804365413501231,52,4.625362241409928,5000,Pink,UK12,6
3083,Puma,Footwear,Sports Shoes,price_low,1150,0.12633989206561444,0.9354753900741577,51,1.5262115808606143,2908,White,UK12,3
3084,SwissBeauty,Cosmetics,Sunscreen,price_low,210,0.41374126272788203,0.4580112038788313,32,2.6370419456224807,1551,Brown,Small,7
3085,H&M,Clothing,Jeans,price_high,4780,0.6516207934270679,0.8642724822665717,90,3.6164463581217197,3865,Brown,XXL,6
3086,Adidas,Footwear,Sports Shoes,price_mid,3840,0.8049783565633022,0.2931940576343288,111,4.214794419142815,4353,Pink,UK10,7
3087,Nike,Clothing,Shirts,price_low,640,0.4328790264943254,0.9951153780236287,55,2.730815827318498,4236,Yellow,XL,1
3088,SwissBeauty,Cosmetics,Foundation,price_mid,830,0.34228775778583725,0.9910463472008889,55,2.358361347984027,3311,Yellow,Medium,4
3089,H&M,Accessories,Bags,price_low,340,0.2219666889986601,0.977453965902223,1,,304,Pink,Medium,5
3090,H&M,Clothing,Kurtis,price_mid,2050,0.3102230123518675,0.06990548954299369,12,2.2212580941131552,1127,Brown,XL,2
3091,SwissBeauty,Cosmetics,Lipstick,price_high,4760,0.5313173223566869,0.8113899563650337,27,3.1381778165159124,1731,Black,Medium,5
3092,Nike,Clothing,Shirts,price_low,550,0.14845800814646942,0.13131966968292752,4,,67,Pink,M,2
3093,H&M,Clothing,Dresses,price_low,620,0.4602062409844676,0.6505678945442532,33,2.824211754788124,2081,White,S,5
3094,Adidas,Footwear,Sports Shoes,price_mid,4950,0.2234621760017666,0.41836980870405593,49,1.8714059586826932,1630,Blue,UK6,6
3095,Levis,Clothing,Tshirts,price_mid,1450,0.579075835564962,0.9040788522978874,81,3.315453557185568,5000,Red,XL,4
3096,Levis,Clothing,Shirts,price_mid,1830,0.734743393145331,0.5135994359950712,53,3.9609905701429646,4431,Purple,XL,3
3097,MAC,Cosmetics,Moisturizer,price_low,410,0.1294090784649063,0.5509753277947157,28,1.4863934349877383,1504,Purple,Small,1
3098,Levis,Accessories,Watches,price_mid,1950,0.4495176561201186,0.04150362246731065,67,2.7945323153687767,3025,Pink,Medium,5
3099,Zara,Accessories,Caps,price_low,490,0.2782585378015566,0.15631910408687333,61,2.0919603332177847,2713,Brown,Medium,4
3100,Adidas,Accessories,Bags,price_low,400,0.13119836428853907,0.6745117840734257,99,1.5191234725852716,4307,Brown,Large,7
3101,Nike,Accessories,Caps,price_high,7100,0.42654922615286467,0.15934207974347592,27,2.703189748899512,1159,Black,Medium,5
3102,Puma,Footwear,Flats,price_high,12600,0.8329549979744638,0.5451400607019585,10,4.3738233845366175,475,Brown,UK8,2
3103,Adidas,Footwear,Sandals,price_high,13530,0.46948143637282147,0.14954322581210855,30,2.91415298283069,2036,White,UK10,5
3104,Adidas,Clothing,Dresses,price_high,3400,0.7058786672924918,0.18199670810876845,117,3.8417751702292615,4797,Yellow,L,6
3105,H&M,Footwear,Flats,price_high,10200,0.7476720330510579,0.36828291774048394,67,3.975740805248048,3958,Black,UK6,2
3106,Nike,Accessories,Caps,price_mid,2220,0.6022337003510769,0.7138370630674321,26,3.3703360527058375,2082,Pink,Medium,2
3107,Libas,Clothing,Jeans,price_low,630,0.5071222793972894,0.7759491314163965,63,3.004245747233503,2508,Green,M,5
3108,Zara,Clothing,Shirts,price_high,5370,0.6940878069838894,0.16321700653925042,13,3.821095692057667,411,Green,L,3
3109,Zara,Clothing,Jeans,price_mid,2120,0.6942676221458711,0.2229317201756238,53,3.766818599979732,2042,White,XL,6
3110,Nike,Clothing,Shirts,price_high,6430,0.923869625688204,0.9543403466727622,76,4.707101990887878,3676,Black,L,4
3111,H&M,Accessories,Watches,price_mid,2670,0.30708060585933156,0.34326969370330596,61,2.2249802569797414,2762,Pink,Medium,5
3112,SwissBeauty,Cosmetics,Moisturizer,price_mid,1100,0.6052709429393229,0.2072290941135012,41,3.428243801511066,2649,Blue,Large,2
3113,Levis,Clothing,Shirts,price_mid,2010,0.13901960972260047,0.029007420022543084,6,1.6073450737937798,343,Black,M,2
3114,MAC,Cosmetics,Foundation,price_mid,1750,0.28232783530518185,0.27904742180471875,19,2.115700768259221,1150,Pink,Small,4
3115,Adidas,Footwear,Sandals,price_low,850,0.46641737265683725,0.9440546759844631,64,2.854545317646089,2613,Yellow,UK12,5
3116,Nike,Clothing,Kurtis,price_mid,1400,0.6910524549782617,0.759206797003159,13,3.721313875767168,1620,Yellow,M,3
3117,Adidas,Footwear,Sports Shoes,price_high,13980,0.77276132246593,0.07569638668142942,20,4.083569305674049,2043,Red,UK4,3
3118,MAC,Cosmetics,Foundation,price_mid,1380,0.7324105902451393,0.45838420108836764,57,3.9358840058182634,4287,White,Medium,2
3119,Puma,Footwear,Boots,price_high,10200,0.6426468225752171,0.4314933989945817,15,3.5317874127657842,600,White,UK12,6
3120,Adidas,Accessories,Watches,price_mid,2380,0.4384652295823748,0.37085355800585884,34,2.773070183734315,3564,Purple,Medium,6
3121,Levis,Clothing,Tshirts,price_mid,1260,0.7300191000279738,0.11473293081196023,54,3.919563728527843,2606,Pink,S,5
3122,Libas,Clothing,Tshirts,price_low,520,0.5725058751608906,0.6628041632241352,9,3.3475636986281456,606,Red,XL,6
3123,Maybelline,Cosmetics,Foundation,price_mid,670,0.595638571478607,0.650111334870272,51,3.3949265383382903,2625,Blue,Large,6
3124,MAC,Cosmetics,Sunscreen,price_low,320,0.4449156864016024,0.2958515310262847,36,2.7871266884724655,1321,Yellow,Small,7
3125,MAC,Cosmetics,Moisturizer,price_mid,2000,0.4159751788808373,0.4632294044083445,23,2.6307129575987593,1073,Brown,Small,3
3126,Puma,Accessories,Caps,price_mid,1650,0.663859398049127,0.7234954382269987,26,3.688917820661426,2034,Green,Large,3
3127,Adidas,Accessories,Caps,price_low,390,0.46044664828286286,0.772903713855952,5,2.7935995837760292,225,Red,Large,3
3128,H&M,Clothing,Tshirts,price_mid,980,0.3021021346538006,0.7184301155094287,38,2.215355526138869,3354,Purple,XL,5
3129,Levis,Clothing,Kurtis,price_low,680,0.3152699704702176,0.6077821397267145,63,2.259719523626984,2759,Green,M,2
3130,Libas,Clothing,Tshirts,price_high,3280,0.9083807536108701,0.9665358571836984,21,4.602177027873421,700,Pink,M,3
3131,SwissBeauty,Cosmetics,Foundation,price_low,240,0.7097978789266072,0.6856182711080666,15,3.7904480270161316,857,Green,Medium,4
3132,Nike,Footwear,Sports Shoes,price_low,900,0.22874023998074833,0.7680032783485744,43,1.8912467736770924,1825,Green,UK12,1
3133,Zara,Accessories,Watches,price_high,4900,0.701195889324874,0.28999915415095545,39,3.820511475268722,2254,Brown,Small,2
3134,Zara,Footwear,Sneakers,price_mid,3800,0.8886874506283324,0.07023568882342934,41,4.53746880417037,2352,Black,UK8,7
3135,Nike,Footwear,Flats,price_low,1250,0.29349947256751757,0.5900892021961536,54,2.153185604997637,2932,Blue,UK6,2
3136,Zara,Clothing,Kurtis,price_mid,1340,0.26133205186169306,0.9591009926170443,1,,172,Black,XL,4
3137,Adidas,Clothing,Dresses,price_high,8000,0.4766577798287555,0.911283645661571,61,2.8927366689855574,2447,Yellow,XXL,5
3138,Nike,Clothing,Jeans,price_mid,1740,0.15232476741905984,0.32105944166437117,82,1.6079456421254201,2911,Blue,M,6
3139,Puma,Clothing,Kurtis,price_high,4980,0.4674307284617205,0.7990129982195543,30,2.898980090041373,2082,Black,S,4
3140,Zara,Clothing,Jeans,price_low,350,0.39552012033282297,0.7155582196707388,41,2.609830880985472,2137,Green,L,6
3141,H&M,Accessories,Bags,price_mid,2090,0.3799859326400363,0.20896756736689737,8,2.536910591361536,289,Yellow,Large,4
3142,H&M,Accessories,Bags,price_mid,2260,0.5186260228506722,0.7443531824395289,7,3.129365940654354,363,Purple,Large,7
3143,H&M,Footwear,Sneakers,price_low,1170,0.403999187147582,0.6120515121453679,61,2.638466235979784,2620,Yellow,UK4,4
3144,Puma,Footwear,Sneakers,price_mid,3090,0.5281759669363938,0.9139973714738782,49,3.0965746517275416,3820,Black,UK10,6
3145,H&M,Footwear,Sneakers,price_mid,2520,0.7271827379456917,0.4612125237231345,65,3.92273935751939,2709,Blue,UK8,5
3146,SwissBeauty,Cosmetics,Moisturizer,price_high,2180,0.6761512996834809,0.6559643600028467,96,3.6995162145083436,4035,Yellow,Small,2
3147,Puma,Clothing,Tshirts,price_mid,1650,0.47677522864924454,0.5345167501145317,43,2.907880519583304,1741,Pink,XXL,6
3148,Nike,Footwear,Flats,price_low,1180,0.1586384404423689,0.5997786650971205,20,1.5930578759208196,1517,White,UK6,2
3149,Zara,Footwear,Boots,price_mid,2800,0.7005586254440007,0.3738338541270019,7,3.845464705108854,208,Pink,UK8,3
3150,Nike,Accessories,Caps,price_low,540,0.07019354937257592,0.420830553633891,15,1.2338612617768534,1088,Yellow,Medium,5
3151,Zara,Accessories,Bags,price_mid,2210,0.6343695886170043,0.20619175991270033,40,3.532099876228526,1998,Yellow,Medium,5
3152,MAC,Cosmetics,Sunscreen,price_mid,860,0.40605639889111983,0.6948569658054833,35,2.592322903668548,2697,White,Medium,5
3153,Libas,Clothing,Kurtis,price_mid,1700,0.3312282114364917,0.9437301509954873,13,2.2760929279785613,730,Black,M,4
3154,MAC,Cosmetics,Foundation,price_low,330,0.09072347666318041,0.8902614352752041,27,1.375427905295787,1394,White,Medium,1
3155,Libas,Clothing,Shirts,price_mid,1080,0.6602630475948131,0.7762528379958477,50,3.633459203599444,4597,Blue,L,4
3156,Nike,Clothing,Shirts,price_low,550,0.2981569498591998,0.0684419577769313,24,2.1770359259331697,1033,Black,S,1
3157,Zara,Clothing,Dresses,price_high,4110,0.8067988949774136,0.5163970262376354,137,4.2287973599760935,4505,Red,L,3
3158,Levis,Clothing,Shirts,price_low,460,0.21226746606073144,0.7415184929835538,30,1.8701000329711313,1869,Yellow,XL,5
3159,SwissBeauty,Cosmetics,Sunscreen,price_high,5010,0.5999297353906203,0.49983186611590547,46,3.370927498772973,2818,Pink,Small,2
3160,H&M,Clothing,Shirts,price_mid,1370,0.381434379015061,0.3379625145167081,112,2.5174190985830207,3968,Black,XL,1
3161,Zara,Clothing,Dresses,price_low,800,0.29285052353546165,0.6435288412825614,27,2.1486155293742266,3101,White,M,2
3162,Adidas,Accessories,Watches,price_high,10130,0.36436811802919605,0.6904655404313256,58,2.45884602982619,2097,White,Large,7
3163,Maybelline,Cosmetics,Moisturizer,price_mid,1170,0.3279162836138323,0.8747540269445985,144,2.3182528764318375,5000,Purple,Large,6
3164,Zara,Footwear,Sandals,price_low,1340,0.44695575303022816,0.6045593289553131,2,,0,Purple,UK4,5
3165,Puma,Clothing,Kurtis,price_mid,2250,0.8973424625518348,0.7536169869724237,77,4.572532142753119,3024,Yellow,L,7
3166,Nike,Footwear,Sports Shoes,price_high,15000,0.832244142586381,0.8129520078256584,40,4.356600040872522,2202,Black,UK6,7
3167,Adidas,Footwear,Sandals,price_mid,4960,0.946157214615037,0.12411358434618203,1,,20,Purple,UK8,3
3168,Puma,Footwear,Sandals,price_low,1330,0.33343818415535575,0.9809715952119138,8,2.3088037202270653,301,White,UK8,7
3169,Puma,Footwear,Sneakers,price_low,640,0.5112287054354506,0.4149060246858266,34,3.059753597834591,2702,Blue,UK10,2
3170,Libas,Clothing,Kurtis,price_low,530,0.13508912498939935,0.5850756033072216,25,1.505882446959275,1058,Blue,XL,6
3171,Adidas,Clothing,Tshirts,price_low,700,0.20208659877483637,0.6060394233943026,44,1.8280768687142848,3152,Red,S,1
3172,Puma,Footwear,Boots,price_low,1210,0.4267963080479992,0.6229624918391543,69,2.7257307885887276,3149,Purple,UK10,4
3173,Zara,Accessories,Bags,price_high,11200,0.5726322665298464,0.7781859930342904,81,3.2743282880897384,4444,Pink,Large,3
3174,Zara,Clothing,Shirts,price_mid,2420,0.4304153630507498,0.8478079653497586,79,2.7240754298929515,2625,Purple,L,7
3175,Zara,Clothing,Kurtis,price_mid,2050,0.4617527734878112,0.4833932457043377,25,2.814937323112857,2059,White,L,7
3176,Puma,Footwear,Boots,price_low,900,0.14914009026435232,0.91830397500486,41,1.5784712790416155,1784,Purple,UK10,3
3177,Zara,Footwear,Sports Shoes,price_mid,3390,0.5645595330161007,0.5603676298997897,88,3.247049423874377,4990,Blue,UK12,7
3178,H&M,Accessories,Bags,price_high,8630,0.6106419916786857,0.27759522999066344,16,3.442754123691443,374,Red,Medium,6
3179,Nike,Footwear,Sports Shoes,price_low,1500,0.2113380161679072,0.2577951122416451,0,,48,Blue,UK4,5
3180,Puma,Accessories,Caps,price_mid,2500,0.7508083611096049,0.1724618876833801,54,3.984385754669329,2344,White,Small,6
3181,Maybelline,Cosmetics,Sunscreen,price_high,4490,0.799361299648066,0.9700681918147823,81,4.185935728264451,4190,White,Large,6
3182,Puma,Footwear,Sandals,price_high,10980,0.3330288630205885,0.0047318641581095555,8,2.3011987105236456,349,Brown,UK4,6
3183,Adidas,Clothing,Shirts,price_low,390,0.1552079215508344,0.6498014087011946,5,1.5996048031431263,334,Red,XXL,2
3184,Maybelline,Cosmetics,Moisturizer,price_mid,1140,0.22429566866885145,0.6658442199667265,6,1.8856264622606327,323,Red,Small,5
3185,Zara,Footwear,Flats,price_mid,3040,0.10204679154244137,0.5710908744229913,13,1.4274048447739967,604,White,UK4,4
3186,H&M,Clothing,Kurtis,price_low,320,0.10212222437175288,0.7172791808930326,65,1.4154223670250785,2106,Yellow,XL,1
3187,SwissBeauty,Cosmetics,Sunscreen,price_low,120,0.3841335846668276,0.24596733963056017,37,2.51042105451355,3383,Red,Large,6
3188,Adidas,Footwear,Boots,price_mid,3760,0.5597880128473061,0.8075830931903456,73,3.233452545763779,2777,Green,UK4,4
3189,SwissBeauty,Cosmetics,Moisturizer,price_mid,1240,0.7738489840011187,0.514849642176765,55,4.093547650037207,2399,Pink,Large,2
3190,Maybelline,Cosmetics,Foundation,price_low,240,0.13944306897250566,0.4093659887751169,45,1.5369841965748363,2138,Black,Medium,1
3191,Zara,Accessories,Caps,price_low,430,0.5256924891469474,0.31666207642586364,17,3.069952547746955,1524,White,Medium,3
3192,MAC,Cosmetics,Moisturizer,price_low,240,0.46367280789894094,0.9979356570987343,104,2.848547734287704,4907,White,Large,3
3193,Zara,Clothing,Tshirts,price_low,680,0.4198658548361776,0.7547960441497374,39,2.657855999665684,1983,Black,M,4
3194,Zara,Footwear,Sneakers,price_low,1310,0.2688786587678136,0.6633021827938799,31,2.0451351365961963,2467,Purple,UK6,3
3195,Puma,Accessories,Bags,price_high,9760,0.8973531141138099,0.9990947022513206,56,4.563698562895282,2788,Pink,Small,6
3196,Puma,Footwear,Sports Shoes,price_low,1190,0.2878370112632086,0.27176294822234137,38,2.1602453433003936,1555,White,UK8,1
3197,H&M,Clothing,Tshirts,price_mid,1630,0.770824986429793,0.9834444226676462,144,4.08680000290535,4946,Purple,M,4
3198,SwissBeauty,Cosmetics,Moisturizer,price_low,150,0.4590903712713221,0.4344755130302024,41,2.832740669002274,1899,Pink,Small,2
3199,Puma,Footwear,Sports Shoes,price_mid,4200,0.7867310790625035,0.23087782759482456,41,4.144751231881963,1371,Yellow,UK10,6
3200,Adidas,Clothing,Jeans,price_low,490,0.3686297700891138,0.22942780492798043,52,2.476022374420314,1949,Red,S,5
3201,MAC,Cosmetics,Moisturizer,price_low,500,0.19558667769159285,0.20441396343010354,15,1.804663871527603,574,Pink,Small,2
3202,H&M,Clothing,Kurtis,price_mid,1600,0.39033328331158557,0.8106977977949265,7,2.510195730338136,255,Pink,L,4
3203,Zara,Footwear,Sneakers,price_mid,4810,0.521199695814911,0.6259368726754228,33,3.114857821066058,1719,White,UK6,4
3204,Levis,Clothing,Kurtis,price_mid,2090,0.6849039127808698,0.6870832717234762,38,3.735874839884007,2346,Black,XXL,6
3205,Nike,Footwear,Boots,price_mid,3420,0.6591584356983065,0.8441505857260564,87,3.630129574610353,4425,Pink,UK6,1
3206,Adidas,Footwear,Sports Shoes,price_low,1280,0.09866115155928058,0.1573419603338555,23,1.4130534462121254,971,Purple,UK6,6
3207,H&M,Clothing,Tshirts,price_high,6940,0.6786096519509511,0.4286764899074639,32,3.681816918646,2401,Yellow,L,6
3208,H&M,Accessories,Watches,price_mid,1840,0.8716933226494729,0.22094841750882754,56,4.508305913004778,2302,White,Large,6
3209,Nike,Footwear,Sneakers,price_mid,2250,0.5724842531368084,0.1649808518186442,38,3.2671291370867808,1802,Purple,UK12,7
3210,SwissBeauty,Cosmetics,Sunscreen,price_mid,1050,0.34159258670315046,0.727484226449232,49,2.365072930391547,3012,Red,Medium,4
3211,Zara,Footwear,Sandals,price_mid,4120,0.589969014095215,0.03682354393059328,5,3.285997209459456,0,Yellow,UK8,4
3212,Nike,Footwear,Sports Shoes,price_mid,4320,0.279074318141226,0.4285621437923097,17,2.102820131618069,1437,Purple,UK12,1
3213,Nike,Accessories,Watches,price_low,360,0.21375731594849867,0.4697027607346598,3,,137,Blue,Medium,3
3214,Puma,Footwear,Boots,price_mid,2890,0.6226158681043102,0.6766643746628445,56,3.4703232863010434,3407,Pink,UK12,3
3215,Adidas,Accessories,Bags,price_mid,1940,0.8380776668171768,0.7440989038794981,52,4.337541543882919,2436,Black,Large,6
3216,Nike,Footwear,Sneakers,price_mid,2330,0.5688507030135219,0.14961702181645353,0,,0,Red,UK6,6
3217,Maybelline,Cosmetics,Lipstick,price_mid,850,0.4032357077470873,0.7429050428641855,69,2.609958009295528,2504,Black,Large,7
3218,Adidas,Footwear,Flats,price_low,1360,0.7189741532478078,0.285081028328271,85,3.8563432837664067,3810,Pink,UK12,2
3219,Nike,Footwear,Sandals,price_low,860,0.20919105622146486,0.12384237373907314,28,1.8595602445554302,1832,Pink,UK12,5
3220,Adidas,Footwear,Sandals,price_mid,3150,0.49977726192800714,0.858857689394688,6,3.047503396051608,466,Pink,UK8,7
3221,Adidas,Footwear,Flats,price_mid,3120,0.766948463594717,0.4690285735882672,52,4.0523104872836315,2392,Purple,UK8,1
3222,Puma,Footwear,Sneakers,price_mid,3940,0.30937206548324864,0.5994701176719928,32,2.242772741587129,2094,Black,UK8,7
3223,Maybelline,Cosmetics,Moisturizer,price_mid,530,0.6043965081869284,0.350069498652422,46,3.4408174064825534,3214,Yellow,Large,3
3224,Zara,Footwear,Flats,price_low,1150,0.13317030194139123,0.21340804315109663,35,1.5187263273603608,2203,Yellow,UK12,4
3225,SwissBeauty,Cosmetics,Moisturizer,price_mid,1310,0.597628524106289,0.32558190920031027,3,,0,Red,Large,3
3226,Puma,Footwear,Boots,price_mid,3460,0.5704462697642624,0.7988476000273897,34,3.2547417863017882,2092,White,UK10,1
3227,Zara,Footwear,Sports Shoes,price_low,1120,0.6483820232050038,0.24551159005826861,2,,0,Red,UK12,7
3228,Puma,Footwear,Sneakers,price_low,860,0.5292878166515672,0.3233701218497592,8,3.0949903145540767,81,Red,UK12,7
3229,Adidas,Footwear,Sandals,price_low,1420,0.37576603546987747,0.9523018720729655,17,2.46411370594757,700,Yellow,UK8,7
3230,Adidas,Accessories,Watches,price_mid,1660,0.44671398424272174,0.11209797998267923,6,2.858066790768204,133,Purple,Medium,1
3231,Maybelline,Cosmetics,Lipstick,price_mid,620,0.30877551815461834,0.3301174779816076,26,2.244832739270273,2127,Pink,Medium,4
3232,Adidas,Clothing,Kurtis,price_low,560,0.36277313301408304,0.44129610267434016,25,2.490597477099136,2019,Blue,S,4
3233,Puma,Clothing,Kurtis,price_low,650,0.26610528195521843,0.7270245445858903,78,2.079557425867102,3522,Black,L,3
3234,Puma,Footwear,Sports Shoes,price_high,7560,0.7378012346514805,0.5630289755980731,79,3.93496858014223,4031,Red,UK8,1
3235,Levis,Clothing,Tshirts,price_low,700,0.19265945923664912,0.41598386849946356,24,1.7355335500005122,1852,Black,S,1
3236,Maybelline,Cosmetics,Foundation,price_low,340,0.047204430582581856,0.16735027422101012,2,,151,White,Small,7
3237,Nike,Footwear,Flats,price_low,960,0.3800287386509069,0.2943033263880519,50,2.495803580606181,2188,White,UK4,5
3238,Libas,Clothing,Tshirts,price_mid,1610,0.5590585129771767,0.090616394562553,64,3.2593765402200834,2007,Blue,M,4
3239,Adidas,Footwear,Sneakers,price_low,890,0.5394937558803786,0.09488888585450461,62,3.1735000259541124,2224,Yellow,UK12,4
3240,Nike,Footwear,Sports Shoes,price_mid,2620,0.7266665520601044,0.007786821844189884,52,3.8982604663302443,2017,Pink,UK12,2
3241,Nike,Footwear,Sneakers,price_mid,5000,0.5645410311568266,0.558499633574279,19,3.237901107173108,550,Purple,UK4,4
3242,Zara,Accessories,Caps,price_low,700,0.16234065575330245,0.22000324135672822,54,1.6346713009275136,2027,Blue,Small,3
3243,Nike,Footwear,Sneakers,price_mid,5000,0.7645926144917238,0.7716689915088463,43,4.0847726575427314,1951,Red,UK6,4
3244,Nike,Accessories,Belts,price_mid,2250,0.18517654540693343,0.34875656206426664,29,1.709416750955642,1151,White,Medium,5
3245,Libas,Clothing,Tshirts,price_high,6400,0.8842740986446256,0.18131308931943335,28,4.545920039324786,3246,Green,S,6
3246,Nike,Clothing,Shirts,price_high,5840,0.3836119106224877,0.07343203894291983,0,,0,Blue,M,1
3247,Libas,Clothing,Kurtis,price_low,290,0.2973189662799443,0.12143880625982151,4,,76,Yellow,XXL,7
3248,Nike,Footwear,Sneakers,price_low,1250,0.24443853953160793,0.7455399670300517,20,1.9500843980556708,1645,Green,UK4,4
3249,MAC,Cosmetics,Sunscreen,price_mid,1400,0.5971965783024747,0.43047480698653684,0,,48,Brown,Large,5
3250,Zara,Accessories,Belts,price_high,9820,0.8502221872743113,0.6332658611814486,25,4.37123301326496,2145,Black,Large,1
3251,Adidas,Accessories,Watches,price_low,360,0.4402007178790207,0.04895318927279424,9,2.722297977843252,366,Black,Small,5
3252,H&M,Clothing,Kurtis,price_high,6370,0.859167439013395,0.7686793283621154,75,4.422592176568799,2741,Black,S,5
3253,Maybelline,Cosmetics,Foundation,price_low,130,0.32389900691141443,0.7744204592094633,90,2.29759816656825,3449,Pink,Medium,5
3254,Adidas,Clothing,Dresses,price_low,560,0.07109873253369804,0.5906225642569699,3,,347,Purple,XXL,1
3255,Nike,Footwear,Boots,price_low,1140,0.5130168607598808,0.5941210132651169,5,3.0888038857225832,349,Brown,UK8,5
3256,Maybelline,Cosmetics,Lipstick,price_high,2540,0.8888084787899594,0.1430751730885772,0,,272,Red,Medium,5
3257,Zara,Footwear,Boots,price_mid,3590,0.4455716570358532,0.31619606053808325,43,2.7595983218911,2228,Brown,UK8,4
3258,Puma,Footwear,Sneakers,price_mid,3250,0.49258487331004475,0.04489623081480121,44,2.9528926779227045,1380,Pink,UK10,2
3259,Adidas,Footwear,Sneakers,price_high,13140,0.7905982138339019,0.37532485194606335,71,4.152678689225994,3431,Red,UK6,7
3260,Adidas,Accessories,Caps,price_mid,2060,0.41511315362365636,0.12095969735499446,29,2.655052773048316,1113,Green,Large,5
3261,Nike,Footwear,Sneakers,price_mid,2860,0.38503297265396474,0.8079136903675577,44,2.5612786109218844,2257,Brown,UK12,6
3262,Zara,Accessories,Watches,price_low,450,0.5190349551138043,0.37847891567201397,54,3.076673722268454,1985,White,Large,3
3263,Nike,Clothing,Shirts,price_high,8000,0.926351465959787,0.20628173713935116,99,4.687041824973589,3717,Green,L,2
3264,Zara,Clothing,Shirts,price_low,670,0.3327139168687057,0.831142321481157,45,2.3493629611995566,2099,Purple,XXL,7
3265,Adidas,Footwear,Flats,price_mid,2780,0.5973105657461629,0.9557899448962873,6,3.4199233247003806,115,Green,UK4,6
3266,Adidas,Footwear,Sneakers,price_low,850,0.23940352925055663,0.7189920329975115,11,1.9387233899504184,355,Purple,UK10,1
3267,Zara,Clothing,Jeans,price_low,420,0.4672080881474859,0.14942301159259208,35,2.8389257967219224,1801,Blue,S,5
3268,Puma,Clothing,Dresses,price_low,460,0.4295052314319327,0.7441702874468326,20,2.725777107213608,2271,Pink,S,3
3269,Zara,Accessories,Watches,price_mid,2140,0.49160075942665554,0.2652391843100397,22,2.997481869504631,631,Yellow,Large,7
3270,H&M,Footwear,Sports Shoes,price_mid,2340,0.16062275171367724,0.8738708220700687,45,1.6423697261483394,1970,Green,UK4,1
3271,Adidas,Footwear,Sneakers,price_low,1280,0.12193542880363224,0.565849541615649,108,1.4988706056199688,4054,Brown,UK4,5
3272,Nike,Clothing,Tshirts,price_mid,1850,0.40660846825950747,0.861515367856117,36,2.641031199089939,2061,Black,L,4
3273,Adidas,Footwear,Flats,price_mid,4320,0.48818698301490676,0.36162189024638225,55,2.9388409056848266,3612,Pink,UK8,7
3274,Puma,Clothing,Kurtis,price_mid,2460,0.7586171692928315,0.14370608475373436,81,4.042230208013779,2820,White,M,3
3275,H&M,Clothing,Tshirts,price_low,420,0.24146652207014435,0.0676084376799786,18,1.9460556048767477,1271,Brown,XXL,7
3276,Nike,Clothing,Tshirts,price_low,540,0.20148059200724858,0.23040128912045743,3,,50,Green,XXL,4
3277,Zara,Clothing,Shirts,price_mid,1770,0.5524227663605579,0.3788635932549186,27,3.191721312134939,1483,Green,XXL,5
3278,Adidas,Accessories,Caps,price_mid,2140,0.5573767089045225,0.7229589273417478,60,3.2553168346031462,3351,White,Medium,2
3279,H&M,Clothing,Tshirts,price_high,5140,0.8101942412999028,0.6041772454200849,26,4.203072209552792,2216,Green,XL,2
3280,Levis,Clothing,Jeans,price_low,730,0.15906944662833394,0.08219951582643825,20,1.6165652821395935,1304,Pink,M,1
3281,Nike,Footwear,Flats,price_low,1500,0.2105690052766563,0.3554719995136306,41,1.8628198562267075,1755,Black,UK8,3
3282,MAC,Cosmetics,Sunscreen,price_low,400,0.18676916940579139,0.6123302865788627,37,1.7507083032265716,1734,Blue,Large,7
3283,Nike,Footwear,Sneakers,price_low,1250,0.1225657680206172,0.4509236079799209,28,1.5093440415842994,1485,White,UK4,1
3284,Nike,Clothing,Tshirts,price_mid,1650,0.83150976312583,0.30152792930420824,39,4.348799811696274,3414,Purple,XXL,6
3285,Adidas,Footwear,Sports Shoes,price_low,1220,0.38481219920407544,0.5065883330428621,89,2.5561184421233247,3014,White,UK12,4
3286,H&M,Clothing,Dresses,price_high,3630,0.7449720696511689,0.5726875632313149,45,3.9500973450444987,2782,Pink,M,4
3287,Zara,Footwear,Sports Shoes,price_mid,3250,0.26971308229247937,0.8674854490536169,69,2.0825375859413096,5000,Yellow,UK6,1
3288,Puma,Clothing,Dresses,price_low,570,0.061093448249925984,0.9293789482104001,1,,311,Pink,XL,2
3289,SwissBeauty,Cosmetics,Moisturizer,price_high,4320,0.7639990449276663,0.5253604145224637,82,4.044908302373352,3664,Brown,Medium,3
3290,Adidas,Footwear,Sports Shoes,price_low,710,0.11255943233055858,0.40268932569768967,37,1.4682377039521564,1323,Purple,UK10,1
3291,Zara,Clothing,Shirts,price_mid,1480,0.35840726034352355,0.9924701418699643,91,2.445232160742618,3846,Blue,M,7
3292,Maybelline,Cosmetics,Lipstick,price_mid,840,0.8209749292188773,0.8563983179885544,85,4.3039135486270235,2904,Brown,Small,4
3293,Nike,Footwear,Sports Shoes,price_mid,4400,0.7023754686155611,0.21549372821075274,61,3.82767126898568,2190,Red,UK8,6
3294,Maybelline,Cosmetics,Sunscreen,price_mid,790,0.5005269669482446,0.7604901569834649,9,2.9703903700732117,429,Black,Large,4
3295,Adidas,Clothing,Shirts,price_low,460,0.05832294559958563,0.25237452725642784,0,,195,Yellow,L,5
3296,MAC,Cosmetics,Sunscreen,price_mid,1070,0.5819782997805306,0.5208547462360846,5,3.379524987503195,215,Black,Medium,1
3297,Adidas,Clothing,Tshirts,price_high,7260,0.6512758425208256,0.4676825445691516,22,3.5672714799529217,698,White,S,3
3298,Adidas,Footwear,Sneakers,price_low,1280,0.49013973872068634,0.5290272019419631,24,2.974618647613901,2035,Black,UK8,5
3299,Libas,Clothing,Dresses,price_mid,1590,0.6791055023450909,0.37227238396343687,40,3.7168312846812026,3383,Green,S,5
3300,Levis,Clothing,Tshirts,price_low,650,0.28911443309371637,0.41011317218408916,21,2.1130731404444707,1726,Black,L,5
3301,Puma,Footwear,Sports Shoes,price_mid,3530,0.4946644557134987,0.3661072371002736,32,2.949823396879956,2099,Brown,UK10,1
3302,H&M,Clothing,Tshirts,price_low,500,0.26411183220152706,0.5848242144737095,65,2.053968987633298,2106,Brown,S,5
3303,SwissBeauty,Cosmetics,Lipstick,price_mid,1200,0.581921991622997,0.1919886112249195,60,3.341359321644814,2471,Red,Large,7
3304,Puma,Footwear,Sports Shoes,price_low,790,0.3882301859744415,0.08199754524189107,42,2.568525806080596,1934,Purple,UK8,5
3305,Adidas,Accessories,Bags,price_low,700,0.1286499889747575,0.49939135922845146,42,1.542016798225759,2100,Blue,Medium,5
3306,Nike,Footwear,Flats,price_mid,3660,0.15750215640966328,0.8002279842925751,32,1.6198829788709606,2428,Pink,UK10,6
3307,Puma,Footwear,Sandals,price_mid,3780,0.5252059330515859,0.955720075142104,9,3.113270975659501,517,White,UK6,5
3308,MAC,Cosmetics,Foundation,price_high,5230,0.9174735097508064,0.666306720906246,45,4.668888959199398,3742,Green,Small,5
3309,MAC,Cosmetics,Sunscreen,price_mid,1520,0.7042785235761401,0.43234840263093,7,3.7755988781881147,442,Green,Small,3
3310,Puma,Footwear,Sandals,price_high,13990,0.9357768475560196,0.9111715209712985,65,4.738943746689908,5000,White,UK4,6
3311,Maybelline,Cosmetics,Foundation,price_mid,1140,0.7697666447456085,0.15695579922363734,10,4.065401370408859,382,White,Small,1
3312,Adidas,Clothing,Kurtis,price_low,800,0.13051316831302182,0.6759273670549504,17,1.4878521269196878,1102,Green,XL,1
3313,Maybelline,Cosmetics,Foundation,price_mid,1100,0.5613069236777424,0.5360407446882409,52,3.2492395403305716,1840,Brown,Medium,7
3314,Zara,Clothing,Jeans,price_mid,1870,0.52762217642601,0.9417639326063462,62,3.126512225014393,2947,White,XXL,3
3315,SwissBeauty,Cosmetics,Sunscreen,price_high,3200,0.5528735271392102,0.2715419000663465,21,3.233621274976829,1812,Green,Medium,2
3316,Libas,Clothing,Jeans,price_mid,1770,0.2853684829708413,0.8745047103662056,89,2.1285405716024384,3744,Pink,L,5
3317,Adidas,Footwear,Sports Shoes,price_low,1250,0.33406050220213335,0.2650777322981279,38,2.3510928187877256,2241,Blue,UK8,3
3318,SwissBeauty,Cosmetics,Lipstick,price_high,4440,0.54484846409856,0.8635343709566912,46,3.203029024626943,2946,Green,Medium,1
3319,MAC,Cosmetics,Foundation,price_mid,720,0.2850398421624913,0.7249750440783326,4,,387,Brown,Large,4
3320,Adidas,Clothing,Jeans,price_low,320,0.37721455303082313,0.44092627469248713,1,,289,Pink,XXL,7
3321,Zara,Accessories,Watches,price_low,390,0.5399606074356132,0.21591218708993232,58,3.1446748714538684,2061,Purple,Medium,5
3322,H&M,Clothing,Tshirts,price_mid,1460,0.6816749906650487,0.9760178755248555,36,3.722923531533896,2874,Pink,S,4
3323,Puma,Clothing,Dresses,price_high,4010,0.6520369497645224,0.0013079548009538033,105,3.601956602141733,3717,Yellow,M,7
3324,Puma,Accessories,Bags,price_low,580,0.8203008644334889,0.8794995258834387,3,,300,Brown,Small,7
3325,Adidas,Footwear,Sports Shoes,price_low,1060,0.25375874972737145,0.3945681860095195,25,2.0271443355139667,892,Black,UK8,6
3326,Zara,Accessories,Belts,price_high,10110,0.8347156097311322,0.24764003022320946,90,4.330084373894357,4093,Green,Medium,2
3327,Maybelline,Cosmetics,Foundation,price_low,270,0.3357844787046555,0.7825595815009305,59,2.353831858186339,2330,Pink,Small,1
3328,Nike,Accessories,Caps,price_mid,2200,0.33372289540066874,0.5333199211223051,2,,306,Purple,Small,4
3329,Libas,Clothing,Jeans,price_mid,1540,0.5824565334952261,0.4693326592608138,20,3.3380496256988486,1519,Yellow,S,4
3330,Adidas,Clothing,Dresses,price_mid,2150,0.5961349243951232,0.26959163476388526,39,3.402767884817972,2115,Brown,XXL,2
3331,Nike,Accessories,Caps,price_low,610,0.2894328056336657,0.641327043520346,37,2.1880161642392144,1775,Red,Small,7
3332,Adidas,Footwear,Flats,price_mid,3750,0.6268343670512706,0.47044527575718287,34,3.5088031471768515,2226,Brown,UK4,2
3333,Nike,Footwear,Sandals,price_high,14860,0.8337502930777403,0.5699853458239688,69,4.332935921124628,2509,White,UK10,3
3334,Adidas,Footwear,Sports Shoes,price_low,1310,0.6821627672650751,0.6998827139766465,99,3.7251379002458402,5000,Yellow,UK10,4
3335,H&M,Accessories,Watches,price_mid,2120,0.3777451755004102,0.011707778940191926,16,2.4714658184353224,1614,Red,Large,7
3336,SwissBeauty,Cosmetics,Foundation,price_high,4120,0.9339165043455436,0.2673281285228519,17,4.749281233117082,542,White,Large,2
3337,Maybelline,Cosmetics,Foundation,price_mid,890,0.5448940824337432,0.9689852311929887,74,3.194240247653003,2800,Yellow,Medium,5
3338,Maybelline,Cosmetics,Lipstick,price_high,3420,0.7430397389546394,0.28474826879873805,0,,73,Pink,Medium,5
3339,Puma,Clothing,Tshirts,price_low,380,0.19486923217910185,0.45168623741031455,21,1.8032037648037782,1553,Brown,M,7
3340,Maybelline,Cosmetics,Sunscreen,price_low,370,0.3351361587330041,0.4280226416323176,60,2.337199409438808,2558,Purple,Large,5
3341,Nike,Footwear,Sports Shoes,price_low,770,0.5534270470062489,0.5619682346209066,1,,382,Purple,UK12,2
3342,Zara,Clothing,Dresses,price_low,620,0.40599995353738333,0.3717425721564426,13,2.6618135412107655,556,Purple,M,4
3343,H&M,Footwear,Sneakers,price_low,780,0.39419751235812617,0.9120809037161887,2,,82,Green,UK12,5
3344,Maybelline,Cosmetics,Lipstick,price_low,270,0.36650748022747287,0.8915328842783903,9,2.482868125510461,310,Purple,Medium,3
3345,Nike,Clothing,Shirts,price_mid,2140,0.8311987647561798,0.11733944567476118,49,4.308712149381908,2295,Red,M,6
3346,Zara,Footwear,Sneakers,price_low,1500,0.24371258884052807,0.6092579614913657,9,2.0078291634580574,357,Brown,UK8,1
3347,Puma,Clothing,Tshirts,price_high,4350,0.6247906515659817,0.0389820393775665,105,3.503750375472795,5000,Black,XXL,2
3348,MAC,Cosmetics,Moisturizer,price_low,430,0.3678386962998321,0.5666154566221969,40,2.489387177457889,1908,Red,Medium,3
3349,Adidas,Footwear,Sneakers,price_mid,3780,0.2298300018794863,0.8245546034381797,21,1.9253773630975803,590,Yellow,UK12,7
3350,Adidas,Footwear,Sports Shoes,price_mid,4210,0.6802775412515482,0.3274173456184727,82,3.7270440692312117,4758,Blue,UK8,7
3351,Puma,Clothing,Tshirts,price_mid,2110,0.5488704768335324,0.8703397820747137,3,,268,Pink,M,5
3352,Zara,Footwear,Sports Shoes,price_low,1060,0.05368724493227727,0.6465212812054002,73,1.2347698407190928,2619,Brown,UK12,6
3353,MAC,Cosmetics,Foundation,price_low,210,0.5321508275782184,0.513302014201384,73,3.120604264154736,4863,Purple,Medium,3
3354,Maybelline,Cosmetics,Lipstick,price_mid,540,0.7678041247154826,0.7086073962018417,59,4.059904682096435,3125,Brown,Medium,5
3355,SwissBeauty,Cosmetics,Sunscreen,price_mid,940,0.5198906756417168,0.13623029481177829,0,,77,Black,Large,3
3356,Zara,Clothing,Tshirts,price_high,5750,0.891902549377597,0.9302808445774903,84,4.5715980540868,5000,Purple,XXL,6
3357,SwissBeauty,Cosmetics,Foundation,price_low,230,0.4477850325607398,0.858802885279082,66,2.813439693445768,2728,Green,Large,2
3358,Adidas,Footwear,Sports Shoes,price_mid,3800,0.6680113177143199,0.4966528559757153,19,3.683237772806068,724,Purple,UK12,7
3359,Adidas,Clothing,Kurtis,price_low,610,0.49244210964827767,0.14838476368431652,31,2.967489033339881,1192,Yellow,XL,5
3360,Nike,Footwear,Sports Shoes,price_mid,4950,0.7093167525170608,0.8927073058798022,61,3.8547603436347164,3998,Pink,UK12,7
3361,Levis,Clothing,Shirts,price_high,7610,0.7655653452336161,0.8454518757210036,15,4.083659244936677,878,Black,M,2
3362,MAC,Cosmetics,Foundation,price_mid,1080,0.663417701182121,0.3298921165169305,38,3.638646665353245,1931,Purple,Small,2
3363,Maybelline,Cosmetics,Lipstick,price_mid,560,0.15516174010483738,0.30112584027592015,45,1.6390917794147584,3372,Green,Medium,2
3364,Maybelline,Cosmetics,Lipstick,price_low,210,0.5080682618917448,0.36781833282437626,91,3.013812693111578,3373,Yellow,Medium,1
3365,Zara,Footwear,Flats,price_low,1010,0.18924685619910436,0.36453702551417033,51,1.7724917056608986,1785,Pink,UK8,3
3366,Puma,Footwear,Flats,price_high,13030,0.7998721519310815,0.9582192757951171,62,4.1898610061662565,5000,Brown,UK6,2
3367,Zara,Footwear,Sandals,price_mid,4690,0.5080194090586663,0.4146122963336202,27,3.0500900281015304,2712,Brown,UK12,3
3368,MAC,Cosmetics,Sunscreen,price_mid,850,0.20257072365408005,0.41737517535040025,6,1.742428541748215,422,Pink,Small,1
3369,Puma,Footwear,Sports Shoes,price_mid,3190,0.31783271866660645,0.15867557446278413,20,2.3142456724938216,1827,White,UK12,2
3370,Levis,Clothing,Dresses,price_mid,1930,0.17126460258427106,0.9655265677166718,48,1.6590390862212856,2401,Black,S,5
3371,Zara,Footwear,Sports Shoes,price_mid,3410,0.2117930416439867,0.6792167650494261,55,1.8486537013602016,2591,Red,UK8,3
3372,Maybelline,Cosmetics,Moisturizer,price_low,230,0.12381794038713302,0.20460923890182037,8,1.4583091806716735,590,Black,Medium,1
3373,H&M,Clothing,Kurtis,price_mid,1760,0.38575536604577726,0.9404310105045431,42,2.514994737926837,2429,White,XXL,1
3374,Nike,Clothing,Kurtis,price_low,620,0.6041431779147234,0.4475462326315043,60,3.408405102029438,3116,Blue,XXL,5
3375,Adidas,Footwear,Sports Shoes,price_high,12120,0.21560719277373336,0.7526905592972115,6,1.8195320018110457,253,White,UK10,4
3376,Zara,Clothing,Dresses,price_mid,2170,0.7471319391053484,0.5436776074214698,48,3.99829941344463,4086,Blue,M,3
3377,H&M,Clothing,Shirts,price_mid,1200,0.2377224388524547,0.8161720664279793,42,1.9711974274477542,1733,Red,L,4
3378,Nike,Footwear,Sandals,price_low,1200,0.3597709192024525,0.8204309600151624,14,2.4818917894774066,636,White,UK12,7
3379,Maybelline,Cosmetics,Moisturizer,price_mid,1030,0.5550558303431584,0.85473753737176,59,3.2039400727209117,2314,Green,Medium,4
3380,Adidas,Footwear,Sports Shoes,price_high,11260,0.8408603850798307,0.6098599375577766,16,4.3959827909145845,567,Purple,UK6,1
3381,MAC,Cosmetics,Foundation,price_low,260,0.4573348348514223,0.6150500273641105,31,2.86334610276321,1888,Green,Large,4
3382,Maybelline,Cosmetics,Lipstick,price_mid,1110,0.5856872408553754,0.37503136894307254,103,3.3523180468497946,3706,Black,Medium,4
3383,SwissBeauty,Cosmetics,Lipstick,price_high,3710,0.6408602950049146,0.5377744822357722,50,3.5476002912972255,4318,Green,Small,6
3384,Maybelline,Cosmetics,Sunscreen,price_low,230,0.5776146463312545,0.4906453425986387,50,3.301038143341093,3729,Red,Small,4
3385,Libas,Clothing,Jeans,price_low,670,0.3784403254526749,0.6754899152539563,43,2.4833483584999767,1507,Brown,XL,4
3386,Zara,Accessories,Belts,price_high,8600,0.647200560269536,0.24460753836823812,64,3.594970790001502,3597,Purple,Medium,5
3387,H&M,Footwear,Flats,price_mid,3000,0.18802305184765908,0.3993944797793487,15,1.7549871648319197,579,Purple,UK10,5
3388,Adidas,Footwear,Sneakers,price_low,820,0.5302827010568503,0.7347606728357425,5,3.1766451930301174,657,White,UK10,3
3389,Zara,Footwear,Sports Shoes,price_high,14890,0.5850373841401478,0.16560881932744487,40,3.3283912363950026,1545,Black,UK4,3
3390,Adidas,Accessories,Belts,price_mid,1660,0.39674735146265766,0.06145175018786886,1,,0,Brown,Medium,4
3391,H&M,Clothing,Dresses,price_low,390,0.14468689806101603,0.08282208168187866,20,1.603883358520943,1401,Brown,L,6
3392,Nike,Accessories,Watches,price_low,330,0.02291932317343901,0.22379810598938787,87,1.1072274220272997,3372,Brown,Medium,1
3393,Adidas,Footwear,Boots,price_high,14530,0.9618315790214856,0.7095724460680382,121,4.8570787609362265,4305,White,UK10,4
3394,MAC,Cosmetics,Sunscreen,price_mid,1760,0.4673854546580434,0.04762047364872268,41,2.867182606113336,1950,Yellow,Small,5
3395,Libas,Clothing,Dresses,price_mid,1490,0.6694408996920304,0.9705427741812187,6,3.6765354713763916,457,White,S,1
3396,Nike,Footwear,Sneakers,price_low,1170,0.5650000409657919,0.8385927502387304,104,3.2584530152624964,3625,Pink,UK12,7
3397,Maybelline,Cosmetics,Moisturizer,price_low,170,0.45425556117235816,0.0189455725497788,8,2.8391561929291504,326,Black,Small,1
3398,MAC,Cosmetics,Sunscreen,price_mid,1210,0.520094896831102,0.31211125062537415,17,3.086331899383777,822,White,Medium,6
3399,Zara,Accessories,Bags,price_low,300,0.5693130063821042,0.5953385289845661,36,3.291929428838551,1592,Green,Small,4
3400,Puma,Footwear,Sports Shoes,price_high,13230,0.7002632059718238,0.11023108871665765,80,3.7995311732906245,2622,Yellow,UK6,1
3401,Nike,Clothing,Tshirts,price_low,730,0.3010545687608769,0.17961523245101985,0,,317,Purple,XL,7
3402,Adidas,Clothing,Shirts,price_high,8000,0.8436977452766131,0.3397525810464661,1,,0,Green,L,4
3403,Adidas,Clothing,Shirts,price_high,8000,0.6670030612320712,0.6744521650817564,55,3.676146128810999,2316,White,S,2
3404,Puma,Footwear,Sneakers,price_high,10140,0.29081193786173876,0.7483263227750265,40,2.1776889607531205,2958,Black,UK12,4
3405,Levis,Clothing,Shirts,price_high,6760,0.8211781729845582,0.9714712513821625,42,4.31510427415095,2980,Brown,S,7
3406,H&M,Footwear,Sandals,price_mid,4360,0.1778500187319201,0.36497543602763205,32,1.7099381367313329,1557,Yellow,UK6,1
3407,Puma,Footwear,Sports Shoes,price_mid,4010,0.6224931451837404,0.968317695572232,3,,107,Black,UK8,4
3408,SwissBeauty,Cosmetics,Moisturizer,price_low,300,0.5477780742795603,0.7062637249232306,12,3.208433218607179,469,Green,Medium,2
3409,Nike,Footwear,Sandals,price_mid,4190,0.6668922413107005,0.6841088334539355,75,3.6862995321562018,2850,Red,UK6,6
3410,Nike,Clothing,Kurtis,price_high,5650,0.7665450975513146,0.30478153038302847,3,,247,Purple,S,1
3411,Nike,Footwear,Sports Shoes,price_low,1020,0.4640143779480784,0.9805212126422495,68,2.8627019130524376,2919,Yellow,UK4,3
3412,Adidas,Footwear,Sandals,price_low,1340,0.08876759171552487,0.052935197971002323,17,1.3362565869218666,932,Brown,UK8,1
3413,Zara,Footwear,Sneakers,price_high,7230,0.9659155216780404,0.6467596899473846,1,,298,White,UK4,7
3414,Puma,Accessories,Bags,price_mid,1810,0.24355216423302148,0.7000710358755583,69,1.9807535113897023,4295,Brown,Large,7
3415,SwissBeauty,Cosmetics,Sunscreen,price_mid,980,0.7185781512802993,0.47070072660248397,21,3.854845550007748,2102,Brown,Medium,4
3416,Puma,Footwear,Sandals,price_low,1010,0.4356349963822465,0.09439374874219808,91,2.7384040988166998,2991,Yellow,UK12,2
3417,H&M,Clothing,Dresses,price_mid,1770,0.07611591545913507,0.8924799622990727,40,1.273989919119895,2392,Black,XXL,7
3418,Nike,Footwear,Sandals,price_mid,3170,0.6702166886177994,0.8893644912227459,106,3.6712794922481873,5000,White,UK4,5
3419,H&M,Footwear,Sandals,price_low,870,0.3314774310301029,0.7173754707085591,16,2.3228302241823755,2053,Purple,UK6,6
3420,Puma,Clothing,Dresses,price_mid,1980,0.28714001827948477,0.8524918998814893,7,2.187125370242406,90,Purple,S,5
3421,Puma,Clothing,Tshirts,price_mid,1970,0.5878281079356816,0.42537862917188485,17,3.365639090577757,681,Green,XL,1
3422,H&M,Footwear,Sports Shoes,price_mid,4400,0.7069213018988352,0.830194753643721,108,3.816158412457381,3895,Blue,UK4,5
3423,H&M,Footwear,Sneakers,price_low,1360,0.3362273776912466,0.8861511568672277,37,2.3314908922297604,3039,Black,UK4,5
3424,Adidas,Footwear,Flats,price_low,1230,0.3113827144136323,0.6536805068504317,57,2.255510820162805,2101,Yellow,UK6,4
3425,Maybelline,Cosmetics,Moisturizer,price_low,330,0.2091634681518489,0.6683271502478303,12,1.804473906445725,373,White,Medium,7
3426,Puma,Footwear,Sneakers,price_low,1150,0.5940926890059142,0.13413166029498458,62,3.353798205914359,2139,Green,UK4,1
3427,Puma,Footwear,Sandals,price_mid,4680,0.5399665597652624,0.3059086831958153,10,3.1769736670592335,633,White,UK10,2
3428,Zara,Footwear,Sports Shoes,price_mid,3870,0.701466104961229,0.11206857107944179,2,,214,Green,UK6,1
3429,H&M,Footwear,Flats,price_high,8830,0.7366282476480616,0.24015813213201465,57,3.9648353819694493,5000,White,UK8,6
3430,Adidas,Footwear,Sneakers,price_low,1200,0.32007221107820943,0.105840648892639,34,2.2725055039658217,1330,Pink,UK12,4
3431,Nike,Footwear,Sports Shoes,price_mid,4460,0.7813091405735826,0.49006438051863255,64,4.115235410264303,2183,Brown,UK10,3
3432,Adidas,Footwear,Sports Shoes,price_high,15000,0.4919420709897426,0.6666677644706822,15,2.983893625101715,633,Brown,UK8,2
3433,Puma,Footwear,Sandals,price_mid,4140,0.37250373363303824,0.17744375281533553,25,2.473239685079513,795,Red,UK4,5
3434,Levis,Clothing,Dresses,price_mid,1890,0.6522317573921109,0.14870384619775134,4,,458,Blue,XXL,1
3435,Zara,Footwear,Sandals,price_low,970,0.3131169630421576,0.03757171491449707,38,2.2552375077994276,1406,Yellow,UK12,4
3436,Nike,Footwear,Sandals,price_mid,3930,0.33402943136553476,0.7380437085307981,73,2.3198676995665637,3177,Purple,UK6,2
3437,Adidas,Clothing,Shirts,price_low,430,0.08458834578354203,0.6755367910621002,37,1.3431848107888917,1937,White,L,4
3438,Nike,Footwear,Sandals,price_mid,4870,0.2559149360279881,0.5892337649834741,27,2.0531205308404212,1407,Purple,UK4,4
3439,Zara,Clothing,Kurtis,price_low,460,0.31869452632872736,0.4404961961864614,6,2.226494524714646,268,Black,L,1
3440,Maybelline,Cosmetics,Lipstick,price_mid,1340,0.2234815916598901,0.373521669480933,3,,351,Red,Medium,3
3441,Zara,Accessories,Watches,price_mid,2710,0.4497989555413778,0.0788776014646898,10,2.8058320509366528,467,Blue,Small,6
3442,Adidas,Clothing,Shirts,price_low,600,0.41040393772745765,0.6956674462295429,33,2.6578524702195385,1439,Purple,XL,3
3443,Levis,Clothing,Dresses,price_mid,1180,0.3108652371971637,0.2716739067105146,13,2.193200596119651,1477,Yellow,XL,5
3444,Maybelline,Cosmetics,Moisturizer,price_high,3000,0.5810050461095025,0.6118113194151376,73,3.3196831242457256,3530,Blue,Medium,5
3445,H&M,Footwear,Sports Shoes,price_low,960,0.5264372175377487,0.31542335692430346,28,3.1366985844073496,1592,Pink,UK6,7
3446,Zara,Accessories,Bags,price_mid,1260,0.7300111738127314,0.7168539245982385,50,3.9470716494092732,2823,Green,Medium,7
3447,Maybelline,Cosmetics,Moisturizer,price_low,330,0.34883713509689684,0.1502536916340298,64,2.398912724695873,2331,Red,Small,7
3448,Nike,Footwear,Sports Shoes,price_mid,3710,0.806719843061964,0.8936504195486399,60,4.213993529997649,2584,Blue,UK6,2
3449,SwissBeauty,Cosmetics,Moisturizer,price_low,340,0.23107254794639503,0.32095951743526163,57,1.919377138884204,2805,Brown,Large,1
3450,Adidas,Clothing,Jeans,price_high,5550,0.7081568648453985,0.3694312899978578,35,3.8589637604762466,2201,Blue,XL,3
3451,SwissBeauty,Cosmetics,Lipstick,price_low,290,0.48326650396691223,0.3343230404599866,28,2.9657944256887045,2117,Black,Small,1
3452,Levis,Accessories,Belts,price_low,380,0.24778427738415038,0.38938618915515777,41,1.973855483890281,2114,Green,Small,6
3453,Adidas,Clothing,Jeans,price_high,7270,0.7255223344847732,0.24612007041579465,0,,0,Pink,XL,4
3454,Levis,Accessories,Caps,price_high,10340,0.8463247775177436,0.2591880446097584,83,4.380679341625369,3120,Red,Medium,1
3455,MAC,Cosmetics,Moisturizer,price_high,3730,0.638269121590974,0.4414968831694859,28,3.54073785254661,2577,Purple,Small,4
3456,Puma,Clothing,Shirts,price_mid,1270,0.533915512694627,0.1773211732540656,52,3.1360454725603812,2519,Green,L,6
3457,Adidas,Clothing,Tshirts,price_mid,2500,0.7836592112868,0.33743495819063896,19,4.168275888590244,2112,Blue,XXL,6
3458,Adidas,Accessories,Bags,price_low,390,0.2676104991879702,0.39206575125199894,56,2.067561246255234,2088,Red,Small,5
3459,Zara,Clothing,Kurtis,price_low,770,0.05665645216356386,0.6966424119399328,27,1.2314909230623372,2199,Brown,S,4
3460,Nike,Footwear,Sports Shoes,price_mid,3030,0.7448307056211725,0.0595444940320391,26,3.968058468303261,2193,Pink,UK12,2
3461,H&M,Clothing,Dresses,price_mid,1130,0.32060624526644343,0.28314031034732146,33,2.31596038919926,1084,Pink,XXL,1
3462,Adidas,Clothing,Kurtis,price_low,600,0.13044089157319988,0.3618170223635987,8,1.5772508535567897,382,Yellow,XXL,1
3463,Puma,Clothing,Shirts,price_low,380,0.12764923232101658,0.16228994593613544,62,1.4949509185348802,2075,Blue,XL,3
3464,Puma,Accessories,Caps,price_mid,1750,0.7174611347174876,0.30722366598129114,27,3.8575830637833497,2161,Brown,Large,5
3465,Puma,Footwear,Sports Shoes,price_low,1120,0.07918591255694536,0.46335111697478415,54,1.3178057036546167,2406,Blue,UK6,6
3466,Zara,Footwear,Sports Shoes,price_mid,2630,0.6510874312265813,0.41634233528503173,83,3.59543614555661,4294,Blue,UK8,2
3467,SwissBeauty,Cosmetics,Moisturizer,price_low,140,0.10813243919440924,0.19068809644606943,13,1.4273374836055406,945,Green,Small,1
3468,H&M,Footwear,Sports Shoes,price_low,1300,0.21227641353672028,0.28981972622149255,6,1.8576136864117612,283,Red,UK6,2
3469,Levis,Accessories,Belts,price_low,670,0.06317412852415877,0.4766135873916061,13,1.2415447411532048,975,Yellow,Small,1
3470,Adidas,Accessories,Belts,price_high,11770,0.8418015409984237,0.1589259895812093,71,4.374169521223786,2990,White,Small,7
3471,Puma,Footwear,Sports Shoes,price_low,1430,0.11816907537840732,0.19790303447703117,8,1.414191775682482,285,Brown,UK10,6
3472,SwissBeauty,Cosmetics,Moisturizer,price_high,2960,0.5376194161198846,0.9713410924306561,122,3.142015656755342,5000,White,Medium,7
3473,Nike,Clothing,Jeans,price_low,520,0.19195380615372068,0.6881491992753672,5,1.7269333718982232,0,Yellow,S,7
3474,Nike,Footwear,Sandals,price_mid,4530,0.41608223922266363,0.7146847312371712,87,2.682043251984902,3101,Green,UK8,7
3475,Zara,Footwear,Sports Shoes,price_low,1050,0.4232361159309138,0.8853627373630663,11,2.720987882800024,478,Brown,UK12,6
3476,Puma,Clothing,Dresses,price_mid,2060,0.5275697658744711,0.7534398563919772,148,3.1250197776969224,5000,Brown,L,6
3477,Levis,Clothing,Tshirts,price_mid,2150,0.3269369033923202,0.5112892804783447,27,2.338021368710387,1757,Black,M,6
3478,Adidas,Footwear,Sports Shoes,price_mid,3930,0.5665671768465068,0.4781040540683207,6,3.3470632273999597,256,Red,UK8,2
3479,MAC,Cosmetics,Sunscreen,price_mid,1720,0.5755754250021176,0.0790732392748027,48,3.2752873305287524,1939,Purple,Large,2
3480,Nike,Clothing,Shirts,price_mid,1580,0.5609302716411141,0.08087495454252258,12,3.256476294262263,1296,Yellow,L,6
3481,Nike,Footwear,Sneakers,price_mid,4870,0.72713229198128,0.6554413885123768,41,3.930007745528868,1774,Purple,UK4,6
3482,Zara,Footwear,Boots,price_mid,4090,0.606010357440896,0.6094216377433833,33,3.44420440083536,3014,Black,UK6,7
3483,Libas,Clothing,Shirts,price_high,3490,0.7557671760603581,0.07069271979987712,0,,0,Red,L,5
3484,Adidas,Footwear,Flats,price_mid,4490,0.631468952065832,0.27790397963115987,61,3.514425663938088,2193,Purple,UK12,3
3485,Puma,Clothing,Dresses,price_low,310,0.13091927178714802,0.32740616509566967,9,1.49776584543928,907,Pink,S,5
3486,Adidas,Footwear,Sports Shoes,price_high,13380,0.899678228911799,0.9167311347983942,5,4.641156744011971,196,Black,UK10,3
3487,Levis,Clothing,Dresses,price_mid,1750,0.5282038991218644,0.40190279302231824,76,3.131766570792973,2482,Red,L,6
3488,Nike,Clothing,Tshirts,price_high,8000,0.8456028230440836,0.14066679952485772,14,4.351928751624971,341,Black,XL,7
3489,H&M,Footwear,Flats,price_high,13690,0.5711286796717856,0.19872203382491838,77,3.278351149205579,3023,Green,UK6,6
3490,MAC,Cosmetics,Foundation,price_mid,2000,0.35296639904176574,0.8732033262128236,62,2.411823807480365,3555,Yellow,Medium,7
3491,Libas,Clothing,Kurtis,price_mid,1870,0.5732904381528405,0.9542177529715232,33,3.303801044897005,1973,Green,XL,6
3492,Levis,Clothing,Shirts,price_high,7390,0.8888713730256117,0.2174574887032079,39,4.544021538351729,3462,Yellow,M,1
3493,Levis,Accessories,Watches,price_low,370,0.21825198004444302,0.8164112749098595,97,1.8686611088343315,4361,Purple,Large,3
3494,MAC,Cosmetics,Lipstick,price_high,3870,0.5193986505300393,0.8011664973103437,10,3.129699564452643,318,Black,Medium,5
3495,Zara,Accessories,Caps,price_high,6080,0.5112147481592285,0.5007998284180905,39,3.0443778206932324,2115,Pink,Small,5
3496,Nike,Clothing,Jeans,price_high,4170,0.8103423939998285,0.6344073530297935,119,4.247793786960125,5000,White,M,2
3497,MAC,Cosmetics,Moisturizer,price_mid,2000,0.49979292497846894,0.01074502773303121,20,3.008328772478338,1446,Red,Medium,2
3498,Adidas,Footwear,Sports Shoes,price_mid,3440,0.7817557791481387,0.12970929670686648,21,4.102477899436767,1489,Purple,UK4,7
3499,Nike,Clothing,Dresses,price_low,300,0.13495187255852106,0.29229594849441276,4,,276,Yellow,L,3
3500,H&M,Clothing,Jeans,price_low,550,0.5595661847286334,0.7598392365557811,20,3.2632731991008117,599,Green,M,5
3501,H&M,Accessories,Belts,price_mid,1220,0.25395344967154315,0.0850864163720706,30,2.0093686944241114,1695,Blue,Large,5
3502,Maybelline,Cosmetics,Moisturizer,price_high,3940,0.33547193031345196,0.7153143253455003,60,2.3643983489494094,2429,White,Medium,4
3503,Puma,Footwear,Sports Shoes,price_low,1100,0.08941956905509328,0.464719285490228,42,1.38294074317978,1763,Yellow,UK12,5
3504,Zara,Clothing,Tshirts,price_mid,2040,0.7818859566268843,0.1607369038590769,46,4.124260527116165,2320,White,M,1
3505,Nike,Clothing,Shirts,price_low,600,0.43320800656109815,0.9293927215770329,47,2.715183378281727,3349,Blue,XL,7
3506,MAC,Cosmetics,Moisturizer,price_high,3270,0.7391457790910013,0.9618403984195043,23,3.9181110800492083,920,Black,Medium,6
3507,MAC,Cosmetics,Moisturizer,price_low,500,0.5242730598127354,0.8048578226491684,108,3.101358623298488,4999,Yellow,Large,1
3508,Maybelline,Cosmetics,Foundation,price_mid,1220,0.2344090230063124,0.03296818853689054,69,1.9404347346053004,2176,Pink,Large,2
3509,Maybelline,Cosmetics,Foundation,price_mid,930,0.6130887303738957,0.031096748584175993,9,3.412820219817414,449,Brown,Medium,7
3510,Puma,Footwear,Sneakers,price_low,1080,0.6115882765503468,0.6348874798022466,50,3.4462611935260243,3356,Yellow,UK10,5
3511,MAC,Cosmetics,Moisturizer,price_low,430,0.20105874641781585,0.3482424148841833,28,1.811930655172838,2044,Yellow,Large,3
3512,Zara,Clothing,Dresses,price_mid,2500,0.2594367249031738,0.5161485873774171,71,2.0161016641274903,2507,Black,XL,4
3513,Maybelline,Cosmetics,Moisturizer,price_high,4020,0.7911941719299351,0.8767270681615356,69,4.171913921827106,2996,Green,Small,7
3514,Zara,Accessories,Watches,price_low,550,0.1175488516266253,0.9255667871030555,4,,0,Pink,Medium,7
3515,Levis,Accessories,Caps,price_low,300,0.32659093398876315,0.4435930949975625,11,2.3136344555301354,520,Brown,Large,1
3516,Adidas,Accessories,Belts,price_low,580,0.4664988329087886,0.3106251549121124,66,2.8769714805389053,2400,White,Small,5
3517,Zara,Footwear,Sneakers,price_mid,4380,0.44752476262803337,0.30061901229415544,0,,113,White,UK4,6
3518,Levis,Clothing,Jeans,price_low,280,0.19746972322879214,0.11747030542850989,0,,35,Red,M,2
3519,Libas,Clothing,Tshirts,price_low,390,0.34019341577286855,0.7858302500450427,5,2.332234599206603,346,Yellow,M,3
3520,Maybelline,Cosmetics,Moisturizer,price_mid,1140,0.20575367763341323,0.48288460565558466,79,1.8330902698399247,2596,Red,Small,6
3521,MAC,Cosmetics,Sunscreen,price_mid,1050,0.4194985089121323,0.4640374738150126,49,2.671649928308676,1723,Brown,Large,5
3522,Libas,Clothing,Jeans,price_low,240,0.4868260498878763,0.8550731355502931,3,,533,Yellow,S,1
3523,Adidas,Footwear,Sports Shoes,price_low,850,0.3284411612851143,0.26428791077678515,19,2.322109860340772,1262,Black,UK8,1
3524,Nike,Footwear,Sports Shoes,price_mid,5000,0.9230481959340335,0.4746295441453866,0,,0,Pink,UK6,7
3525,Nike,Footwear,Flats,price_low,1120,0.18034864646968127,0.6826305051818202,41,1.7013312033237113,2085,Purple,UK6,4
3526,Nike,Clothing,Jeans,price_low,420,0.18377963972106914,0.8216190288704419,40,1.7447982112239813,2494,Blue,S,5
3527,SwissBeauty,Cosmetics,Moisturizer,price_low,100,0.19917542260353285,0.1024607512939466,1,,51,Yellow,Small,7
3528,Zara,Clothing,Tshirts,price_high,5360,0.6992791365971774,0.16395017986542704,69,3.8168375459066937,2894,White,M,6
3529,SwissBeauty,Cosmetics,Moisturizer,price_mid,820,0.7318978735255005,0.42442010432421495,3,,336,Black,Small,6
3530,H&M,Clothing,Jeans,price_mid,1350,0.5378973920058593,0.14166906783794675,8,3.1798656220192365,554,Blue,XXL,3
3531,Adidas,Accessories,Bags,price_mid,3000,0.3695037122578177,0.3167303318926328,92,2.4582126725867672,3713,Black,Large,2
3532,Maybelline,Cosmetics,Lipstick,price_low,330,0.06836196571188059,0.5805295096116332,40,1.3018869490261655,2414,Pink,Small,2
3533,MAC,Cosmetics,Foundation,price_low,290,0.3472823587009029,0.3478129171667701,29,2.387268876397538,1616,Yellow,Large,6
3534,Adidas,Accessories,Caps,price_mid,1180,0.5776929460610255,0.02801837717039357,47,3.309354565610492,2258,Purple,Small,7
3535,Adidas,Footwear,Sneakers,price_mid,5000,0.3515060248616463,0.8212792310943072,7,2.3798854699080647,156,Purple,UK8,7
3536,MAC,Cosmetics,Lipstick,price_low,430,0.5156967660878102,0.4733610413397896,62,3.0789961160587316,2323,Pink,Medium,7
3537,H&M,Accessories,Bags,price_mid,950,0.29069090430802375,0.42713800283008574,3,,150,Red,Medium,1
3538,Adidas,Footwear,Sports Shoes,price_low,1060,0.31457338896434345,0.43439024780620583,63,2.274042686332898,2571,White,UK8,7
3539,Nike,Footwear,Sports Shoes,price_low,1500,0.24229798753366938,0.9975395095532537,29,1.982473918315656,2327,Pink,UK10,1
3540,Nike,Footwear,Sneakers,price_mid,2260,0.6065547324094557,0.15716000541827202,23,3.4284085317234645,1401,Purple,UK6,5
3541,Nike,Footwear,Sports Shoes,price_mid,5000,0.4162312183263187,0.8544343783425462,30,2.659423604508328,2298,Green,UK8,4
3542,Levis,Clothing,Shirts,price_low,610,0.033144884453547165,0.8927558123619368,34,1.1445997741770946,1557,White,L,2
3543,Libas,Clothing,Tshirts,price_low,270,0.02125148496737469,0.8252319263751745,33,1.102926588417436,2309,Pink,M,6
3544,Adidas,Footwear,Sports Shoes,price_high,15000,0.8621616863893573,0.4599291798234789,66,4.436618300702596,5000,Green,UK6,4
3545,Zara,Clothing,Jeans,price_low,540,0.29764244561421954,0.2625634322771674,53,2.188731865615811,1771,Pink,XXL,6
3546,Maybelline,Cosmetics,Moisturizer,price_mid,1230,0.11940611450716525,0.8758465805349844,32,1.5030963275309643,1735,Yellow,Large,1
3547,H&M,Footwear,Sandals,price_high,11250,0.6338992666128417,0.43944888360312195,31,3.5122898204114823,1863,Yellow,UK6,7
3548,Levis,Clothing,Dresses,price_low,580,0.5851269906200168,0.2086685478250554,85,3.3278472859992223,4299,Green,XL,4
3549,Libas,Clothing,Kurtis,price_mid,1730,0.06970982197860102,0.27677289380501235,21,1.28585444975304,988,Black,L,6
3550,Nike,Footwear,Sandals,price_low,840,0.6277502652633908,0.12276962373274491,27,3.508575544863993,1836,Red,UK6,6
3551,Nike,Accessories,Caps,price_low,500,0.483626484187688,0.649849402099502,67,2.914392590920317,2545,Purple,Large,3
3552,Zara,Clothing,Jeans,price_mid,1430,0.5823701361832564,0.7798437322024454,100,3.3218811044612386,4115,White,XL,7
3553,Puma,Clothing,Tshirts,price_mid,1500,0.4616688732380427,0.7520084919723626,8,2.7831272132843767,213,White,M,6
3554,SwissBeauty,Cosmetics,Moisturizer,price_low,210,0.3650265245956235,0.7461818350737383,36,2.4423231740634925,1940,Purple,Small,1
3555,Libas,Clothing,Jeans,price_mid,1000,0.6642091450140049,0.19371004323686514,33,3.6884064375088874,1568,Pink,XXL,4
3556,H&M,Accessories,Caps,price_high,9760,0.8819509473374486,0.343266257767201,17,4.47962549363548,938,Blue,Medium,3
3557,Nike,Footwear,Sneakers,price_low,1240,0.5927968825191781,0.5594322546910152,56,3.389919906526379,2950,White,UK6,1
3558,Maybelline,Cosmetics,Foundation,price_mid,840,0.2646055296037068,0.2329388221135188,36,2.03274512856192,1531,Yellow,Small,2
3559,Zara,Footwear,Flats,price_low,810,0.14822924238285298,0.31134088722761166,19,1.5660358550982811,956,Green,UK10,6
3560,Adidas,Accessories,Caps,price_high,4850,0.888649326890159,0.14937762477975247,76,4.560904906649513,2591,Red,Small,5
3561,Puma,Clothing,Tshirts,price_mid,1790,0.5235264854268884,0.8714110192404843,2,,22,Blue,XXL,5
3562,SwissBeauty,Cosmetics,Foundation,price_low,360,0.5157725982832291,0.6996762925635949,74,3.0816640315585606,4219,Red,Small,2
3563,H&M,Clothing,Kurtis,price_high,6400,0.45624880533975387,0.5160943770526438,2,,381,Purple,S,4
3564,H&M,Footwear,Sneakers,price_low,550,0.10647077304600408,0.935946662357437,79,1.4064559866325534,3209,Red,UK10,7
3565,Levis,Clothing,Dresses,price_mid,1020,0.8097620985887818,0.9547436147577704,145,4.22858655163685,5000,Blue,M,1
3566,Libas,Clothing,Jeans,price_mid,1360,0.45235841541111416,0.7006678713960204,71,2.7984391006541007,2640,Purple,XXL,3
3567,Nike,Accessories,Watches,price_mid,1920,0.46439361249191724,0.043094130580693446,0,,0,White,Small,2
3568,Adidas,Footwear,Sandals,price_low,960,0.37781473164457946,0.42924854871209706,68,2.5326715568215024,2990,Brown,UK4,3
3569,MAC,Cosmetics,Foundation,price_high,4600,0.8965432688619291,0.5534423609852062,15,4.543704449953349,671,Purple,Small,6
3570,Puma,Accessories,Watches,price_low,620,0.12099642008589571,0.26079033063649415,0,,0,Pink,Large,7
3571,Levis,Clothing,Shirts,price_mid,2290,0.571958655363011,0.9475228690718258,6,3.358147206486436,384,Black,XL,3
3572,H&M,Accessories,Belts,price_mid,2310,0.14740387979596123,0.41946520331233605,0,,170,Purple,Large,3
3573,Adidas,Footwear,Boots,price_low,1130,0.28453400208149043,0.8110463316532985,0,,0,Green,UK10,3
3574,H&M,Accessories,Caps,price_mid,1700,0.7282163904009608,0.611150159632918,147,3.924332340391567,4912,White,Medium,1
3575,Puma,Clothing,Jeans,price_high,4170,0.867425990877678,0.740535164370908,1,,310,Brown,M,3
3576,Levis,Accessories,Watches,price_low,450,0.29070726256055235,0.2927254217809254,26,2.1337245104391895,1479,Yellow,Medium,3
3577,Libas,Clothing,Shirts,price_low,470,0.10368912593631069,0.985750283540111,89,1.3937402783965214,3227,Green,S,7
3578,Zara,Accessories,Belts,price_mid,3000,0.3352846301927917,0.15903544030802652,77,2.3328124652743445,4168,Purple,Medium,1
3579,Libas,Clothing,Jeans,price_low,280,0.06013688630620938,0.8526349682298905,47,1.226038024940694,1807,Brown,L,4
3580,SwissBeauty,Cosmetics,Foundation,price_mid,860,0.29957543783241475,0.1418615036132881,51,2.2135737360802437,2021,Purple,Medium,4
3581,Levis,Clothing,Kurtis,price_high,7290,0.8205423522654115,0.3336444043880207,14,4.285625750251301,836,Brown,M,4
3582,MAC,Cosmetics,Sunscreen,price_low,500,0.4323892599099073,0.2686677655069142,30,2.759500624842781,2828,Yellow,Large,4
3583,Puma,Clothing,Jeans,price_low,640,0.22228612876371645,0.5361055155617563,27,1.8803296987721674,1293,White,XL,7
3584,Zara,Accessories,Caps,price_mid,1100,0.6038510093562585,0.2723557571965557,3,,306,Pink,Small,2
3585,Nike,Accessories,Bags,price_low,540,0.1691593539234855,0.7295718630230765,7,1.6894882172257513,269,Pink,Medium,2
3586,Puma,Footwear,Sandals,price_mid,4440,0.3897106786119458,0.38157659201593375,40,2.5701281842833192,1948,White,UK10,2
3587,Levis,Accessories,Belts,price_mid,2500,0.6760630849881843,0.8324491158590562,60,3.7195444320933584,2948,Pink,Medium,7
3588,Puma,Footwear,Sports Shoes,price_low,1120,0.545401670445212,0.49947235962455105,48,3.1943793686971507,3404,Green,UK10,5
3589,Nike,Footwear,Sneakers,price_low,1360,0.5497494196807673,0.5031131990296385,60,3.2072023066756,3020,Black,UK6,6
3590,Levis,Clothing,Tshirts,price_low,430,0.24774798259492806,0.21880276185454284,49,1.9820708329759036,2611,Brown,M,1
3591,H&M,Clothing,Tshirts,price_mid,1160,0.6792688763355182,0.8611656946676918,83,3.711238598577344,3078,Red,L,6
3592,Libas,Clothing,Dresses,price_low,440,0.10097966186419549,0.7950686624868034,1,,87,Pink,S,6
3593,Zara,Accessories,Watches,price_low,420,0.31074145656091035,0.5480562641404307,41,2.2693814029163955,3226,Blue,Small,4
3594,SwissBeauty,Cosmetics,Foundation,price_mid,930,0.3457236567674592,0.7869103760960527,1,,209,White,Medium,3
3595,SwissBeauty,Cosmetics,Foundation,price_high,3340,0.8222933949409893,0.3940488997613558,101,4.284572461803546,4763,Green,Small,5
3596,SwissBeauty,Cosmetics,Sunscreen,price_low,220,0.3532061884128492,0.32953227222311343,30,2.423727582319101,2500,Green,Small,4
3597,Puma,Footwear,Sandals,price_mid,3630,0.37764668715733807,0.5932846408956622,113,2.5041363414488886,4588,Green,UK10,3
3598,Adidas,Clothing,Tshirts,price_mid,2190,0.2728422510898586,0.5540105503932786,0,,178,Black,XXL,2
3599,Adidas,Footwear,Flats,price_low,1220,0.7396619395013576,0.7851220792947047,35,3.9377929210863,2888,Red,UK10,7
3600,Puma,Footwear,Flats,price_mid,3740,0.6415780341992094,0.24575395257940214,59,3.5879017371457715,2337,Blue,UK8,2
3601,Nike,Clothing,Kurtis,price_high,7620,0.7001014258428259,0.23906538070600059,6,3.795966463555062,172,Blue,S,1
3602,Maybelline,Cosmetics,Moisturizer,price_mid,880,0.444024973831234,0.5317770713819807,6,2.79762614302664,360,White,Medium,3
3603,Adidas,Clothing,Tshirts,price_low,540,0.07748985275081423,0.276480109936426,23,1.346902741637041,818,White,L,3
3604,Zara,Footwear,Sneakers,price_low,1120,0.7620635019535525,0.5718701472855723,56,4.062150775878182,3231,Brown,UK10,6
3605,Zara,Accessories,Watches,price_high,12000,0.6111322282522894,0.9138673738958542,49,3.446739333422407,2180,Yellow,Large,2
3606,Maybelline,Cosmetics,Sunscreen,price_low,340,0.10533488676922519,0.5371982115310661,15,1.4687322960870726,1313,Blue,Medium,6
3607,Nike,Footwear,Boots,price_low,780,0.28676618693851114,0.12266689240936801,20,2.187099058493456,1495,Blue,UK10,2
3608,Libas,Clothing,Jeans,price_mid,1420,0.31971522382112333,0.9489778963336397,72,2.293971036361404,3083,Black,XXL,3
3609,Levis,Clothing,Shirts,price_low,790,0.2466268639029374,0.4575743018928118,29,2.0168973360912394,1957,Red,S,7
3610,Nike,Accessories,Belts,price_mid,2210,0.6207958747242258,0.07707831715581948,7,3.458469300370279,337,Purple,Large,6
3611,MAC,Cosmetics,Lipstick,price_mid,1730,0.6109228745941687,0.1588454403047207,17,3.4445370882216317,557,Blue,Medium,6
3612,Nike,Clothing,Shirts,price_low,730,0.6395934275060093,0.171521870987563,63,3.5348428621629067,2688,Pink,XL,6
3613,Nike,Clothing,Shirts,price_mid,1630,0.5517995491751465,0.7919905724810192,99,3.210926108345496,4512,Purple,S,5
3614,Puma,Clothing,Tshirts,price_low,450,0.27833010033633404,0.5384599945794318,40,2.0943899031876905,2450,Red,M,1
3615,Puma,Footwear,Boots,price_mid,3630,0.5172555666244952,0.28381795484979266,40,3.066464138639651,1805,Green,UK4,2
3616,H&M,Accessories,Bags,price_high,4190,0.6447068377383425,0.28001984483802744,40,3.574895594591363,1424,Yellow,Large,7
3617,Puma,Clothing,Tshirts,price_mid,2430,0.4493559866054517,0.5650056198842929,47,2.776508285598551,2161,Red,M,3
3618,Adidas,Clothing,Kurtis,price_low,800,0.5364019681775304,0.012024637073705158,35,3.138564347253936,1846,Brown,M,2
3619,SwissBeauty,Cosmetics,Lipstick,price_high,3940,0.6085306044720777,0.48896316047545607,64,3.4148254367724524,2423,Yellow,Medium,4
3620,Nike,Footwear,Sports Shoes,price_mid,3780,0.7074277759780488,0.4758152659759939,1,,120,Purple,UK8,5
3621,Adidas,Accessories,Belts,price_low,470,0.42707638645898593,0.4279906832110343,2,,75,Yellow,Large,2
3622,Maybelline,Cosmetics,Sunscreen,price_mid,810,0.5816599059580105,0.707802758000823,78,3.333677094670403,2722,Blue,Medium,1
3623,Nike,Accessories,Belts,price_mid,1760,0.2912055768928435,0.24956091917599754,40,2.1871704153673113,1849,Green,Medium,5
3624,H&M,Accessories,Caps,price_high,7140,0.8473242556735052,0.8916386089326551,11,4.400678373130172,858,White,Small,2
3625,SwissBeauty,Cosmetics,Lipstick,price_low,300,0.6308674210638203,0.864550046946117,25,3.49880622593222,2191,Blue,Large,5
3626,Zara,Clothing,Shirts,price_low,650,0.5897923437121779,0.3626315840710568,37,3.388590501431065,1830,Blue,L,7
3627,H&M,Clothing,Tshirts,price_high,3970,0.7486721300792518,0.1772753300785752,8,3.9366400170643034,154,Black,L,5
3628,Nike,Clothing,Shirts,price_low,560,0.1305362490912169,0.8765523375242245,32,1.489129038333963,1734,Pink,L,2
3629,SwissBeauty,Cosmetics,Moisturizer,price_mid,990,0.334972657359887,0.2528825860273404,5,2.306255432118385,77,Red,Large,1
3630,Nike,Footwear,Boots,price_high,11350,0.685841167228328,0.5002258810324706,3,,78,White,UK12,1
3631,Maybelline,Cosmetics,Sunscreen,price_mid,1090,0.28594256390248696,0.6686542591631693,29,2.12127034228409,1609,Yellow,Small,5
3632,MAC,Cosmetics,Lipstick,price_mid,2000,0.31803908819679283,0.6656014876290829,26,2.299214737844416,1357,Green,Medium,5
3633,Maybelline,Cosmetics,Sunscreen,price_high,4930,0.839724477996415,0.2836862906998934,100,4.360837805629869,3314,Black,Small,4
3634,Levis,Clothing,Dresses,price_mid,1530,0.7144964681775218,0.27421769353319214,34,3.8875738704745566,1396,Yellow,M,2
3635,SwissBeauty,Cosmetics,Foundation,price_mid,1110,0.3149874091801624,0.41310915243380275,36,2.236799807446333,2389,Pink,Small,3
3636,Libas,Clothing,Tshirts,price_low,390,0.5109231459785666,0.20401299233423287,42,3.0433438234536987,2622,Blue,XXL,3
3637,H&M,Clothing,Dresses,price_low,530,0.21637533164597922,0.3589754082533392,81,1.8643760061761425,3192,Purple,XXL,4
3638,Libas,Clothing,Tshirts,price_high,6220,0.9374415234765419,0.9183774287129965,58,4.727106662636047,2729,Yellow,XL,6
3639,Puma,Clothing,Dresses,price_mid,1830,0.30035985894833084,0.6374276216303688,27,2.1878635575246723,1255,Green,M,2
3640,H&M,Clothing,Shirts,price_mid,1640,0.6724942662173928,0.36826613425596844,7,3.7545258937299004,645,White,M,2
3641,Puma,Footwear,Sports Shoes,price_low,1450,0.2822015815294665,0.3068849460333867,53,2.1321881029082816,2059,White,UK4,5
3642,H&M,Clothing,Tshirts,price_mid,1190,0.587304325372552,0.016140979676944278,69,3.3700106756320674,2789,Purple,M,3
3643,Zara,Accessories,Caps,price_low,540,0.4266773720596565,0.03293732618502687,48,2.6779523648236285,2350,Pink,Large,4
3644,H&M,Accessories,Bags,price_mid,1970,0.25088142043699907,0.6676147475216372,110,1.9964629220417327,4248,Yellow,Large,1
3645,H&M,Accessories,Belts,price_mid,1940,0.3577057626446351,0.7515243329020389,61,2.432243690946926,2264,Red,Small,4
3646,Puma,Footwear,Sports Shoes,price_high,10280,0.6813448652601103,0.3086076802598908,7,3.7395525041461233,256,Black,UK4,6
3647,Zara,Accessories,Bags,price_mid,1550,0.6573170382795828,0.6822764854386679,104,3.6487445086383854,4817,Red,Large,3
3648,Puma,Clothing,Kurtis,price_mid,1880,0.6607313704488688,0.7927569090154925,4,,4,Green,M,7
3649,Nike,Accessories,Watches,price_mid,2200,0.4951094664987373,0.6320072631946148,16,3.0173297271620205,680,Black,Large,7
3650,SwissBeauty,Cosmetics,Foundation,price_low,260,0.3373748173946717,0.4675248427453319,5,2.2994601051794166,170,Yellow,Medium,6
3651,Zara,Clothing,Shirts,price_low,330,0.2858573772351273,0.10013010306165426,3,,238,Black,S,5
3652,Libas,Clothing,Jeans,price_low,560,0.362345421586835,0.38611337362044573,10,2.48191209204589,539,Brown,XXL,4
3653,Zara,Accessories,Bags,price_high,9190,0.364261474942962,0.9849798698337499,31,2.4615426309310764,2456,Yellow,Large,7
3654,Maybelline,Cosmetics,Moisturizer,price_low,380,0.2841647891797673,0.6215831690078704,15,2.168039342617368,1555,Blue,Small,6
3655,Nike,Clothing,Jeans,price_mid,2200,0.548545978455575,0.2353353267075643,29,3.161110458364331,1177,Yellow,XXL,1
3656,Levis,Clothing,Tshirts,price_mid,1900,0.21111957763243805,0.8045009682716429,65,1.8537777601692207,3447,Yellow,XL,4
3657,H&M,Footwear,Sandals,price_mid,3720,0.5967879392099074,0.09105894547623106,51,3.414438886456125,2061,Green,UK6,7
3658,Libas,Clothing,Tshirts,price_mid,1180,0.39265706203139483,0.0059038670896214285,12,2.5669566579749628,1030,Blue,L,2
3659,Zara,Clothing,Shirts,price_mid,2040,0.7179599882310953,0.6857332826916195,129,3.8673656090386523,5000,Pink,S,5
3660,Nike,Footwear,Sports Shoes,price_low,900,0.3902357010666097,0.5948043161268477,47,2.558892689216898,3860,Green,UK4,7
3661,Levis,Clothing,Jeans,price_high,7830,0.9412974043867596,0.0976832036903994,14,4.728531496106276,517,White,L,4
3662,Zara,Accessories,Bags,price_mid,2410,0.19016287494683487,0.6561583249407569,111,1.7448609144864249,4277,Blue,Medium,4
3663,Levis,Accessories,Belts,price_mid,1520,0.25432836804946557,0.29402589686167224,5,2.0630820619593124,111,Yellow,Medium,2
3664,Maybelline,Cosmetics,Moisturizer,price_low,350,0.14697919937333564,0.31261615667252385,26,1.5768353960115553,1729,Pink,Medium,5
3665,Libas,Clothing,Jeans,price_high,5250,0.8074600057714167,0.4521960616916031,22,4.2697986759895885,1466,Green,XXL,2
3666,Levis,Accessories,Bags,price_mid,2250,0.4782601427696464,0.7327760362550109,28,2.8901294893342944,2405,Brown,Large,2
3667,H&M,Clothing,Jeans,price_low,370,0.5284196923547272,0.11325595066278826,62,3.1182704950350777,2372,Red,S,3
3668,Levis,Accessories,Bags,price_low,280,0.16753094332882937,0.23343630238497515,5,1.7429019628513513,373,Purple,Small,6
3669,Nike,Footwear,Sneakers,price_high,15000,0.8502671284006001,0.08825782850565433,9,4.369211241892737,249,Black,UK10,5
3670,Adidas,Clothing,Jeans,price_high,5160,0.4967617770936606,0.890537376599609,83,2.981178515780146,2949,Red,S,6
3671,Maybelline,Cosmetics,Foundation,price_low,240,0.4407087272898793,0.9230072309693786,58,2.7377645503692256,3909,Brown,Medium,6
3672,Levis,Clothing,Tshirts,price_low,420,0.21863768715561338,0.39697695430124447,0,,0,Green,XL,4
3673,Nike,Clothing,Tshirts,price_mid,1750,0.3751197245547384,0.4833274460268725,11,2.4684725273636903,524,Purple,M,6
3674,Adidas,Accessories,Caps,price_low,390,0.20453731247703041,0.6083343738459488,19,1.8066051182930245,1209,Blue,Small,6
3675,Libas,Clothing,Kurtis,price_low,370,0.22352628252609408,0.3199100208566832,56,1.8986369294833212,3335,Black,XL,4
3676,H&M,Clothing,Jeans,price_mid,1660,0.7668554818676312,0.049511043234441776,27,4.094815102487905,966,Yellow,S,6
3677,Nike,Footwear,Sports Shoes,price_low,1500,0.47382579016349874,0.23229266197927811,69,2.915344622296408,2624,Red,UK4,4
3678,H&M,Accessories,Watches,price_mid,1690,0.3723018503152571,0.9298473576090059,43,2.4940600698360496,1943,Green,Large,1
3679,Levis,Clothing,Dresses,price_low,500,0.2124073713115334,0.08999090456520376,0,,11,Yellow,L,1
3680,Nike,Footwear,Sports Shoes,price_low,1500,0.1660001263399846,0.5965379181469995,20,1.690759971996145,1681,Green,UK8,1
3681,Nike,Footwear,Sandals,price_mid,4780,0.3303355493169467,0.8558609929007559,66,2.3200671914902453,2375,Blue,UK4,4
3682,Libas,Clothing,Jeans,price_high,5880,0.9326279015824406,0.5667403298290833,93,4.72914646951648,4108,Brown,XL,2
3683,Nike,Footwear,Flats,price_mid,3300,0.8654546743474497,0.05601048058145486,23,4.465343045404808,880,Red,UK8,6
3684,Levis,Clothing,Dresses,price_mid,1980,0.5788492357133196,0.12047033442221022,21,3.3483944997703516,1399,Blue,S,7
3685,Adidas,Accessories,Belts,price_mid,2220,0.5644333176087553,0.6952026069322013,95,3.2713528710168505,5000,Black,Small,5
3686,Nike,Accessories,Watches,price_mid,1450,0.3400226315976851,0.03901053643408625,0,,0,Blue,Medium,4
3687,Nike,Clothing,Dresses,price_high,6190,0.751972424987401,0.7985339912781264,47,3.9912400326731987,2228,Green,M,5
3688,H&M,Clothing,Shirts,price_low,460,0.3084613747821219,0.8739756208819358,2,,145,Green,L,7
3689,Puma,Clothing,Jeans,price_low,580,0.1235919810310078,0.6897204755439322,37,1.488894133425522,1959,Brown,XXL,5
3690,Nike,Footwear,Sandals,price_mid,5000,0.7278287709139841,0.9573167649760637,13,3.887953501412643,736,Yellow,UK6,6
3691,SwissBeauty,Cosmetics,Sunscreen,price_mid,700,0.27356189569360245,0.9011416230718498,0,,0,Yellow,Large,5
3692,Puma,Footwear,Sandals,price_mid,3160,0.3400100965938526,0.38412422900037324,11,2.412960370828367,473,Pink,UK6,6
3693,Adidas,Footwear,Sneakers,price_mid,3660,0.6020481544436015,0.6770349692315114,92,3.409743499592719,4031,Yellow,UK12,1
3694,Adidas,Footwear,Sandals,price_mid,4640,0.7899070006357889,0.15552089715988304,39,4.179604153609107,3706,Yellow,UK6,7
3695,Nike,Clothing,Shirts,price_low,760,0.2655548514063199,0.41101140844916384,29,2.0487692094212475,1071,Pink,S,1
3696,Zara,Clothing,Tshirts,price_low,450,0.032235179615995105,0.8822388253289104,0,,0,Green,XL,2
3697,H&M,Footwear,Sports Shoes,price_mid,3960,0.362795134005062,0.19495827231136786,68,2.4487706826894984,2832,Pink,UK8,3
3698,H&M,Footwear,Sneakers,price_high,10290,0.5655094136435177,0.30648273381133206,4,,125,Pink,UK6,1
3699,Libas,Clothing,Shirts,price_mid,1310,0.797104016452534,0.5676290790174143,65,4.184108600350091,5000,Pink,M,7
3700,Maybelline,Cosmetics,Moisturizer,price_low,330,0.1942550721779997,0.7682754121739778,87,1.7890044536228602,3977,Brown,Small,3
3701,Levis,Clothing,Tshirts,price_high,4990,0.9309020239980953,0.49111920328200864,4,,245,Pink,XL,3
3702,Levis,Clothing,Jeans,price_mid,1550,0.5912289686122892,0.7284399509750116,18,3.3580984535445375,695,Brown,XL,3
3703,Maybelline,Cosmetics,Lipstick,price_low,100,0.6077178071281134,0.4647177183336346,6,3.505898308667845,292,Pink,Medium,6
3704,Levis,Clothing,Dresses,price_mid,1880,0.6591245048651809,0.9174013412547419,56,3.633778697549487,4038,Red,L,4
3705,Maybelline,Cosmetics,Lipstick,price_mid,1660,0.45516870522135544,0.025711072416738312,89,2.835500028467647,3030,Green,Medium,4
3706,Levis,Accessories,Bags,price_mid,2230,0.35910918719942925,0.825892224747531,101,2.4492662860640144,4324,Green,Medium,2
3707,SwissBeauty,Cosmetics,Moisturizer,price_high,3640,0.8447246100300543,0.01324628610740386,22,4.340097429314813,2202,Black,Small,6
3708,H&M,Clothing,Jeans,price_mid,1800,0.7762623302550535,0.9131346889548861,9,4.099358625147351,392,Green,S,5
3709,Zara,Accessories,Caps,price_low,430,0.2723472138454204,0.4247406354362262,90,2.104123806903248,3975,Pink,Medium,1
3710,Nike,Clothing,Tshirts,price_low,260,0.3597152634102381,0.7271471991459844,75,2.4189897081807836,3402,Black,S,1
3711,Zara,Accessories,Bags,price_high,6420,0.6078397125910513,0.9283558712255602,0,,304,Black,Large,2
3712,Nike,Footwear,Sneakers,price_mid,5000,0.15578014886030545,0.2642734926010134,63,1.6339368949318431,2422,Brown,UK8,2
3713,H&M,Footwear,Sandals,price_mid,3300,0.5110326363092567,0.814413976942377,96,3.0432480429760598,5000,White,UK12,3
3714,Zara,Clothing,Jeans,price_low,490,0.2306545762576513,0.26968644661020447,0,,236,Red,XL,2
3715,MAC,Cosmetics,Moisturizer,price_mid,1490,0.5934028944537189,0.7184028922003179,47,3.3482743053370365,2188,Purple,Small,5
3716,SwissBeauty,Cosmetics,Moisturizer,price_mid,1000,0.4651562068869137,0.4569573028034416,40,2.8838715499677057,2136,White,Large,4
3717,H&M,Clothing,Jeans,price_mid,1570,0.2398907357723988,0.593033397418425,35,1.9378484302673935,1406,Purple,XL,4
3718,Adidas,Footwear,Sandals,price_mid,4780,0.17430773474212372,0.3899526852635897,11,1.6780183032930638,478,White,UK8,6
3719,Nike,Footwear,Sandals,price_mid,4460,0.6792543397068769,0.5354854025198286,1,,170,Pink,UK6,5
3720,Adidas,Clothing,Dresses,price_mid,1190,0.24468646074462383,0.13336787023200825,3,,292,Brown,XL,5
3721,Puma,Footwear,Sandals,price_high,10540,0.7915843133077697,0.35722635170261674,34,4.15726625551137,1870,Black,UK4,4
3722,Nike,Clothing,Tshirts,price_low,600,0.16764693681915996,0.12953061155542644,0,,0,Green,XL,3
3723,MAC,Cosmetics,Lipstick,price_low,460,0.46033764798413296,0.8546053787873912,39,2.8099153914368484,2104,Pink,Small,5
3724,H&M,Clothing,Jeans,price_low,440,0.0991043485794205,0.33636614052562086,5,1.422039334992512,363,Yellow,XL,7
3725,Adidas,Footwear,Sandals,price_low,1170,0.2950369245508934,0.894509437809559,16,2.203263502223392,412,Purple,UK8,4
3726,H&M,Accessories,Belts,price_mid,2080,0.2358342877647835,0.7267469939039631,25,1.968338698305236,681,Green,Medium,1
3727,Zara,Clothing,Dresses,price_mid,2300,0.4045699113197988,0.41930869562897966,63,2.5943659049491257,2965,Red,S,6
3728,Puma,Footwear,Sneakers,price_low,1090,0.10303462032184244,0.7515137093852174,23,1.4176690596025834,861,Pink,UK12,6
3729,SwissBeauty,Cosmetics,Foundation,price_low,280,0.04779350597084237,0.3974084965612815,9,1.2167228690295728,240,Red,Small,1
3730,Maybelline,Cosmetics,Foundation,price_low,100,0.24794192507497337,0.5602706466781213,4,,0,Purple,Large,6
3731,Puma,Clothing,Tshirts,price_mid,1630,0.25136976567120106,0.8889424452197815,3,,96,Brown,L,1
3732,MAC,Cosmetics,Sunscreen,price_high,5210,0.7884145293214571,0.24765776346407387,49,4.138821216826843,4352,Pink,Medium,1
3733,H&M,Clothing,Kurtis,price_low,290,0.31573641197464936,0.3541670973653891,36,2.2798313598846374,1344,Yellow,M,3
3734,Nike,Accessories,Watches,price_mid,2210,0.4326092288493245,0.4488235648268686,69,2.731059779590031,3526,Black,Medium,5
3735,Puma,Accessories,Bags,price_mid,1730,0.5870857860351193,0.7118983935896193,102,3.3624870116747614,5000,White,Small,7
3736,Adidas,Accessories,Belts,price_low,650,0.19689771743894338,0.8033755099577814,33,1.8098558783203784,2018,Brown,Medium,3
3737,Levis,Clothing,Shirts,price_mid,2170,0.44942660802361484,0.4298852686153466,89,2.7947912837586553,3373,Red,XXL,2
3738,Libas,Clothing,Jeans,price_low,330,0.2226267358233456,0.9085049038143014,42,1.8898419629381578,1598,Yellow,XL,4
3739,SwissBeauty,Cosmetics,Foundation,price_high,4020,0.7214530415816941,0.4549193996203549,35,3.9169636963660857,2403,Purple,Medium,4
3740,Libas,Clothing,Shirts,price_high,3850,0.850308285086672,0.8995143544877952,47,4.393325440845972,3895,Purple,L,2
3741,Adidas,Footwear,Sneakers,price_high,9170,0.7673963028160262,0.6242619023048785,7,4.063862593090613,228,Purple,UK6,2
3742,Maybelline,Cosmetics,Moisturizer,price_low,290,0.25243403101712647,0.18859225997925644,8,1.9419239468415754,724,Blue,Small,3
3743,SwissBeauty,Cosmetics,Foundation,price_mid,820,0.6075976045797397,0.7467119305243037,50,3.417841519629559,2261,Red,Small,4
3744,Libas,Clothing,Kurtis,price_mid,1390,0.832273757731343,0.28144082961455996,51,4.326014124148894,2898,Blue,L,3
3745,Maybelline,Cosmetics,Lipstick,price_high,5020,0.6679446041971271,0.4200655367909647,4,,412,Yellow,Large,3
3746,Maybelline,Cosmetics,Sunscreen,price_high,3720,0.8796110800104205,0.054531776713318214,34,4.548933176067487,2069,Red,Medium,5
3747,Libas,Clothing,Tshirts,price_low,250,0.501464877494059,0.22888980612551413,58,3.014072785620147,1908,Purple,XXL,5
3748,Libas,Clothing,Tshirts,price_low,340,0.36438070117013294,0.2644675711596143,31,2.4745090274506665,2483,Brown,XXL,1
3749,Zara,Footwear,Sandals,price_high,10210,0.39222777864852,0.6033503961431719,11,2.6176968489363865,664,Black,UK8,5
3750,Adidas,Footwear,Sandals,price_low,1460,0.3431359921068416,0.39358373475679254,66,2.3495173153103477,2420,Pink,UK10,3
3751,MAC,Cosmetics,Sunscreen,price_low,300,0.44754198473292733,0.9685347554862594,22,2.7735575981779728,757,Green,Large,5
3752,Adidas,Footwear,Sports Shoes,price_mid,2090,0.582042479503765,0.06912649051924391,54,3.3237963709669383,2157,White,UK12,6
3753,Nike,Clothing,Dresses,price_low,580,0.44068807294100387,0.043487986539380685,71,2.754591484118589,3125,Yellow,XL,4
3754,Levis,Clothing,Shirts,price_low,390,0.18109765585745535,0.5035085581070095,4,,401,Pink,S,4
3755,Adidas,Footwear,Flats,price_mid,3340,0.40671182561932107,0.8506154747557466,46,2.623181819334356,2491,Yellow,UK4,4
3756,Levis,Clothing,Tshirts,price_mid,1930,0.5705857755903535,0.8018915108236024,42,3.309538685300796,3611,Black,L,3
3757,H&M,Footwear,Sports Shoes,price_low,760,0.473763493997541,0.502837931451429,4,,269,Yellow,UK6,7
3758,Puma,Footwear,Sandals,price_mid,4730,0.6509560923924844,0.9594719212879007,10,3.597214362598097,317,Black,UK10,5
3759,Nike,Accessories,Watches,price_mid,2520,0.4167296061615989,0.3648056673694461,39,2.6984277583404,1918,Black,Small,7
3760,Adidas,Footwear,Sandals,price_low,780,0.1515892193763164,0.23951385483576193,75,1.586810429927503,2901,Yellow,UK10,3
3761,Nike,Footwear,Sandals,price_low,890,0.4996075550246905,0.413320661459618,59,2.9842963437416317,3012,Blue,UK6,2
3762,Puma,Footwear,Sneakers,price_low,1410,0.34403442511752863,0.9311063071686005,49,2.3655349305689946,3084,Purple,UK10,5
3763,Adidas,Footwear,Sneakers,price_low,1340,0.06496891289237876,0.9035407570563876,41,1.2395915840987208,1781,Pink,UK12,7
3764,SwissBeauty,Cosmetics,Moisturizer,price_mid,950,0.8721361732995356,0.5710684042696973,9,4.495844574100779,442,Black,Large,2
3765,Libas,Clothing,Tshirts,price_low,450,0.44491200884140186,0.050950246005287525,27,2.7766769866335737,2314,Black,XXL,7
3766,Puma,Accessories,Watches,price_mid,1270,0.5190130465001559,0.2504396597530478,37,3.0983015155912668,1855,Blue,Small,4
3767,Levis,Clothing,Kurtis,price_low,550,0.21799658004872552,0.20379950086047194,14,1.921558843886568,785,Blue,XXL,7
3768,Puma,Footwear,Sports Shoes,price_mid,2000,0.17557500069062634,0.5241653946252223,30,1.714648133180373,1309,Yellow,UK10,1
3769,Nike,Footwear,Sneakers,price_mid,3550,0.4269843539466067,0.4704499185538671,6,2.7653211951020396,388,Purple,UK10,4
3770,Adidas,Footwear,Sports Shoes,price_mid,3940,0.41975557781275136,0.8003876735633922,4,,35,Pink,UK4,7
3771,Nike,Accessories,Belts,price_low,390,0.48913783734398575,0.21800158733425434,17,3.004784448298049,1555,Brown,Small,6
3772,H&M,Footwear,Boots,price_low,1120,0.5341768794734468,0.12732474270098415,67,3.15390591637746,2258,Purple,UK10,1
3773,Libas,Clothing,Kurtis,price_low,370,0.08349880413569442,0.9755953218046037,3,,330,Black,XXL,3
3774,Zara,Footwear,Boots,price_mid,3870,0.7515334699196815,0.19987072734891276,5,3.947616069312228,374,Blue,UK4,1
3775,MAC,Cosmetics,Moisturizer,price_mid,1900,0.434805651112966,0.030020019483113725,33,2.7099252783055694,2579,Black,Medium,4
3776,Puma,Footwear,Sandals,price_mid,3540,0.562789142485979,0.507118240547461,13,3.2091046040142936,476,Green,UK10,7
3777,Libas,Clothing,Shirts,price_low,660,0.05700517878277171,0.49133561261825653,53,1.21842971330138,1849,Green,XXL,3
3778,Nike,Accessories,Bags,price_low,450,0.25531865535045456,0.6884951457227422,31,2.0060163858776203,1778,Blue,Large,2
3779,Adidas,Clothing,Shirts,price_mid,1930,0.48803533440044955,0.6886628071220393,46,2.943759410468687,2874,Blue,XXL,6
3780,H&M,Clothing,Kurtis,price_mid,1030,0.499948330042861,0.40280834958944634,41,2.9687705673170193,2039,Red,XL,7
3781,H&M,Clothing,Kurtis,price_low,400,0.41158269955376203,0.8543163584365346,66,2.654485427800889,2994,Brown,XXL,1
3782,Nike,Footwear,Sandals,price_high,10140,0.6467535066883768,0.5027849443216695,23,3.577758529943357,2359,Red,UK4,3
3783,Levis,Clothing,Shirts,price_mid,1890,0.3814250893467093,0.2460918903347754,7,2.5907440722049904,292,Black,L,4
3784,Puma,Footwear,Sports Shoes,price_high,14920,0.6803469660504329,0.7031382988891097,112,3.7136420553297316,5000,Black,UK4,7
3785,Puma,Footwear,Sports Shoes,price_high,12010,0.9215348366656487,0.02369794167109074,36,4.707769906409217,2505,Green,UK12,3
3786,Nike,Footwear,Flats,price_low,1470,0.4157700648845198,0.8143979330064743,54,2.675507300247513,3198,Purple,UK10,4
3787,SwissBeauty,Cosmetics,Sunscreen,price_low,300,0.2534672564888338,0.9185569624776545,28,2.0480017396337407,1760,Black,Medium,6
3788,H&M,Clothing,Dresses,price_high,5600,0.9142064783219014,0.5826205525608009,64,4.644701072022824,2247,Purple,XXL,3
3789,SwissBeauty,Cosmetics,Foundation,price_low,170,0.38428100926488923,0.6969659749505878,58,2.5249400731228477,3045,Purple,Large,7
3790,H&M,Clothing,Dresses,price_mid,1370,0.46728997909890174,0.15423428741930223,8,2.8315299907837557,145,Black,XL,1
3791,Puma,Footwear,Sneakers,price_low,1120,0.2964007151407382,0.5349079969643663,122,2.169938606533537,4439,White,UK6,1
3792,MAC,Cosmetics,Sunscreen,price_low,410,0.5397217421729568,0.21466411315337242,85,3.1624245213181053,3487,Blue,Small,2
3793,Zara,Clothing,Jeans,price_low,570,0.18466238104853086,0.9785016046452486,10,1.679566798332786,313,Red,M,6
3794,Puma,Footwear,Sports Shoes,price_low,1400,0.10840264432057665,0.3615972356537539,45,1.4400441282040715,2027,White,UK4,5
3795,Nike,Footwear,Sports Shoes,price_high,11940,0.4114525589665278,0.28700237601245515,35,2.615911714728464,3400,Yellow,UK12,4
3796,Nike,Footwear,Sports Shoes,price_mid,3130,0.4527549419678712,0.24398873057882964,0,,0,Red,UK12,6
3797,Adidas,Accessories,Watches,price_mid,2270,0.4273052428057499,0.7462637943545036,24,2.7079930245136152,676,Red,Medium,5
3798,H&M,Accessories,Bags,price_mid,1550,0.369377290682702,0.9810204363951056,50,2.465715474443787,3825,Green,Medium,7
3799,Nike,Accessories,Bags,price_mid,2230,0.5982617672877133,0.04870366816536098,43,3.382948240255067,2217,Purple,Large,1
3800,H&M,Clothing,Kurtis,price_low,590,0.19065927584281722,0.6083964317102858,21,1.7996790407806185,740,Red,S,1
3801,Levis,Clothing,Tshirts,price_high,3550,0.4885634375173496,0.2096348965097412,39,2.9636780209658946,1706,Purple,L,4
3802,Adidas,Footwear,Sneakers,price_low,1200,0.28405472318076486,0.24401160213760542,1,,0,Yellow,UK12,6
3803,H&M,Accessories,Bags,price_low,420,0.27530693541869344,0.3179568718844311,20,2.0838477827921245,1886,White,Small,5
3804,Nike,Clothing,Dresses,price_low,420,0.47188358076694265,0.6602954308805172,37,2.9163491935862424,2500,Green,L,6
3805,Nike,Clothing,Dresses,price_mid,1600,0.624251963629723,0.353372757145492,3,,234,Red,XXL,3
3806,Levis,Clothing,Tshirts,price_low,570,0.1812518234294539,0.6214476125304058,25,1.721557255477099,2061,Red,M,7
3807,MAC,Cosmetics,Moisturizer,price_mid,1480,0.5762136094378372,0.4682601793794996,0,,242,Red,Large,4
3808,SwissBeauty,Cosmetics,Moisturizer,price_high,4400,0.7973447313163523,0.8375304570126061,10,4.233416076295139,489,Pink,Small,6
3809,Levis,Clothing,Dresses,price_mid,1850,0.38901777348237326,0.2867701149746521,63,2.5636099120342197,2094,Yellow,S,5
3810,Puma,Clothing,Tshirts,price_mid,1880,0.6211242921625761,0.20452855254440772,28,3.461829698185601,2006,White,S,2
3811,Puma,Footwear,Sports Shoes,price_high,10840,0.7553744874976526,0.348250932495332,49,4.012750895148152,3785,Blue,UK12,3
3812,Adidas,Clothing,Dresses,price_low,590,0.28191697755396616,0.4149613608157663,45,2.136766648084231,1546,White,XL,7
3813,Nike,Footwear,Sneakers,price_mid,4950,0.38663925427593615,0.6648929235241025,69,2.5473967840988423,2288,Green,UK4,7
3814,Zara,Clothing,Jeans,price_high,5850,0.6853887735329247,0.8038271102149289,44,3.7315857147605427,2341,Purple,XXL,5
3815,MAC,Cosmetics,Moisturizer,price_low,350,0.3444016977551624,0.37807140825618935,57,2.3968062540867834,2200,White,Small,5
3816,Puma,Accessories,Caps,price_mid,2820,0.4027992195191072,0.3780050674351244,19,2.626832801916934,1533,White,Small,2
3817,Adidas,Accessories,Belts,price_mid,1830,0.7377324094462705,0.3634883470441751,6,4.009555498414478,104,Pink,Medium,2
3818,Adidas,Footwear,Sports Shoes,price_mid,5000,0.39026493075396845,0.29717105387093723,62,2.5692299959085974,2325,Brown,UK12,2
3819,Adidas,Accessories,Caps,price_mid,3000,0.1936307492086341,0.5734449697072896,35,1.7898470651785363,2262,Blue,Large,3
3820,Zara,Accessories,Bags,price_low,580,0.3138099292357832,0.47632323870923166,54,2.266161778583707,2760,Yellow,Large,7
3821,Adidas,Clothing,Shirts,price_mid,1970,0.16978601987558964,0.03707721567905997,9,1.6298484233220383,996,Black,XXL,1
3822,H&M,Accessories,Watches,price_low,240,0.3198541080862955,0.5828926430891409,26,2.2823171854963817,1344,Purple,Large,1
3823,Libas,Clothing,Jeans,price_mid,1260,0.7017356627988682,0.6256052054404856,35,3.8147465242337932,2322,Purple,XL,2
3824,SwissBeauty,Cosmetics,Moisturizer,price_mid,770,0.45559441226545555,0.6236679849890527,72,2.844267133212227,4716,Green,Medium,7
3825,Nike,Clothing,Tshirts,price_high,7940,0.41883437506309956,0.7224673663862708,83,2.6929885194123853,3348,Green,XL,2
3826,Nike,Footwear,Sandals,price_mid,5000,0.6574093153565224,0.9953702291640125,49,3.607980188093587,3769,Green,UK10,1
3827,Adidas,Footwear,Sandals,price_low,940,0.10191095714176664,0.9296729094387592,6,1.4533284265509425,44,Black,UK12,4
3828,Puma,Accessories,Watches,price_mid,2910,0.4419328157306651,0.9976567940086122,60,2.7693559816234843,2338,Red,Small,6
3829,Adidas,Footwear,Sports Shoes,price_mid,3780,0.24619636745381399,0.8702609441806688,9,2.0121377950084023,301,Brown,UK4,5
3830,Puma,Accessories,Bags,price_mid,1530,0.3330449674011286,0.5719112899260407,5,2.246031860379273,0,Green,Large,2
3831,H&M,Clothing,Tshirts,price_high,7480,0.5117920064344673,0.39175756413809804,34,3.064306470256166,3401,Pink,S,5
3832,Puma,Footwear,Sports Shoes,price_mid,3810,0.703607673361124,0.3182975913492756,74,3.834040700827263,2505,Yellow,UK4,3
3833,MAC,Cosmetics,Lipstick,price_mid,850,0.5286224242464045,0.9045789384458605,77,3.102858870198256,3138,Green,Medium,4
3834,Levis,Clothing,Dresses,price_low,800,0.3592403899330404,0.5795719609657242,60,2.415735567804211,2837,Black,L,4
3835,H&M,Clothing,Jeans,price_mid,1700,0.6955793724187118,0.09237851347549964,23,3.8210088006979803,1704,Purple,S,5
3836,H&M,Footwear,Sports Shoes,price_mid,2890,0.5903179072567873,0.9604156063877555,67,3.377866189630478,2544,White,UK10,1
3837,Maybelline,Cosmetics,Sunscreen,price_mid,840,0.10766085248268047,0.5766197828203325,63,1.4212986999913089,2288,Brown,Medium,2
3838,H&M,Footwear,Sandals,price_low,1250,0.34562970377314883,0.6643796653558941,7,2.4150393589029715,249,Blue,UK10,2
3839,Zara,Clothing,Shirts,price_low,560,0.39183085963369124,0.7442197829047704,50,2.5795047041892536,3346,Green,XXL,7
3840,Zara,Clothing,Kurtis,price_mid,2010,0.46438472090464594,0.5155666755540026,22,2.8577590183738777,594,White,L,5
3841,Nike,Clothing,Kurtis,price_low,760,0.49538248424413384,0.7073644118202451,46,3.0070397378384643,3469,Red,M,1
3842,Zara,Clothing,Tshirts,price_mid,2210,0.5683255046976339,0.4315328387835897,74,3.2673348570442196,3103,Green,XXL,3
3843,Puma,Footwear,Sneakers,price_mid,3640,0.5302143228687208,0.33129068057026567,36,3.11632914609145,2121,Black,UK6,2
3844,Adidas,Accessories,Caps,price_low,200,0.2630449847892241,0.31219873970038214,11,2.085449135526472,1192,Red,Medium,6
3845,H&M,Accessories,Bags,price_mid,1040,0.12321448622230526,0.8663050635864289,79,1.513258222160961,3461,Pink,Medium,5
3846,Nike,Clothing,Shirts,price_mid,1600,0.3824519768051507,0.8293113010689808,123,2.5312812011802768,4360,Black,M,3
3847,Zara,Clothing,Shirts,price_mid,1940,0.5048848426729523,0.28789025038070626,73,3.0414787134762915,2888,Yellow,M,1
3848,Nike,Footwear,Sneakers,price_mid,2960,0.6033095016880038,0.21145935188373077,21,3.4111113597034968,2053,Yellow,UK8,3
3849,SwissBeauty,Cosmetics,Lipstick,price_low,130,0.13945536326127783,0.9250047208019471,7,1.6150057893925427,501,Green,Large,5
3850,Nike,Footwear,Sandals,price_low,1100,0.4384231213716369,0.9301315154807945,0,,0,Black,UK10,4
3851,Levis,Clothing,Tshirts,price_low,430,0.3091472059913656,0.12205881252598738,82,2.249029861456765,3231,Pink,XL,5
3852,Maybelline,Cosmetics,Moisturizer,price_low,270,0.43361142912623607,0.7996406992254124,73,2.721487594484234,3621,Green,Medium,7
3853,MAC,Cosmetics,Lipstick,price_mid,1570,0.2069796028093685,0.6714736215805018,2,,0,Purple,Large,2
3854,Levis,Clothing,Dresses,price_low,380,0.49370961618512527,0.4404874136517901,2,,118,Red,S,7
3855,Levis,Clothing,Tshirts,price_high,7150,0.6849888779668893,0.7592435483414371,44,3.7131117733555725,4536,Yellow,M,3
3856,Maybelline,Cosmetics,Lipstick,price_mid,870,0.7289368001093709,0.24706485732149885,53,3.923127788561049,2595,Green,Medium,1
3857,MAC,Cosmetics,Lipstick,price_low,260,0.36664244058723583,0.973174178896163,76,2.4595712495835347,2919,Brown,Medium,3
3858,Zara,Clothing,Dresses,price_high,7410,0.7167395594161866,0.481831302064348,65,3.8775008104721613,2540,Pink,M,5
3859,Nike,Footwear,Flats,price_mid,3570,0.6633363052278609,0.5245451109048552,8,3.619545597250779,106,Red,UK12,4
3860,H&M,Footwear,Sports Shoes,price_mid,2590,0.46171327761695863,0.1280416592268876,0,,85,Brown,UK8,7
3861,Zara,Clothing,Kurtis,price_low,640,0.07748879680497826,0.854940917309951,54,1.306216933995055,2872,Purple,XXL,1
3862,MAC,Cosmetics,Lipstick,price_low,370,0.345435010259127,0.10477266504879201,25,2.3780179973501787,1308,White,Medium,3
3863,Levis,Clothing,Tshirts,price_low,340,0.09520389821299953,0.12487417820412738,34,1.353970950528411,2140,Red,S,2
3864,Maybelline,Cosmetics,Moisturizer,price_high,4270,0.417962237600565,0.915356695265118,9,2.666281241357362,451,Purple,Large,4
3865,Maybelline,Cosmetics,Sunscreen,price_mid,1000,0.33415511886971166,0.9456287548311954,52,2.322746897100003,2310,Yellow,Medium,4
3866,SwissBeauty,Cosmetics,Sunscreen,price_mid,780,0.31886965105349274,0.14797976618021746,44,2.2535281954597055,2620,Brown,Small,2
3867,Adidas,Footwear,Sports Shoes,price_low,1460,0.4490154501449417,0.13275874250022346,0,,30,Pink,UK4,3
3868,Adidas,Clothing,Shirts,price_mid,1490,0.3518690991180032,0.6077004132729401,30,2.376675492347135,2263,White,XL,3
3869,Zara,Clothing,Shirts,price_low,600,0.5866873399793963,0.05131973487904984,76,3.368403360098976,4048,Blue,XL,2
3870,Adidas,Footwear,Sports Shoes,price_low,1450,0.11021899538931744,0.5534755294550648,12,1.4191042615412295,1406,Yellow,UK10,4
3871,Puma,Accessories,Belts,price_high,6660,0.9554610622570258,0.6132764534668146,75,4.835136133527646,3460,Purple,Small,5
3872,Adidas,Footwear,Flats,price_low,1210,0.3672400547073193,0.5372990070408924,5,2.535200116713223,92,Green,UK12,7
3873,Puma,Footwear,Sneakers,price_mid,2120,0.20337554155022491,0.08408723215728142,41,1.7976137285999294,1968,White,UK8,4
3874,Adidas,Accessories,Watches,price_mid,2450,0.4544659542829478,0.8562138189614759,9,2.882563913757891,488,Red,Large,4
3875,Nike,Footwear,Sports Shoes,price_mid,3650,0.6663404879670574,0.8601876447826028,49,3.6484707459063928,2889,White,UK6,5
3876,Adidas,Footwear,Sneakers,price_low,1330,0.4423498448191802,0.021236973577164586,15,2.7658179949195585,1093,Black,UK12,7
3877,MAC,Cosmetics,Lipstick,price_high,3130,0.9411262233461728,0.8103579961471659,87,4.765854199542174,4315,White,Medium,4
3878,Nike,Footwear,Sneakers,price_mid,4410,0.8122493607615979,0.1615470707797768,73,4.247796998047706,3644,Brown,UK12,4
3879,SwissBeauty,Cosmetics,Moisturizer,price_mid,1280,0.4306010920309502,0.588193611062077,2,,547,Brown,Medium,2
3880,Adidas,Clothing,Kurtis,price_low,500,0.2871993198869433,0.8590115407989446,45,2.174622556476567,2353,Brown,XL,4
3881,Nike,Accessories,Bags,price_low,500,0.20055571933880378,0.15981299839330254,4,,186,Brown,Small,7
3882,SwissBeauty,Cosmetics,Lipstick,price_mid,970,0.3927568200222755,0.6413381833424069,96,2.5616424050876354,3536,Purple,Large,2
3883,Zara,Clothing,Jeans,price_mid,1800,0.5685422766013415,0.6381758788960292,4,,257,Purple,XXL,7
3884,Libas,Clothing,Jeans,price_low,510,0.17842339484982783,0.2781002984531561,4,,373,Black,M,1
3885,Puma,Footwear,Sports Shoes,price_mid,3560,0.9413816723708007,0.1232574018478928,55,4.778961262021647,2367,Pink,UK8,5
3886,SwissBeauty,Cosmetics,Lipstick,price_low,100,0.05855636742490943,0.7463461364376166,70,1.242973454724519,2481,White,Medium,4
3887,Adidas,Clothing,Dresses,price_low,690,0.4598017489340361,0.31234858161949597,50,2.853040590602902,3594,White,XXL,4
3888,Libas,Clothing,Kurtis,price_low,470,0.12575897930868174,0.6617231286941138,19,1.5354725111425147,1384,Pink,M,4
3889,Zara,Accessories,Bags,price_mid,2110,0.8086013190220779,0.8228332530025506,69,4.253806816030497,4129,Purple,Small,7
3890,Levis,Accessories,Watches,price_low,440,0.2726345003819307,0.6310696588755381,67,2.0665598294097793,2169,Pink,Medium,6
3891,H&M,Accessories,Belts,price_mid,2010,0.6056509561278477,0.9400202830657072,6,3.389675024852189,49,Yellow,Large,4
3892,Levis,Accessories,Belts,price_low,700,0.30798264291742905,0.7448560647357847,51,2.249732768074635,2227,Red,Medium,6
3893,Maybelline,Cosmetics,Moisturizer,price_low,240,0.3829034346336168,0.7678506570695265,5,2.6010634825556935,186,Pink,Small,6
3894,Nike,Clothing,Dresses,price_low,800,0.292172683328277,0.05887240206257527,19,2.186857547071277,778,Yellow,S,4
3895,SwissBeauty,Cosmetics,Foundation,price_low,270,0.3261767729843213,0.0005977782444546165,13,2.2757312263309126,685,Green,Medium,5
3896,Zara,Accessories,Watches,price_mid,1670,0.7472541780304591,0.9574850151374582,43,3.959528214348028,2589,Pink,Small,6
3897,Adidas,Footwear,Sandals,price_low,1060,0.14604309254550335,0.5117208253425213,67,1.5800202575578166,2543,White,UK10,4
3898,Zara,Footwear,Sneakers,price_high,7260,0.5306285358473215,0.7382425691764113,56,3.1239412402692386,4250,Blue,UK10,6
3899,Puma,Accessories,Bags,price_mid,3000,0.4305718980817388,0.2727091527416565,8,2.7423662799691715,332,Purple,Medium,1
3900,Maybelline,Cosmetics,Foundation,price_high,2890,0.7080126056093774,0.6533716473341226,51,3.819349112766095,5000,Black,Large,1
3901,Zara,Footwear,Sports Shoes,price_mid,3410,0.5007859519973582,0.6631235838915503,10,3.0614002008043597,1363,Blue,UK6,3
3902,Levis,Clothing,Dresses,price_low,710,0.3052661099579092,0.15472892517568937,70,2.2411799296019326,3530,Red,XL,4
3903,Puma,Footwear,Sports Shoes,price_mid,3200,0.37873713285206995,0.7358835237840181,2,,222,Green,UK4,6
3904,Levis,Accessories,Bags,price_low,540,0.5933740336086347,0.94504757200418,16,3.401116481161272,710,Black,Small,4
3905,Nike,Footwear,Sandals,price_low,1500,0.15008038955332123,0.5192938672901855,51,1.5847235426387505,4248,White,UK6,2
3906,Libas,Clothing,Kurtis,price_high,5480,0.7482439651751129,0.9126187090092741,129,3.9793379222623373,4796,Pink,L,3
3907,MAC,Cosmetics,Lipstick,price_low,360,0.782043631513703,0.9929033051064102,98,4.1388486474456965,4258,Purple,Medium,1
3908,Zara,Footwear,Sandals,price_low,1190,0.5469622493499815,0.5316026172989008,3,,75,Pink,UK8,1
3909,Puma,Clothing,Dresses,price_mid,2220,0.3446018385849143,0.967315760989924,19,2.410276324291891,464,Black,M,3
3910,Adidas,Footwear,Flats,price_low,1160,0.1628012465765448,0.034991825989452496,20,1.6802124481907297,1420,Purple,UK8,1
3911,Puma,Footwear,Flats,price_mid,4150,0.5960499784314024,0.6947871964582919,90,3.3963887758474685,2887,Yellow,UK10,5
3912,Adidas,Clothing,Tshirts,price_high,6150,0.8155475676481571,0.19788551529584952,53,4.277142042430837,3302,Pink,L,5
3913,Adidas,Footwear,Sandals,price_mid,4340,0.47828448514805033,0.11199849991023325,12,2.9226249878723345,663,Black,UK4,4
3914,Libas,Clothing,Shirts,price_high,5650,0.6559036504469858,0.4315306229145923,107,3.6244285267344756,3568,Green,M,2
3915,SwissBeauty,Cosmetics,Sunscreen,price_mid,530,0.5170121146685259,0.6765079387281683,25,3.0806917417706936,1463,Red,Small,3
3916,Nike,Footwear,Sandals,price_mid,4160,0.2628147173479048,0.535244079474133,18,2.0310189773468554,1202,Brown,UK12,6
3917,Libas,Clothing,Kurtis,price_low,500,0.5460174065373538,0.9173141782323443,84,3.1631771960241455,5000,Blue,M,4
3918,Puma,Footwear,Boots,price_low,1240,0.2205433357475476,0.5211956415450373,34,1.8808836802233455,1335,Brown,UK12,7
3919,H&M,Footwear,Sports Shoes,price_mid,4510,0.2574506796218366,0.041800503034189584,1,,0,Red,UK6,2
3920,H&M,Clothing,Shirts,price_low,600,0.4953133958261571,0.11230593692420532,17,2.9844524508176895,1791,Red,L,4
3921,Zara,Accessories,Watches,price_mid,2460,0.6327158490945606,0.6572912516602646,9,3.562002715998117,284,Red,Large,2
3922,Zara,Accessories,Belts,price_low,560,0.10586525231773518,0.5683956466873041,26,1.440746917496967,1292,Green,Large,1
3923,Zara,Clothing,Shirts,price_mid,1850,0.544217824657915,0.42202541065051935,2,,252,Brown,S,2
3924,SwissBeauty,Cosmetics,Foundation,price_mid,720,0.4579476884506675,0.777325713326727,67,2.8165929746790273,2262,Pink,Large,5
3925,SwissBeauty,Cosmetics,Lipstick,price_high,3860,0.8049436535887476,0.5988182878110683,128,4.233134386801321,5000,Black,Small,7
3926,Nike,Footwear,Sneakers,price_mid,3310,0.37149234336672143,0.4327354980218723,46,2.4713679812666056,1628,Purple,UK10,6
3927,Nike,Accessories,Watches,price_low,660,0.27393291473380604,0.9190171846173012,30,2.1283368244015795,2622,Yellow,Small,3
3928,Zara,Accessories,Belts,price_low,680,0.4136852057024235,0.5698096206442431,61,2.636561318193476,2440,Pink,Large,1
3929,Puma,Footwear,Sports Shoes,price_low,1240,0.19678235918667036,0.9320709598328097,57,1.8098026503602094,2947,Yellow,UK6,7
3930,Adidas,Clothing,Jeans,price_low,510,0.16042245430624325,0.7274679241998926,51,1.6522372949747464,3163,White,XL,3
3931,Puma,Clothing,Tshirts,price_low,710,0.3788885032456191,0.36407450448530343,76,2.520172539616616,2692,Purple,XL,3
3932,Libas,Clothing,Jeans,price_low,400,0.806628670441758,0.503999286890608,53,4.226277770300126,3769,Pink,S,5
3933,Adidas,Clothing,Kurtis,price_low,430,0.18690872540328723,0.6390664761798538,13,1.7972576535427984,540,Purple,XXL,5
3934,Nike,Accessories,Bags,price_mid,2050,0.12366455600905675,0.3808904857428723,3,,141,Purple,Large,5
3935,Nike,Footwear,Sports Shoes,price_mid,2910,0.3611258936816837,0.41431808128112924,46,2.439217306176082,1901,Green,UK10,3
3936,Adidas,Clothing,Jeans,price_mid,2100,0.2042013989021722,0.7525936812121747,29,1.7829939631861123,1329,Purple,XL,7
3937,Adidas,Footwear,Boots,price_low,1500,0.3805433023247576,0.9283125908814556,42,2.5132743230538632,2542,Green,UK12,1
3938,Libas,Clothing,Tshirts,price_high,4520,0.6221747576235853,0.5640283994093579,6,3.547225559569307,147,Red,M,6
3939,Adidas,Footwear,Sports Shoes,price_mid,4600,0.2725879347417046,0.6669459954913488,6,2.14422050850499,381,Pink,UK6,5
3940,H&M,Clothing,Tshirts,price_low,540,0.11990563081817955,0.8269830385490363,53,1.4960439953356732,2347,Black,XL,7
3941,Nike,Footwear,Sports Shoes,price_mid,5000,0.5636266701044154,0.25700755768041517,96,3.260486438632755,3569,Green,UK4,6
3942,Nike,Accessories,Belts,price_low,530,0.6441919179104825,0.5092968735867947,32,3.5711699826945202,1771,White,Large,2
3943,H&M,Footwear,Sandals,price_mid,3490,0.320595234143636,0.7858480931883499,77,2.283467447668331,2787,Yellow,UK6,7
3944,Levis,Accessories,Bags,price_low,500,0.49501145338279035,0.9411757932302749,126,2.98724456348338,4921,Pink,Small,3
3945,H&M,Accessories,Watches,price_low,390,0.2789235272203683,0.36211197410450335,6,2.196765689749608,307,Red,Small,1
3946,Maybelline,Cosmetics,Sunscreen,price_low,160,0.41736091180150237,0.9255711531786179,10,2.6580840964275,439,Black,Small,2
3947,MAC,Cosmetics,Lipstick,price_mid,1790,0.4813286823633839,0.534230280586975,40,2.913490483893754,1638,Brown,Medium,2
3948,MAC,Cosmetics,Moisturizer,price_mid,1530,0.6719728677819019,0.9002155340318471,0,,238,Brown,Small,3
3949,SwissBeauty,Cosmetics,Foundation,price_mid,560,0.5271539666295331,0.3833187637942156,54,3.1096555352739523,2682,Yellow,Large,5
3950,Libas,Clothing,Tshirts,price_mid,1140,0.4989551682419054,0.9733490193911668,41,2.9696984032036924,3099,Black,S,7
3951,Adidas,Footwear,Sandals,price_mid,3400,0.7429335533978267,0.7461304365631818,26,3.993203973007595,2584,White,UK12,6
3952,Maybelline,Cosmetics,Moisturizer,price_mid,1020,0.32466322737846237,0.717579323159642,52,2.291028297994449,5000,Blue,Small,7
3953,Adidas,Footwear,Sports Shoes,price_mid,5000,0.6160315944451948,0.585775294416158,11,3.5003228734934235,433,Blue,UK4,6
3954,Adidas,Footwear,Sneakers,price_high,10890,0.9166564165375809,0.6303645823274483,49,4.691540987326825,2280,Pink,UK10,2
3955,Adidas,Footwear,Sneakers,price_mid,3910,0.06682578138093585,0.7819377376393448,76,1.2621040221160464,2994,Purple,UK8,7
3956,Levis,Accessories,Belts,price_mid,2130,0.3987404648088105,0.7080000525615423,54,2.609564132649709,2908,Green,Small,1
3957,H&M,Clothing,Tshirts,price_mid,1120,0.48633330073080355,0.2555225504778754,6,2.9405443813459873,232,Black,XL,5
3958,Puma,Clothing,Tshirts,price_mid,1900,0.321569009898833,0.1076801289123156,0,,169,Red,XXL,6
3959,Nike,Footwear,Sandals,price_mid,4690,0.2665505762117124,0.6638000869099294,53,2.0584354447309168,2097,Pink,UK8,5
3960,SwissBeauty,Cosmetics,Lipstick,price_mid,930,0.4571999609695645,0.6733874447629399,12,2.8058790123089334,711,Black,Medium,3
3961,MAC,Cosmetics,Foundation,price_mid,1990,0.17439462246324475,0.9498507380046542,30,1.702468081461724,2060,White,Small,5
3962,Adidas,Footwear,Sneakers,price_mid,4910,0.49651848762938455,0.2560190722768898,37,3.0116405963550075,2861,Yellow,UK8,2
3963,H&M,Accessories,Caps,price_mid,1750,0.6337764728183326,0.21267587878324667,56,3.561147611508905,2356,Green,Medium,7
3964,MAC,Cosmetics,Sunscreen,price_low,290,0.08989087711176927,0.06959894306268599,5,1.2913981254168132,231,White,Large,1
3965,Libas,Clothing,Jeans,price_mid,1640,0.8087960544896553,0.18232798477598566,143,4.2514594043068845,5000,Black,S,6
3966,Zara,Accessories,Watches,price_low,450,0.07117791502274415,0.8873895608483408,97,1.3000942659579622,3748,White,Large,3
3967,H&M,Footwear,Flats,price_mid,3020,0.27480959303875807,0.7506986628154868,3,,338,Yellow,UK8,4
3968,Adidas,Footwear,Sneakers,price_high,7910,0.8751652558975439,0.1536394458134832,73,4.513923953024055,2860,Black,UK12,3
3969,SwissBeauty,Cosmetics,Foundation,price_mid,1090,0.49208172557164753,0.3797582424403745,34,2.9467314419840775,1770,Red,Medium,5
3970,SwissBeauty,Cosmetics,Moisturizer,price_low,260,0.5390905922000456,0.6524586125864619,39,3.1282226089645837,1505,White,Medium,3
3971,H&M,Accessories,Caps,price_high,5440,0.9667909086613892,0.37887750631695605,88,4.860017680956246,3193,Yellow,Large,4
3972,MAC,Cosmetics,Moisturizer,price_low,490,0.36248152667646516,0.916528466652314,18,2.4403312958993015,481,Pink,Medium,2
3973,Adidas,Footwear,Sandals,price_low,1270,0.24054995783980965,0.33689453000760594,32,1.9952513364490632,2378,Black,UK6,1
3974,Libas,Clothing,Shirts,price_mid,1090,0.47630004295137773,0.9905919883684583,69,2.8860667570743828,2313,Blue,XL,3
3975,Libas,Clothing,Dresses,price_high,5670,0.3126082951888697,0.8468559656141276,39,2.240028743820863,1735,Pink,XXL,1
3976,H&M,Clothing,Shirts,price_high,5770,0.8622497816909179,0.8736449698521849,11,4.450272704180602,366,White,M,5
3977,Zara,Footwear,Sports Shoes,price_mid,2870,0.5973780600784075,0.801813226906188,66,3.4109317184581256,4107,Brown,UK10,4
3978,Adidas,Footwear,Sports Shoes,price_low,1260,0.16729651688252292,0.7142272499970997,36,1.6852040307432423,2282,Blue,UK6,6
3979,Adidas,Footwear,Sandals,price_mid,2720,0.6868410231511342,0.29244136589618863,113,3.765954296773676,4411,White,UK4,1
3980,Maybelline,Cosmetics,Lipstick,price_mid,720,0.3870132413142842,0.9806094253710713,20,2.5913983703198276,859,Yellow,Medium,7
3981,Nike,Clothing,Tshirts,price_mid,2030,0.19988034127426207,0.5357443190152009,25,1.784866874753548,682,White,XL,1
3982,SwissBeauty,Cosmetics,Sunscreen,price_mid,710,0.08696879505697618,0.6254039827447196,2,,218,Purple,Medium,7
3983,Libas,Clothing,Dresses,price_low,470,0.3842176243032845,0.1565109949941823,3,,217,Purple,L,2
3984,MAC,Cosmetics,Foundation,price_low,500,0.5479458364456443,0.4371792018037983,36,3.216218767869842,2266,Green,Small,5
3985,SwissBeauty,Cosmetics,Moisturizer,price_low,180,0.5463515905710129,0.9505243163087933,55,3.163102676838552,3680,White,Large,5
3986,Puma,Footwear,Flats,price_low,1410,0.0713172532604652,0.6489183039213771,26,1.30152013235834,1130,Green,UK10,5
3987,SwissBeauty,Cosmetics,Foundation,price_mid,1050,0.2678757169406973,0.3209588306682444,16,2.1036875337945906,869,Green,Large,2
3988,Nike,Clothing,Dresses,price_high,8000,0.6870176490087712,0.7259743860683913,53,3.722522213038311,2943,Brown,S,5
3989,Puma,Footwear,Sports Shoes,price_high,10110,0.39289104521947044,0.025561703347965703,60,2.54927389653472,3235,Brown,UK4,6
3990,Levis,Clothing,Tshirts,price_mid,1960,0.5191042051287902,0.8896519815954033,12,3.0453829082042336,681,White,XXL,4
3991,MAC,Cosmetics,Foundation,price_low,290,0.3779652816498356,0.5313905761489203,110,2.5138712485672543,4342,Brown,Medium,4
3992,Libas,Clothing,Jeans,price_low,400,0.5381756881511449,0.9360225813035516,4,,27,White,XL,3
3993,Maybelline,Cosmetics,Lipstick,price_high,4000,0.8473361374743017,0.8606192853145079,91,4.379412455574671,3811,Black,Small,5
3994,Zara,Clothing,Shirts,price_low,570,0.23075709965103722,0.2067360173867283,11,1.8724590149509592,659,White,M,3
3995,Nike,Accessories,Belts,price_low,430,0.2850835847631459,0.31949107280585,18,2.168431850394607,1074,Pink,Medium,2
3996,MAC,Cosmetics,Foundation,price_high,5830,0.6887143961149472,0.16384549882391375,14,3.701801395463725,359,Purple,Large,4
3997,Zara,Footwear,Sports Shoes,price_low,1170,0.22961438242025162,0.7414829875216168,27,1.908918796958241,2124,Blue,UK12,5
3998,H&M,Clothing,Jeans,price_mid,1470,0.6276588674060614,0.364838691092922,8,3.4829486050513734,387,Brown,XXL,3
3999,H&M,Footwear,Sports Shoes,price_mid,3420,0.2938369228325351,0.9031580660833374,13,2.141962328988954,452,White,UK4,2
4000,Levis,Clothing,Jeans,price_high,4950,0.6249285970786463,0.792645921727814,146,3.5034737118330694,5000,Black,S,4
4001,Levis,Clothing,Tshirts,price_mid,1790,0.2693478525363112,0.483372563702374,14,2.0856152988683996,1351,Green,S,2
4002,Adidas,Clothing,Shirts,price_low,800,0.3524151915132028,0.07270787496454889,80,2.4290119919322786,3540,Blue,XXL,7
4003,Adidas,Footwear,Sports Shoes,price_mid,4930,0.42755163662507445,0.5378665018703322,99,2.7194407870844346,3558,Green,UK6,7
4004,Adidas,Footwear,Sneakers,price_low,1260,0.36811805058875813,0.3196891344089252,15,2.471552772964311,1558,Blue,UK10,2
4005,Adidas,Footwear,Sports Shoes,price_low,1240,0.028402232358872577,0.571652592898288,9,1.0545500472597338,610,Green,UK8,4
4006,Levis,Clothing,Dresses,price_low,390,0.13787063221706483,0.6100677120260369,49,1.5520480888660269,2619,Red,XL,3
4007,Libas,Clothing,Kurtis,price_high,4370,0.5427537762980701,0.9448891466282657,47,3.144656091540766,2004,Brown,S,5
4008,H&M,Footwear,Sports Shoes,price_mid,2240,0.6082545156210416,0.40333936301042805,71,3.4158926689871647,2379,White,UK12,4
4009,MAC,Cosmetics,Foundation,price_mid,1610,0.8481456950355662,0.7782675080117574,151,4.383150272648268,5000,Yellow,Medium,7
4010,Puma,Accessories,Watches,price_mid,1610,0.6948253363689493,0.6412262083065113,47,3.8005040162009243,1942,Yellow,Medium,7
4011,Nike,Footwear,Sports Shoes,price_mid,3900,0.5116942940851148,0.8104135790907085,81,3.037478302900402,3191,Red,UK4,6
4012,Nike,Footwear,Sports Shoes,price_low,1340,0.4561448940479573,0.6006014004329581,79,2.8168872476776867,2565,Red,UK4,1
4013,Zara,Accessories,Caps,price_mid,1520,0.5617544794044821,0.3556924026289311,22,3.2052263907219043,1778,Green,Medium,3
4014,Nike,Footwear,Sandals,price_mid,4480,0.23040520090523126,0.42535504326131335,0,,21,White,UK10,3
4015,Levis,Clothing,Kurtis,price_mid,2140,0.41242422629730013,0.1645904427614866,124,2.6630856553604554,4147,Purple,XXL,1
4016,Maybelline,Cosmetics,Sunscreen,price_mid,1180,0.4900807688198306,0.982219126120364,29,2.9439245231383007,2548,Pink,Small,4
4017,Adidas,Clothing,Tshirts,price_mid,1030,0.40349692628240463,0.19579661445062047,3,,338,White,M,4
4018,H&M,Footwear,Boots,price_low,930,0.29770227111624414,0.698214627606761,43,2.166332474582629,2122,Blue,UK6,7
4019,Levis,Clothing,Shirts,price_low,390,0.21751571610346696,0.10675722597220583,31,1.8852929633078361,1185,Yellow,XXL,4
4020,SwissBeauty,Cosmetics,Lipstick,price_high,3410,0.8713164275975843,0.3335990996986222,57,4.47333412670182,4921,Brown,Small,1
4021,Zara,Clothing,Jeans,price_low,460,0.2731643250678013,0.10342495500626392,20,2.1323668629268995,1227,Black,M,5
4022,Zara,Clothing,Shirts,price_low,540,0.19337412142644927,0.26080422612628507,25,1.8128438082301683,1779,Yellow,XL,7
4023,H&M,Accessories,Bags,price_mid,1350,0.5494293040304241,0.39466578830455834,32,3.22660075089549,1848,Black,Small,4
4024,Puma,Footwear,Boots,price_mid,3470,0.4538020480749226,0.24351370882252732,62,2.8017972169027963,2470,Purple,UK8,1
4025,MAC,Cosmetics,Moisturizer,price_mid,2000,0.7669559517151331,0.4813908331111302,89,4.0565142608042715,3080,Purple,Small,3
4026,Adidas,Clothing,Kurtis,price_mid,2150,0.3851324247035526,0.7373884059652196,38,2.562985535668047,2784,Red,XXL,3
4027,Maybelline,Cosmetics,Lipstick,price_low,260,0.23528023881501306,0.7560718458875186,1,,222,Green,Small,5
4028,Adidas,Clothing,Tshirts,price_mid,1380,0.4539238858848509,0.05926719895906385,49,2.8369079582446037,2453,Pink,XXL,2
4029,Libas,Clothing,Jeans,price_low,540,0.4659589339665429,0.8221378260447125,10,2.8187136927772514,484,Purple,XL,4
4030,Levis,Clothing,Tshirts,price_low,610,0.1766986425237801,0.35629390213667445,28,1.6888674300614397,928,Pink,L,5
4031,Zara,Clothing,Jeans,price_low,620,0.39818299363946247,0.023103761718703097,35,2.5881323499419397,1929,Red,XL,3
4032,Puma,Footwear,Sneakers,price_mid,3260,0.6769177941037594,0.6960118625484392,69,3.7152591570006495,5000,Brown,UK4,6
4033,Levis,Clothing,Tshirts,price_low,470,0.18814388804032087,0.14010468029102452,29,1.7432086754374656,1286,Purple,L,7
4034,Adidas,Footwear,Sports Shoes,price_mid,3200,0.15965916074909486,0.34947823781238085,71,1.6405959267894925,2763,Pink,UK6,3
4035,Levis,Clothing,Kurtis,price_mid,2040,0.7101351568200763,0.40137760864457583,5,3.771249925256246,0,Red,S,6
4036,Libas,Clothing,Jeans,price_high,4850,0.5508945683861287,0.2732252158334537,62,3.2038700716145367,4218,Brown,XXL,7
4037,Maybelline,Cosmetics,Lipstick,price_low,220,0.31502804626001474,0.6874247534226885,91,2.26038591118655,3434,White,Small,5
4038,Zara,Footwear,Sneakers,price_mid,2060,0.5094372763727357,0.5899861790320661,44,3.010116290756789,2603,Black,UK10,5
4039,Nike,Accessories,Belts,price_low,550,0.26978650211869076,0.29405749127066017,69,2.072433150440117,2400,Green,Large,1
4040,Nike,Footwear,Sports Shoes,price_low,1140,0.2957466930673173,0.9953280102719716,52,2.2017483381086724,2351,Yellow,UK4,2
4041,Puma,Accessories,Bags,price_mid,2160,0.5264956785168013,0.45242831405000494,62,3.1269143536246857,3218,Green,Large,3
4042,Zara,Accessories,Caps,price_high,8560,0.7901521626450866,0.36385995922330605,46,4.143501547717896,3519,Brown,Large,7
4043,Puma,Footwear,Sneakers,price_low,1270,0.3923903143443917,0.7740065268876843,32,2.5858121918153203,1762,Black,UK4,3
4044,Zara,Clothing,Kurtis,price_low,770,0.317964550414348,0.25247386431543006,10,2.254150148003269,999,Black,L,1
4045,MAC,Cosmetics,Lipstick,price_low,310,0.465050936376049,0.9685458194092036,43,2.8494735522523538,2992,Brown,Large,6
4046,Zara,Clothing,Shirts,price_mid,2150,0.3908993508518241,0.3691105265688257,27,2.541745554698608,1639,Blue,M,6
4047,Maybelline,Cosmetics,Lipstick,price_mid,1330,0.642808601435013,0.13503697530119108,56,3.595743811900036,4243,Brown,Small,4
4048,Libas,Clothing,Shirts,price_low,600,0.3383149281880591,0.8167521839977985,48,2.3645529671723557,3857,Red,XL,3
4049,MAC,Cosmetics,Foundation,price_mid,2000,0.6040656676163657,0.003401955938022949,24,3.3813582365595187,2075,Blue,Small,3
4050,Puma,Clothing,Shirts,price_low,570,0.31937717364164214,0.14337837559919897,5,2.243021744894953,182,Green,S,2
4051,Zara,Footwear,Flats,price_low,790,0.40324337198070065,0.008893792149718749,14,2.6263001590734603,964,Pink,UK6,7
4052,Adidas,Accessories,Bags,price_mid,1000,0.34755089172342346,0.40196312891405483,3,,0,Red,Large,3
4053,Adidas,Footwear,Sneakers,price_low,940,0.6106067622662675,0.07182093077374241,45,3.440933936258146,2527,Yellow,UK8,1
4054,MAC,Cosmetics,Moisturizer,price_mid,2000,0.6648550685237944,0.733303157858668,69,3.6533186692933164,4627,Black,Medium,2
4055,Nike,Footwear,Flats,price_low,1170,0.3073856027098461,0.7210010173137827,40,2.251219323808749,1902,Black,UK12,3
4056,Zara,Accessories,Belts,price_mid,2710,0.446943221593754,0.7623162968814634,44,2.8130700725623585,3046,White,Large,6
4057,Puma,Footwear,Sandals,price_high,9690,0.8536970417479384,0.6070970193339501,69,4.403972573368123,3026,Blue,UK6,4
4058,Adidas,Footwear,Sports Shoes,price_high,14490,0.8153172678589056,0.7502655899858401,59,4.246304649546501,2536,Brown,UK8,6
4059,SwissBeauty,Cosmetics,Lipstick,price_mid,760,0.17411403708606113,0.6491352202198811,27,1.6645151601239836,1681,Brown,Small,7
4060,Puma,Clothing,Shirts,price_high,6500,0.6370605693369843,0.2063932185940095,21,3.54800037851584,1756,White,XXL,1
4061,Adidas,Clothing,Dresses,price_mid,2020,0.3161212051861845,0.1894115969516753,24,2.290727085234611,969,Purple,S,5
4062,Libas,Clothing,Shirts,price_mid,1150,0.7143774100047942,0.42337467622140024,101,3.8457389671496673,4196,Blue,XXL,2
4063,H&M,Footwear,Sandals,price_mid,3910,0.5748674722054681,0.9550361200716153,13,3.2839959411795343,411,Purple,UK8,7
4064,Levis,Accessories,Watches,price_mid,1320,0.7098277946498744,0.4846872333144405,83,3.8284978996546295,3175,Blue,Medium,5
4065,MAC,Cosmetics,Foundation,price_mid,1560,0.6510655166602414,0.8460319055866441,77,3.6151848763850714,4413,Black,Medium,1
4066,Nike,Clothing,Tshirts,price_high,6850,0.7134151620208828,0.8097391139235461,86,3.856102998584928,2985,White,XXL,6
4067,Nike,Footwear,Boots,price_low,1290,0.47986884229733745,0.550262324460819,78,2.930680811261182,2905,Black,UK4,7
4068,MAC,Cosmetics,Sunscreen,price_low,210,0.43297368111259144,0.28909059638653556,39,2.7570345946320507,1405,White,Large,5
4069,Adidas,Footwear,Sports Shoes,price_mid,4990,0.26357786841881287,0.06429553804673438,3,,0,White,UK8,2
4070,H&M,Accessories,Watches,price_high,4200,0.9104135468758983,0.5333989129545078,6,4.595976130181295,144,Blue,Medium,5
4071,Zara,Accessories,Bags,price_low,470,0.44314127315134816,0.22603542708638535,3,,214,Red,Large,6
4072,Nike,Accessories,Bags,price_low,240,0.4181726842751641,0.6191209033877536,46,2.7010844055497154,3277,Green,Small,1
4073,H&M,Clothing,Kurtis,price_low,580,0.5405217929392985,0.48237582301551085,51,3.1782577618286796,2312,Pink,XL,3
4074,Puma,Footwear,Sandals,price_mid,4050,0.7337756301114122,0.8431166151884938,7,3.9421281340362273,201,Blue,UK6,2
4075,Adidas,Footwear,Flats,price_high,9320,0.7587444296862746,0.7846701728267911,84,4.042994107650735,4217,Green,UK12,4
4076,MAC,Cosmetics,Moisturizer,price_low,240,0.1447085890511719,0.5926588898209229,60,1.5694269783479724,1985,Yellow,Large,6
4077,Levis,Accessories,Watches,price_high,7080,0.6694601197596871,0.6408839008608278,38,3.68689329401475,2013,Black,Medium,3
4078,Puma,Footwear,Sneakers,price_mid,3840,0.29743489021060815,0.8301669178455262,0,,79,Pink,UK10,2
4079,Zara,Footwear,Flats,price_low,1400,0.26885395069345364,0.35947581364266445,49,2.0962903586871175,2189,Purple,UK4,3
4080,MAC,Cosmetics,Lipstick,price_mid,890,0.4952232262108665,0.8745035658902219,31,3.011446628535459,2394,White,Small,5
4081,Adidas,Footwear,Sneakers,price_mid,2720,0.15205309534173916,0.8788136622145999,113,1.6268993331372363,4259,Purple,UK12,6
4082,Puma,Footwear,Sneakers,price_low,1270,0.4903312607394885,0.6733296023355112,57,2.980236915061167,3532,Pink,UK4,1
4083,Adidas,Clothing,Tshirts,price_high,6950,0.7017757135415197,0.988983719954527,21,3.7701847525802763,1070,Purple,M,1
4084,Maybelline,Cosmetics,Sunscreen,price_mid,980,0.44874466212219505,0.6865755659866847,28,2.759208881279719,1585,Black,Large,3
4085,Libas,Clothing,Kurtis,price_low,310,0.304102474445938,0.09449096242215471,2,,290,Brown,M,2
4086,Nike,Clothing,Tshirts,price_mid,2090,0.748462474295527,0.582082497292036,48,4.017785241714464,2823,Pink,S,3
4087,Maybelline,Cosmetics,Moisturizer,price_low,260,0.1686725501144126,0.5980167455672266,18,1.6368383305386818,521,Red,Medium,4
4088,SwissBeauty,Cosmetics,Lipstick,price_low,280,0.3388197003275882,0.9977446587818191,53,2.3803623099474365,1961,Purple,Small,4
4089,MAC,Cosmetics,Lipstick,price_low,420,0.19086087202265425,0.028130755946579322,22,1.7400147063733273,1749,Brown,Medium,4
4090,Nike,Accessories,Watches,price_mid,1130,0.7754930192051467,0.29485277519464126,44,4.110638085579256,3688,Yellow,Medium,4
4091,Puma,Footwear,Sandals,price_mid,3300,0.6832187391298913,0.08545009418111815,15,3.7112895961275365,1241,Green,UK6,6
4092,Adidas,Footwear,Boots,price_mid,3890,0.17837959569773346,0.7923799282140255,43,1.6918584770032528,3312,Green,UK10,1
4093,Libas,Clothing,Dresses,price_mid,1930,0.505764991526714,0.9245228880949877,44,2.9959117917306206,3041,Blue,XL,7
4094,SwissBeauty,Cosmetics,Lipstick,price_high,2990,0.8383237827751986,0.9571005859473777,74,4.343325420359443,3802,Pink,Small,6
4095,Puma,Clothing,Kurtis,price_mid,2500,0.48903252023282817,0.8868362255793332,90,2.959991298724772,3448,White,M,1
4096,Levis,Accessories,Watches,price_high,8100,0.35284870376557376,0.841555505132523,92,2.397626778727252,4832,Blue,Large,1
4097,Maybelline,Cosmetics,Foundation,price_high,3390,0.7619014800854349,0.05350478397867564,37,4.05736127584338,2059,Red,Small,3
4098,Puma,Clothing,Dresses,price_low,550,0.3104216531909747,0.8829328485306827,34,2.268086401645016,2084,Red,XL,1
4099,Zara,Clothing,Tshirts,price_mid,1850,0.4381013976003481,0.5322578044359133,102,2.768190550165817,4937,Brown,S,4
4100,Zara,Clothing,Dresses,price_mid,1770,0.5479310557035678,0.9550184968008245,13,3.195944481301244,643,Red,S,1
4101,Adidas,Footwear,Flats,price_high,15000,0.8693107427108059,0.2907694865449356,7,4.417523271641849,279,Black,UK4,6
4102,H&M,Accessories,Caps,price_low,340,0.13601838779573666,0.12297220841903811,32,1.521239289308236,1290,Yellow,Medium,7
4103,MAC,Cosmetics,Moisturizer,price_high,3670,0.8415896070450108,0.12210463921337489,38,4.374967396249315,2756,White,Medium,3
4104,SwissBeauty,Cosmetics,Lipstick,price_high,3430,0.8514966895414525,0.12692950836438321,0,,211,Red,Large,4
4105,Levis,Accessories,Bags,price_low,290,0.05269811635480456,0.9205652960480252,30,1.1841427695082183,1834,Red,Small,5
4106,SwissBeauty,Cosmetics,Sunscreen,price_low,260,0.37289765431997357,0.613381617879927,11,2.4419642454594817,399,Black,Medium,3
4107,H&M,Clothing,Jeans,price_mid,1410,0.5813208634117587,0.7612498471545558,4,,318,Black,L,5
4108,MAC,Cosmetics,Lipstick,price_low,480,0.3545865255719138,0.10340016406870223,63,2.424507325866119,2252,Yellow,Medium,6
4109,Adidas,Clothing,Kurtis,price_mid,2270,0.6669534347438172,0.7897553759969735,46,3.63860676716458,3279,Red,XL,5
4110,Adidas,Footwear,Sandals,price_mid,4070,0.22441086718291395,0.6845005657479901,49,1.8861889659184543,1966,Black,UK4,1
4111,Adidas,Footwear,Sneakers,price_low,880,0.2332577409872592,0.6736798384987609,84,1.941244043580632,3126,Pink,UK8,4
4112,Libas,Clothing,Tshirts,price_mid,1380,0.47439633334894044,0.6543916749192796,51,2.9139329158547516,2466,White,M,4
4113,Maybelline,Cosmetics,Lipstick,price_mid,1270,0.6360883404930708,0.15623669949249375,37,3.5718593199255717,2759,Yellow,Small,6
4114,SwissBeauty,Cosmetics,Sunscreen,price_low,180,0.21964517982823853,0.004097042941769713,44,1.88448675154221,1346,White,Small,1
4115,Nike,Accessories,Watches,price_low,530,0.12972746612583624,0.4476885890116217,21,1.5014998749282888,2087,Purple,Small,5
4116,H&M,Clothing,Jeans,price_low,500,0.41486714244726275,0.483092627836024,0,,145,Brown,S,5
4117,H&M,Clothing,Shirts,price_mid,1480,0.17581915858027966,0.20548974529661568,6,1.7771709067266805,422,Green,L,1
4118,Adidas,Footwear,Sneakers,price_low,1040,0.5329203986773197,0.8124979189783175,109,3.113983519790134,5000,Black,UK6,6
4119,Adidas,Footwear,Flats,price_low,1500,0.09022823269703713,0.9968938807823303,57,1.3681346964311931,4877,Red,UK10,5
4120,MAC,Cosmetics,Lipstick,price_high,6880,0.9060302128312959,0.4603499392908146,72,4.633874248092251,2376,Green,Large,2
4121,SwissBeauty,Cosmetics,Lipstick,price_high,2640,0.7518218918942924,0.390174481913788,46,4.022646547649914,2901,Purple,Small,7
4122,SwissBeauty,Cosmetics,Foundation,price_low,270,0.2952462849886608,0.4289187872654675,25,2.1874098919303435,1066,White,Large,1
4123,Puma,Accessories,Bags,price_mid,2030,0.8543660996971897,0.7083922065389457,66,4.4393379078174195,2145,Yellow,Medium,6
4124,Adidas,Footwear,Flats,price_low,1410,0.47590387357424746,0.6762340657106882,56,2.8916167836224878,2138,Green,UK4,5
4125,Nike,Clothing,Jeans,price_high,5380,0.614565513637508,0.3696159247270444,4,,382,Blue,XXL,6
4126,Nike,Footwear,Sneakers,price_high,10870,0.8469783735156071,0.5665749992127834,58,4.394650492250877,2569,Purple,UK6,7
4127,Zara,Accessories,Bags,price_mid,1930,0.32302002763297566,0.6890871811537904,15,2.2476079850600175,586,Brown,Medium,4
4128,Zara,Footwear,Sandals,price_low,1260,0.22695811940717792,0.18213495976152605,33,1.9320433794105727,1554,Purple,UK10,2
4129,H&M,Clothing,Tshirts,price_high,5890,0.703397009446015,0.07144258266433823,95,3.8133384366052545,3996,Blue,M,3
4130,Levis,Clothing,Jeans,price_low,430,0.47088193300262365,0.10690473787025401,1,,133,Yellow,L,7
4131,MAC,Cosmetics,Lipstick,price_high,4830,0.8515364448013766,0.5252709450743013,102,4.407566540583577,4267,Pink,Large,6
4132,Puma,Accessories,Bags,price_mid,1530,0.541286461372795,0.856102080420608,135,3.181793950629174,5000,Brown,Medium,7
4133,H&M,Clothing,Dresses,price_high,4920,0.3782682511155304,0.9411294592033015,77,2.528485714924122,3478,Pink,M,5
4134,MAC,Cosmetics,Foundation,price_high,7000,0.7524246785972762,0.5618569618312743,74,4.026826770433802,4300,Brown,Small,4
4135,Nike,Footwear,Boots,price_low,1440,0.25427285680683714,0.7406033393285656,15,2.035407842605992,1161,Black,UK4,5
4136,Zara,Clothing,Jeans,price_mid,1760,0.6645077031145445,0.6245950179687524,29,3.6238359568321563,2479,White,XXL,3
4137,Levis,Clothing,Jeans,price_mid,1540,0.4713074715336392,0.003113479892479787,40,2.8719020247248097,1665,Pink,XL,6
4138,Maybelline,Cosmetics,Lipstick,price_mid,1030,0.3286869728641276,0.6711433548495722,5,2.2592359844233987,353,Black,Small,3
4139,MAC,Cosmetics,Lipstick,price_high,7000,0.6456334340245191,0.015255913253984454,42,3.5565381825558635,3362,Yellow,Medium,3
4140,Maybelline,Cosmetics,Lipstick,price_low,210,0.12018090195397581,0.7235430784606762,0,,44,Brown,Small,6
4141,Nike,Footwear,Sandals,price_low,1500,0.2345514065041861,0.057958914384037885,78,1.9423933144371301,3672,Brown,UK8,4
4142,Zara,Footwear,Flats,price_high,11590,0.44108924076134076,0.7363211091913783,62,2.7698931434464718,3169,Blue,UK8,4
4143,MAC,Cosmetics,Sunscreen,price_mid,1270,0.1267874271804762,0.7435050385692773,8,1.4485773578396224,351,Red,Medium,4
4144,Zara,Footwear,Sneakers,price_high,12780,0.33962980408648563,0.2131644171889916,51,2.355231817505101,2306,Blue,UK4,5
4145,MAC,Cosmetics,Foundation,price_low,240,0.19412320472690628,0.9630491255989867,48,1.7805391961394796,2058,Yellow,Small,5
4146,Puma,Clothing,Tshirts,price_low,620,0.20841340341226416,0.23036580896128744,40,1.8563603888699345,1843,Blue,XL,1
4147,MAC,Cosmetics,Moisturizer,price_mid,840,0.048652139766885504,0.09752262242697451,21,1.2380833788883974,1379,Green,Small,1
4148,Zara,Clothing,Jeans,price_low,420,0.03681492273290294,0.09650036238993531,0,,296,Pink,XL,6
4149,Adidas,Clothing,Jeans,price_high,5300,0.5700288055249959,0.3601857191255552,70,3.300847662903113,4119,Purple,S,7
4150,Puma,Footwear,Sneakers,price_mid,2070,0.29234766808345836,0.71650436439445,29,2.1633235073406145,1995,White,UK12,6
4151,Nike,Clothing,Shirts,price_low,800,0.1913582881834945,0.7282575669452996,34,1.7733427032169702,1599,White,XXL,7
4152,Maybelline,Cosmetics,Sunscreen,price_low,390,0.47185115160022045,0.3208213598368619,58,2.8736651192679656,4613,Brown,Small,5
4153,H&M,Footwear,Boots,price_mid,3870,0.6201541423378382,0.9375379229641745,24,3.5148646062027185,2648,Pink,UK8,4
4154,H&M,Clothing,Dresses,price_mid,1770,0.2987018791989483,0.7797908714372114,66,2.2083485938103213,3243,White,L,3
4155,Nike,Accessories,Bags,price_low,700,0.5670239247103385,0.36156293678420826,11,3.3049029950249693,455,Purple,Large,6
4156,Libas,Clothing,Dresses,price_low,540,0.2444484438696125,0.04850322840395016,25,2.0029995749442837,910,White,L,5
4157,Maybelline,Cosmetics,Lipstick,price_high,2500,0.8727291057264888,0.8842638824693476,89,4.508694938705674,5000,Blue,Medium,7
4158,H&M,Clothing,Jeans,price_low,470,0.11987660759778525,0.5709111472380228,84,1.4723660354707016,2862,Pink,XL,3
4159,Adidas,Clothing,Dresses,price_low,790,0.3376463951132094,0.03741008805109991,11,2.3303605079913234,866,Black,L,7
4160,Adidas,Footwear,Sports Shoes,price_mid,3410,0.5520313654558955,0.9677695299348938,16,3.1930286687241836,453,Purple,UK6,3
4161,Puma,Footwear,Flats,price_mid,2680,0.35098787242518387,0.2820214584195271,8,2.3806799455069965,949,Purple,UK10,4
4162,Zara,Clothing,Jeans,price_mid,2000,0.24288831693052523,0.7384791007572403,70,1.986235111227109,2784,Brown,S,2
4163,MAC,Cosmetics,Sunscreen,price_low,430,0.7087025285367778,0.37286563262252725,60,3.859646281553413,2954,Blue,Medium,5
4164,Nike,Clothing,Shirts,price_low,310,0.2864818334614094,0.8680181342227837,4,,109,Blue,XL,3
4165,Libas,Clothing,Shirts,price_high,4690,0.6215793364639242,0.7662407306629149,74,3.505903148126367,4064,Black,M,7
4166,SwissBeauty,Cosmetics,Moisturizer,price_mid,1240,0.39897457155137117,0.776893450491052,30,2.6253150786287436,2043,Yellow,Small,5
4167,Puma,Footwear,Sneakers,price_low,1030,0.32148748306157127,0.4132948257766347,1,,0,Pink,UK8,4
4168,Puma,Footwear,Flats,price_mid,3790,0.7749830108732471,0.7591063542665042,80,4.1063050193702795,5000,Pink,UK4,6
4169,Nike,Footwear,Flats,price_low,850,0.789348947460228,0.7990308090683931,29,4.165144228011006,2838,White,UK6,3
4170,Zara,Accessories,Bags,price_mid,2450,0.5327681415533441,0.8170207344758587,59,3.1289018978717786,4899,White,Large,6
4171,Levis,Clothing,Kurtis,price_low,690,0.8408614896612215,0.9714091087153001,14,4.376799830817006,1099,Pink,S,1
4172,Puma,Footwear,Sports Shoes,price_mid,3660,0.7371243741806625,0.8970405340580435,43,3.93687707418133,2703,Green,UK8,5
4173,SwissBeauty,Cosmetics,Foundation,price_low,330,0.1295647535145304,0.7519440445594857,68,1.5400421972903964,3650,White,Medium,7
4174,Levis,Clothing,Dresses,price_mid,1160,0.3682846644229896,0.24823145027597215,16,2.4644953068448094,1501,Purple,S,5
4175,Levis,Clothing,Tshirts,price_low,560,0.4005491386035837,0.446366930802252,13,2.5788388729864145,711,White,XL,4
4176,Maybelline,Cosmetics,Lipstick,price_mid,1120,0.6374201091965058,0.6013882770368946,58,3.572450553212963,3646,Green,Medium,7
4177,Libas,Clothing,Jeans,price_mid,1080,0.8185205512939694,0.4352284287264291,15,4.251039324703213,592,Red,XXL,7
4178,Adidas,Footwear,Sports Shoes,price_mid,2280,0.4758968604641733,0.3747679356166357,37,2.910685721329369,3545,Yellow,UK12,6
4179,SwissBeauty,Cosmetics,Foundation,price_mid,1200,0.4104611889393204,0.7850970286528228,44,2.621414898809587,2602,White,Small,3
4180,H&M,Clothing,Dresses,price_mid,2060,0.858994804745624,0.13476920104968038,133,4.4516583793002145,4574,Red,S,3
4181,Puma,Footwear,Sandals,price_low,1330,0.18193377185607576,0.6209102995095516,8,1.754864577565207,397,Brown,UK8,4
4182,MAC,Cosmetics,Foundation,price_mid,1550,0.3841789848453386,0.9497776248041809,54,2.556560388881308,3568,Brown,Medium,3
4183,Adidas,Clothing,Kurtis,price_mid,2500,0.42032833047600954,0.9395268019500075,2,,278,Yellow,M,7
4184,Adidas,Clothing,Tshirts,price_mid,2500,0.4985437560719128,0.026384666559747805,5,3.0105945604785926,0,Purple,M,7
4185,Libas,Clothing,Jeans,price_mid,1110,0.37273370263156796,0.6250275426117694,8,2.5411008272486555,184,Green,XL,4
4186,Adidas,Footwear,Flats,price_mid,5000,0.37431294711571617,0.555322532214736,13,2.4980369129661475,751,Green,UK10,7
4187,Nike,Footwear,Boots,price_mid,3990,0.5272040998466068,0.7879591333584581,75,3.114711674558081,3941,White,UK10,6
4188,Puma,Accessories,Bags,price_high,8770,0.7169428577308484,0.8238169387279158,12,3.8405919959584356,954,Yellow,Large,3
4189,Zara,Clothing,Jeans,price_low,390,0.4221488255463799,0.35488710719297956,30,2.707484398412039,2274,White,XXL,3
4190,Libas,Clothing,Shirts,price_low,690,0.4102696909008686,0.5864189722515365,19,2.6453195525856534,777,Black,XXL,3
4191,H&M,Clothing,Jeans,price_low,510,0.3279201044804429,0.34426847872193933,52,2.306618452384712,1741,Blue,L,4
4192,Adidas,Footwear,Sports Shoes,price_mid,3150,0.3960981313676285,0.4782488694033823,0,,0,Brown,UK4,2
4193,H&M,Clothing,Shirts,price_mid,910,0.34406801725499675,0.20850028803156195,46,2.3563913265478975,2915,Pink,M,2
4194,Maybelline,Cosmetics,Sunscreen,price_low,310,0.12361845435999619,0.6235177910432714,11,1.4816566407640892,906,Red,Small,6
4195,Adidas,Footwear,Sports Shoes,price_mid,2820,0.14432151765815784,0.6448613903989293,24,1.592291109049174,1283,Pink,UK10,3
4196,Nike,Clothing,Tshirts,price_low,590,0.5126799404443056,0.5995529510504005,47,3.0303130957009934,2119,Black,L,5
4197,Zara,Clothing,Jeans,price_low,440,0.17033018042530285,0.230488252363223,5,1.7537621028947732,168,Red,L,5
4198,Levis,Accessories,Caps,price_mid,1670,0.3328379687191931,0.21684277485279901,6,2.2820957047385337,497,Pink,Small,5
4199,SwissBeauty,Cosmetics,Foundation,price_high,3910,0.8744686219452006,0.9974658585115679,80,4.5153540613185195,3826,Brown,Large,3
4200,Puma,Footwear,Sports Shoes,price_low,1130,0.25339082147781083,0.7779832730032773,33,2.020079070806049,1809,Yellow,UK4,7
4201,Puma,Accessories,Watches,price_mid,2290,0.5767868098213546,0.0793211385268231,78,3.3061459681291727,3104,Yellow,Small,4
4202,Nike,Clothing,Dresses,price_low,440,0.5262025645671582,0.44351428462109865,3,,153,Pink,L,6
4203,Maybelline,Cosmetics,Moisturizer,price_low,370,0.26792132134148344,0.7186962102455423,72,2.0841154622422566,4433,White,Large,2
4204,SwissBeauty,Cosmetics,Moisturizer,price_mid,1200,0.7759847931948494,0.07925816477340974,30,4.067904550102263,2467,Brown,Medium,4
4205,Libas,Clothing,Shirts,price_mid,1390,0.5975697084632525,0.6165765157600123,39,3.410945949971685,2000,Red,XL,4
4206,SwissBeauty,Cosmetics,Lipstick,price_low,240,0.2759406072321369,0.7943774713642778,31,2.072069743212366,1663,Pink,Small,6
4207,Adidas,Clothing,Kurtis,price_low,310,0.4445117406018131,0.02018771517181772,16,2.755220402539857,936,Red,XL,7
4208,Nike,Clothing,Jeans,price_mid,1680,0.5520465395418552,0.688476363185747,51,3.214202590392106,1870,Green,XL,3
4209,Zara,Footwear,Sports Shoes,price_low,1360,0.32265493264989303,0.3178501578417733,32,2.3020070048514203,1419,Yellow,UK8,2
4210,Zara,Accessories,Bags,price_low,430,0.19622309950398925,0.30214286125733336,53,1.7887577062223776,2767,Yellow,Small,7
4211,Nike,Clothing,Tshirts,price_mid,1330,0.7759562958527099,0.6640812582750217,66,4.123941979632831,4195,Yellow,S,4
4212,Zara,Footwear,Flats,price_high,6420,0.9147029634694667,0.9437199466202698,90,4.658254897700962,4349,White,UK6,4
4213,H&M,Clothing,Jeans,price_mid,1000,0.3937227618180815,0.8414595640126121,7,2.565107024924328,364,Blue,L,5
4214,Puma,Clothing,Kurtis,price_high,6150,0.6092504212854333,0.15806323974832293,69,3.4522660273654346,3186,Pink,S,1
4215,Nike,Footwear,Sports Shoes,price_low,1330,0.6192086109155507,0.4263560915480442,17,3.4523793985283513,588,Green,UK8,7
4216,Zara,Clothing,Shirts,price_mid,1200,0.3474117652805386,0.27674703172349124,5,2.3553545781293495,399,Blue,XXL,6
4217,Levis,Accessories,Bags,price_low,260,0.10226475794058028,0.894185023872784,30,1.4265265817907344,1920,Blue,Large,1
4218,Puma,Footwear,Boots,price_high,14310,0.9249163664107989,0.6271379769328572,52,4.686113314278385,2674,Green,UK10,4
4219,Nike,Footwear,Flats,price_high,14170,0.3901922727814772,0.9811684322103448,10,2.505636140096048,751,White,UK12,4
4220,H&M,Footwear,Sports Shoes,price_mid,3970,0.7720367614863878,0.3760239791100406,7,4.156873821202687,520,Purple,UK4,7
4221,Puma,Clothing,Shirts,price_low,330,0.5845156087358049,0.5906629180664372,31,3.3078198603532334,2413,Brown,XL,7
4222,H&M,Clothing,Jeans,price_high,6320,0.8001398008070265,0.7387300917373805,0,,262,White,S,7
4223,Levis,Clothing,Kurtis,price_low,330,0.5313858275938764,0.9645095807041121,7,3.1885565023885603,750,Blue,XXL,4
4224,SwissBeauty,Cosmetics,Foundation,price_mid,970,0.3612860768141507,0.4014934934072535,46,2.435257795729533,2993,Black,Medium,1
4225,H&M,Clothing,Tshirts,price_low,710,0.5058811785298859,0.7465992878183639,63,3.039124996790625,4812,Pink,M,6
4226,H&M,Footwear,Sneakers,price_mid,3460,0.43348380995948654,0.8480490151317948,6,2.7182643806730513,180,Blue,UK6,4
4227,Maybelline,Cosmetics,Sunscreen,price_high,3630,0.9188605706675343,0.252066439969585,10,4.682067203898814,801,White,Small,3
4228,Nike,Clothing,Kurtis,price_mid,1450,0.5466297973514048,0.1498676156557912,11,3.2014525023955054,576,Red,XL,4
4229,MAC,Cosmetics,Moisturizer,price_low,380,0.25851518276456664,0.9016738106658976,7,1.9763533301929601,130,Purple,Large,4
4230,Zara,Clothing,Jeans,price_mid,1870,0.4962073502565233,0.4111163671106002,16,2.9805721990096488,1228,Red,L,3
4231,Libas,Clothing,Tshirts,price_low,550,0.47824712400548625,0.43241959075557024,16,2.893068246877202,533,White,L,7
4232,Zara,Accessories,Watches,price_low,660,0.42107917486430047,0.9125895386431525,47,2.6623406890830243,3397,Green,Large,3
4233,Adidas,Accessories,Watches,price_mid,2120,0.5508554405895072,0.4831928348706561,15,3.2344786608246903,312,Black,Medium,4
4234,Nike,Clothing,Kurtis,price_mid,1570,0.6173975157513562,0.7597232701819874,73,3.485122257909137,3030,Blue,L,2
4235,Levis,Clothing,Kurtis,price_low,410,0.22171484335780237,0.9520546211056833,16,1.9320035959056596,658,White,XXL,2
4236,Zara,Clothing,Jeans,price_high,7130,0.9434728693603983,0.05438501309832344,4,,0,Blue,M,6
4237,MAC,Cosmetics,Moisturizer,price_low,310,0.2854615778030361,0.46532416811622734,65,2.1580765474547348,2915,Black,Large,6
4238,SwissBeauty,Cosmetics,Moisturizer,price_low,250,0.4007852699858777,0.16517198340775108,64,2.5837360809083143,2434,Green,Small,5
4239,Nike,Clothing,Tshirts,price_mid,1240,0.4189186362594068,0.357676174423763,19,2.639885778685868,2110,Red,S,7
4240,Adidas,Footwear,Sandals,price_mid,3670,0.835043255696597,0.24095775528012942,45,4.332968169603035,2505,Purple,UK8,5
4241,Zara,Footwear,Sneakers,price_low,1110,0.18961366296014132,0.3787847887968797,6,1.7353167199749238,20,Black,UK6,5
4242,H&M,Footwear,Sports Shoes,price_high,12390,0.8144982350621046,0.7462102561657303,15,4.21315281427722,846,Red,UK6,7
4243,Zara,Footwear,Sports Shoes,price_mid,4980,0.6619313196142185,0.8093847636924179,67,3.6590428637137764,5000,Green,UK8,7
4244,Nike,Clothing,Jeans,price_high,3650,0.4142810784176858,0.6144443919377918,10,2.648826015927579,483,White,XXL,7
4245,Zara,Accessories,Belts,price_high,11080,0.7939224851120646,0.49801773511889047,52,4.197628910110977,2012,Brown,Small,6
4246,Levis,Accessories,Caps,price_high,9000,0.6915110540758715,0.4370176150613272,126,3.749149650229687,4381,Pink,Large,3
4247,Levis,Accessories,Bags,price_mid,2520,0.6272198113602612,0.5635652857380989,104,3.5263981369426394,5000,Red,Medium,4
4248,H&M,Clothing,Shirts,price_mid,1490,0.9194839995380893,0.7089202965325266,9,4.643500638218361,499,White,S,4
4249,Zara,Clothing,Kurtis,price_mid,2030,0.6572552618384385,0.005314791833072596,17,3.5927383166085254,527,Red,L,6
4250,Nike,Footwear,Sports Shoes,price_low,1190,0.3084485823489672,0.5297677485417565,20,2.2783688251664636,1118,White,UK10,3
4251,Zara,Footwear,Sneakers,price_high,7530,0.5998613869616567,0.9211322712196207,76,3.397752609515322,4143,Blue,UK12,5
4252,Adidas,Accessories,Watches,price_low,390,0.049954539651513905,0.5421159230764412,64,1.2187831613040068,3065,Brown,Medium,2
4253,Nike,Footwear,Sneakers,price_low,1080,0.18083665839066446,0.0026686373681741316,0,,184,Purple,UK6,2
4254,Levis,Clothing,Dresses,price_low,480,0.4555103340924776,0.36979404016110706,32,2.8077057543796444,1854,Yellow,L,2
4255,Nike,Clothing,Kurtis,price_mid,1950,0.47893895201073394,0.7607692851148226,139,2.917233922269297,5000,Red,L,1
4256,Zara,Clothing,Kurtis,price_low,590,0.41781923476755617,0.26723323082769845,6,2.694099946032695,213,Purple,S,7
4257,Puma,Clothing,Dresses,price_high,2990,0.83928480877749,0.2582912566658131,74,4.341345525494997,4072,Pink,L,1
4258,Levis,Clothing,Dresses,price_low,670,0.24672077392602715,0.15402480567113985,34,2.0045086522190063,1250,Green,XL,5
4259,Zara,Footwear,Sports Shoes,price_low,1130,0.19893856592349973,0.6117518037785948,11,1.7814427416024847,397,Green,UK8,2
4260,Zara,Accessories,Watches,price_low,460,0.18300309375427315,0.4114676848888289,30,1.7300106155343877,1066,Blue,Small,3
4261,SwissBeauty,Cosmetics,Lipstick,price_low,290,0.6573640651229267,0.615649976481114,49,3.634759263845415,2515,Purple,Large,7
4262,Adidas,Clothing,Shirts,price_mid,2480,0.656302086588531,0.4306792564502385,97,3.613552997691752,3673,Black,L,6
4263,MAC,Cosmetics,Foundation,price_mid,1370,0.5426368154825355,0.9690514772845849,73,3.1880202454921345,3671,Pink,Medium,4
4264,Nike,Footwear,Sneakers,price_mid,3480,0.5960853082594298,0.10886290606965743,38,3.3519795105404957,1893,Yellow,UK4,5
4265,Adidas,Footwear,Sports Shoes,price_mid,3220,0.20404670259783808,0.9757309606208541,94,1.8195039275109988,5000,Green,UK6,1
4266,H&M,Clothing,Tshirts,price_mid,1740,0.696937789632096,0.5251537235927202,39,3.7567564143432373,3033,Blue,XXL,4
4267,Puma,Clothing,Tshirts,price_mid,1980,0.7191131069472719,0.49565921735878793,84,3.8634379446230454,3815,Red,L,2
4268,Maybelline,Cosmetics,Foundation,price_low,260,0.27951221534026366,0.4673020544655959,25,2.145030988560248,1702,Green,Medium,1
4269,Maybelline,Cosmetics,Foundation,price_mid,1010,0.8087315776363574,0.4266205370615217,63,4.219275497599516,2355,Red,Medium,2
4270,H&M,Accessories,Watches,price_mid,2120,0.2986631357837411,0.9761013311229332,31,2.2014627071789548,2310,Yellow,Small,5
4271,Nike,Footwear,Flats,price_mid,3020,0.4565679863356188,0.4641414918004362,10,2.879918949099068,1498,White,UK8,1
4272,Zara,Footwear,Sneakers,price_low,1150,0.47655155401590016,0.6253304993827868,11,2.849059943378195,482,Black,UK6,4
4273,Zara,Footwear,Sandals,price_mid,4070,0.9054828022544115,0.8793594421715895,45,4.619056727599773,3071,Black,UK4,1
4274,Zara,Footwear,Sports Shoes,price_mid,4140,0.365606046290974,0.5235795904941527,44,2.4542819268729006,2203,Green,UK10,5
4275,H&M,Clothing,Tshirts,price_low,530,0.2535951349064453,0.3774327212760251,8,2.0730145211431936,429,Red,XL,5
4276,Maybelline,Cosmetics,Moisturizer,price_low,210,0.4032792310091442,0.6658263475533303,43,2.6359733638815612,1877,White,Large,4
4277,Puma,Clothing,Jeans,price_mid,1560,0.5824122366549658,0.7248805389134927,86,3.3441397691465506,2731,Purple,L,3
4278,Levis,Accessories,Watches,price_low,590,0.20094084495250078,0.9454998543242084,6,1.8765302777570176,277,Brown,Small,2
4279,Zara,Clothing,Shirts,price_low,650,0.15297415487734783,0.9159860740321095,80,1.629094052268123,2894,Black,S,2
4280,Nike,Clothing,Dresses,price_mid,1900,0.6851812498292054,0.4224974941290496,65,3.7466980530755833,2669,Pink,S,3
4281,Zara,Accessories,Watches,price_mid,1840,0.5704280573575798,0.6403452681325119,33,3.3042607330212768,2301,Brown,Small,7
4282,Maybelline,Cosmetics,Lipstick,price_high,4530,0.7872302614420569,0.7060387203243869,1,,318,White,Small,2
4283,H&M,Footwear,Sports Shoes,price_mid,2690,0.08616361692751726,0.8953340730093092,2,,294,Purple,UK10,5
4284,Nike,Accessories,Caps,price_mid,2560,0.5910537435615463,0.2837053225826385,5,3.4330410706292622,414,Blue,Medium,6
4285,Zara,Clothing,Shirts,price_mid,1650,0.4146699076850868,0.7226071301999031,45,2.6869842909899626,1828,Blue,XL,5
4286,Adidas,Clothing,Kurtis,price_low,770,0.31624131748642054,0.47759270972387813,23,2.26037161043407,1880,Red,XXL,3
4287,SwissBeauty,Cosmetics,Foundation,price_low,310,0.11358163646023585,0.2530666135019016,22,1.490692734833211,714,Blue,Medium,4
4288,Puma,Footwear,Sports Shoes,price_low,1170,0.16137943674384453,0.48577896141259347,30,1.6409367670104542,3063,Black,UK8,6
4289,Zara,Clothing,Kurtis,price_low,480,0.5239464531504063,0.5622165336329368,0,,145,White,M,5
4290,Levis,Clothing,Dresses,price_low,800,0.2831374839019546,0.4200235193385111,52,2.116222230255028,2038,Red,XL,6
4291,Adidas,Clothing,Kurtis,price_low,610,0.3460017181982976,0.4382930153404898,26,2.366935749361687,2691,Yellow,XXL,4
4292,Maybelline,Cosmetics,Sunscreen,price_mid,1300,0.7043180042276732,0.8343161160975037,73,3.8307966986386925,2867,Brown,Medium,2
4293,Levis,Clothing,Shirts,price_mid,2080,0.3085625504529272,0.18671597214785574,31,2.219411341023188,1368,Black,S,1
4294,Libas,Clothing,Jeans,price_mid,970,0.19364954817823773,0.9139156737339218,49,1.7758120333387095,1804,Blue,L,7
4295,MAC,Cosmetics,Lipstick,price_low,340,0.362412095019141,0.6475271165280692,15,2.4027520239337106,423,Blue,Small,7
4296,H&M,Footwear,Flats,price_mid,1870,0.3874154890128438,0.7993767293836143,47,2.548451285737011,2389,Red,UK12,7
4297,Nike,Clothing,Tshirts,price_low,750,0.19387000902707974,0.5928780203536598,7,1.8482454699008921,377,Purple,L,6
4298,Nike,Clothing,Jeans,price_mid,1710,0.2987265614314877,0.4001380438379425,55,2.2138334682114413,3238,White,L,7
4299,Maybelline,Cosmetics,Sunscreen,price_low,280,0.6068924724451848,0.18089794234443024,70,3.4479610514407955,4066,Purple,Large,6
4300,Adidas,Footwear,Flats,price_mid,4760,0.22238866763265358,0.056498829268476936,4,,315,Yellow,UK6,1
4301,Puma,Footwear,Flats,price_high,11400,0.8765225848158857,0.10598757897204902,12,4.528342973312626,570,Red,UK12,6
4302,SwissBeauty,Cosmetics,Lipstick,price_low,220,0.305345226544753,0.2133990129004837,67,2.2195425033474,2468,Red,Large,2
4303,Zara,Footwear,Sports Shoes,price_low,1500,0.3973236512796968,0.9939479412177732,97,2.5992962062284253,4159,Pink,UK6,3
4304,Maybelline,Cosmetics,Moisturizer,price_mid,760,0.46155153653871883,0.43105578924495114,118,2.8286203570895414,4184,Purple,Small,7
4305,Puma,Clothing,Jeans,price_mid,2240,0.7297473647755347,0.07953191609452448,61,3.9036752717015677,4957,Red,M,5
4306,Adidas,Footwear,Sports Shoes,price_mid,5000,0.4932480692248654,0.9539216574239305,105,2.971270483258755,5000,White,UK8,3
4307,Zara,Footwear,Sports Shoes,price_low,1500,0.4984444440650961,0.1872948710570811,0,,0,Blue,UK8,3
4308,H&M,Clothing,Jeans,price_mid,2050,0.3789150126501005,0.7627002539367519,37,2.513839943888146,2118,Blue,XL,3
4309,MAC,Cosmetics,Moisturizer,price_mid,2000,0.34410808975113305,0.6030954417552852,40,2.349566279647707,2290,Pink,Medium,6
4310,MAC,Cosmetics,Moisturizer,price_high,5930,0.8417356102346081,0.3090825330097299,57,4.386694195575445,2586,Brown,Medium,4
4311,SwissBeauty,Cosmetics,Sunscreen,price_low,360,0.15422978216466784,0.8980455880794517,94,1.6044901607447564,3780,Green,Medium,6
4312,Puma,Footwear,Sports Shoes,price_mid,2710,0.3896121168984188,0.8678521870763128,3,,147,Brown,UK6,6
4313,MAC,Cosmetics,Sunscreen,price_mid,1690,0.5478706093317626,0.7922373984687437,30,3.1970638325654894,3009,Red,Small,5
4314,Adidas,Footwear,Sports Shoes,price_low,1200,0.35830868669583854,0.5789401275658496,28,2.399658251827477,1819,Black,UK8,2
4315,Libas,Clothing,Shirts,price_mid,2030,0.2559368787500424,0.46983381338127417,78,2.030580201228751,3424,Green,L,5
4316,Nike,Footwear,Sandals,price_mid,4060,0.6504198459780322,0.08859376133725538,5,3.6465740774304556,330,Brown,UK8,2
4317,Zara,Clothing,Dresses,price_low,400,0.18986510140473717,0.1473869755409679,45,1.769513357776707,1747,Pink,M,3
4318,H&M,Clothing,Jeans,price_low,570,0.47418048352608694,0.41440397391705897,121,2.896516598662209,4127,Blue,M,5
4319,Levis,Clothing,Tshirts,price_high,5900,0.4823441116648498,0.7834182877527337,85,2.9451681966743943,3040,Purple,XXL,1
4320,MAC,Cosmetics,Moisturizer,price_mid,1150,0.12993285692462994,0.16353805417809075,22,1.5516863698860492,1683,Blue,Small,4
4321,Puma,Clothing,Dresses,price_mid,1630,0.4596764704276286,0.2625758407128397,46,2.8497847528286697,2106,Brown,XXL,5
4322,Libas,Clothing,Dresses,price_low,270,0.3567518388527747,0.8557338865716702,3,,237,Purple,S,6
4323,Nike,Footwear,Sandals,price_low,1140,0.44524179668839003,0.9316749070239861,92,2.7973944077882913,3509,Yellow,UK6,4
4324,Puma,Clothing,Dresses,price_mid,1840,0.6261524717665096,0.25533433808915995,15,3.4863988152736742,526,White,XXL,5
4325,Zara,Accessories,Caps,price_mid,2940,0.49224640682914256,0.49875762682133884,9,2.976759429547225,192,Green,Large,6
4326,Levis,Clothing,Shirts,price_mid,1700,0.6577514836829109,0.8055385880830622,10,3.655543143024684,533,Pink,L,3
4327,Zara,Clothing,Kurtis,price_mid,1580,0.7909354934070959,0.5069417723602091,39,4.156488437302984,3249,Green,XXL,2
4328,Nike,Footwear,Sandals,price_low,1420,0.441146124903591,0.35190241861835003,59,2.7642696233212707,2224,Purple,UK6,4
4329,H&M,Accessories,Caps,price_mid,2730,0.6444185299569392,0.9577417157505334,140,3.5871466949850395,5000,Purple,Large,2
4330,Puma,Clothing,Dresses,price_mid,2430,0.37952755808274125,0.2277201419415541,46,2.534735521787993,2753,Yellow,L,7
4331,Zara,Footwear,Flats,price_mid,3580,0.5143332913188101,0.09476804628499136,83,3.065368266975811,3313,Purple,UK4,2
4332,Nike,Clothing,Tshirts,price_low,600,0.14510481374663245,0.4241506256736225,9,1.6295569889552493,370,Purple,XXL,6
4333,Levis,Accessories,Watches,price_mid,1830,0.6413689507210492,0.6364995325001811,6,3.6132163119771348,403,Yellow,Large,6
4334,Levis,Clothing,Shirts,price_low,620,0.40083340393849237,0.3309057347501754,35,2.574410951129614,1374,White,XL,5
4335,H&M,Clothing,Jeans,price_mid,1900,0.2516038308106642,0.16776484034148953,37,2.0214891933098067,2076,White,L,6
4336,Maybelline,Cosmetics,Lipstick,price_low,260,0.4596942050380724,0.6110217010656681,10,2.797435345687424,545,Blue,Small,6
4337,Puma,Accessories,Bags,price_mid,2090,0.1686793408106284,0.13399772241148944,7,1.6239777599918037,155,White,Medium,4
4338,Adidas,Footwear,Sports Shoes,price_mid,3290,0.47914877346201606,0.6087075268302523,6,2.882381021321018,154,Blue,UK12,6
4339,Adidas,Footwear,Sports Shoes,price_mid,5000,0.8101594753531772,0.7597510722493163,98,4.237399773629961,3700,Green,UK8,6
4340,Adidas,Clothing,Dresses,price_high,7120,0.6172853000172575,0.1411068943658167,74,3.484588012826539,3723,Blue,L,4
4341,Puma,Accessories,Caps,price_mid,900,0.18881492826451585,0.44469852044278446,35,1.7748949339546598,1515,Blue,Large,2
4342,Levis,Clothing,Tshirts,price_low,420,0.1545589993058154,0.6530303100589901,22,1.5976630054268834,1885,Green,S,4
4343,Nike,Footwear,Sports Shoes,price_mid,3710,0.13714492142613077,0.9512644850598619,10,1.5189641647994634,233,Black,UK10,6
4344,Puma,Footwear,Sneakers,price_low,1000,0.19576255870404044,0.7163802330964603,27,1.7801857459772106,1302,Red,UK4,1
4345,H&M,Accessories,Watches,price_mid,2000,0.8040757401770318,0.4614379135529847,61,4.235103716475574,3469,Black,Medium,6
4346,Nike,Footwear,Sneakers,price_mid,3860,0.5827427862225861,0.30086052480033854,60,3.320135548675191,4142,Purple,UK4,4
4347,Adidas,Footwear,Flats,price_mid,2960,0.4894445849377971,0.24366279732074891,13,2.9125143162411975,604,Pink,UK10,7
4348,MAC,Cosmetics,Moisturizer,price_mid,2000,0.31452958500263384,0.8378572396761003,55,2.2550300402005816,4833,Purple,Small,7
4349,Maybelline,Cosmetics,Sunscreen,price_mid,940,0.5940678844073969,0.7760293995976276,14,3.3866506855977203,957,Green,Large,5
4350,Libas,Clothing,Jeans,price_mid,1810,0.5901846577154849,0.14893286361382363,38,3.3841317785498597,1285,Black,S,3
4351,H&M,Accessories,Belts,price_low,380,0.3478669635572363,0.3973076090507258,19,2.419179369727422,848,Black,Medium,1
4352,Nike,Clothing,Tshirts,price_mid,2420,0.08614498370424375,0.6397854153429468,10,1.2987026527355312,372,White,XXL,4
4353,MAC,Cosmetics,Moisturizer,price_low,360,0.15208878468624487,0.5677145714319202,90,1.614966234380798,3135,Red,Large,4
4354,Libas,Clothing,Tshirts,price_low,480,0.26344661397901786,0.9301580228751287,87,2.0688399641781356,4388,Brown,XL,5
4355,Adidas,Footwear,Sports Shoes,price_mid,3920,0.3818158388817408,0.5047448139870959,23,2.5663583428522108,1922,Yellow,UK10,3
4356,Zara,Footwear,Sandals,price_mid,3590,0.523343121713891,0.17696678971492918,30,3.0741974766525244,2351,Brown,UK6,6
4357,Zara,Clothing,Dresses,price_mid,1840,0.7884604976025082,0.8993817517493163,53,4.147115894181062,3413,Purple,XXL,3
4358,H&M,Clothing,Tshirts,price_mid,2100,0.4170735722815804,0.38464435526972773,111,2.6750812515710654,4848,Blue,S,7
4359,Libas,Clothing,Kurtis,price_high,4090,0.8624745457566576,0.5357015442802059,135,4.463154386465907,4930,Green,L,7
4360,MAC,Cosmetics,Moisturizer,price_mid,1900,0.5793731865077624,0.8130979248808363,132,3.324847610323118,5000,White,Small,4
4361,MAC,Cosmetics,Lipstick,price_mid,1730,0.5298471227193787,0.7826195300863373,83,3.0982395126430218,3232,Purple,Large,4
4362,Puma,Footwear,Sports Shoes,price_mid,2590,0.673119712343606,0.6536615999764093,1,,48,Purple,UK4,5
4363,SwissBeauty,Cosmetics,Foundation,price_mid,500,0.6928220195574314,0.2757682495020646,89,3.7707804581697997,4348,Red,Medium,4
4364,MAC,Cosmetics,Lipstick,price_mid,1750,0.31794578305952115,0.5463310037919145,8,2.286089226598325,130,Yellow,Large,3
4365,H&M,Accessories,Watches,price_low,530,0.36674894681216197,0.6259736118989419,0,,177,Green,Medium,7
4366,Maybelline,Cosmetics,Lipstick,price_mid,1630,0.7017071127316296,0.9572145616870849,45,3.80375248444928,3768,Black,Large,1
4367,Zara,Accessories,Bags,price_low,660,0.1353853202184204,0.42664093428169825,15,1.5197215795680559,390,Blue,Small,4
4368,Maybelline,Cosmetics,Sunscreen,price_low,380,0.2929557868737655,0.40922821975183543,50,2.1515210399805578,3066,Red,Large,1
4369,Libas,Clothing,Dresses,price_mid,1290,0.2904068080709573,0.6783418879780856,0,,278,White,XL,6
4370,SwissBeauty,Cosmetics,Foundation,price_mid,800,0.5246425623794707,0.006762676190449235,50,3.072230139085732,1858,Yellow,Small,3
4371,H&M,Clothing,Dresses,price_low,430,0.22231732983757949,0.5583859950964253,32,1.864331821695831,2383,Green,L,5
4372,Zara,Clothing,Shirts,price_mid,1360,0.6082366549013366,0.27048073403385253,63,3.450101875277908,5000,Purple,XXL,2
4373,Libas,Clothing,Jeans,price_low,220,0.39107651880520805,0.8608791519791047,47,2.591517795329626,2837,Yellow,M,3
4374,Zara,Accessories,Belts,price_mid,2520,0.49627920462667685,0.6973583829387363,78,2.9773235195228556,2937,Brown,Medium,5
4375,Levis,Clothing,Shirts,price_low,590,0.14238131214168903,0.7435370114476253,12,1.616922976327447,730,Pink,M,6
4376,Levis,Clothing,Tshirts,price_low,600,0.26599356549363623,0.117189102774225,27,2.0275079316605744,1004,Purple,XL,4
4377,Adidas,Footwear,Sandals,price_low,1500,0.07316790108700426,0.2107210578215445,7,1.3046683155889855,340,Purple,UK8,7
4378,Puma,Accessories,Belts,price_mid,980,0.563711997845244,0.7580944017746161,64,3.244090112861611,3041,Yellow,Small,4
4379,Puma,Clothing,Shirts,price_mid,2050,0.226729819759506,0.14720726220876001,22,1.9342469170495518,1073,Green,S,6
4380,Libas,Clothing,Kurtis,price_mid,1880,0.4118749000970088,0.325896016829761,0,,0,Brown,S,4
4381,Adidas,Clothing,Tshirts,price_mid,1690,0.8189696612143522,0.6907837787694926,8,4.336112558603376,463,Brown,S,3
4382,MAC,Cosmetics,Sunscreen,price_low,490,0.11908449293975439,0.5410539221706687,4,,160,Green,Medium,6
4383,Libas,Clothing,Tshirts,price_low,520,0.8542715653842179,0.45180735754443746,76,4.430334937845173,4843,Green,L,7
4384,Puma,Footwear,Sneakers,price_low,740,0.2889899873656792,0.35206020279595285,12,2.1520180269626716,1244,Green,UK10,2
4385,SwissBeauty,Cosmetics,Moisturizer,price_high,5040,0.8931639288447869,0.37327557689837876,8,4.611328783194191,485,Blue,Medium,2
4386,Zara,Accessories,Watches,price_low,590,0.018168618743649764,0.8355447970385904,0,,59,Pink,Medium,4
4387,Zara,Accessories,Belts,price_mid,2420,0.20514987563488843,0.42142964312094433,80,1.8219277149847408,2684,Blue,Small,4
4388,H&M,Accessories,Watches,price_mid,2280,0.473299712392239,0.6902948615781364,62,2.87985748572763,3749,Yellow,Large,2
4389,Adidas,Footwear,Sandals,price_low,960,0.12397237860177539,0.15003523718354728,74,1.4821746780565277,2407,Yellow,UK12,4
4390,MAC,Cosmetics,Moisturizer,price_low,280,0.06498325870983086,0.64515818273068,53,1.2569795367329595,2707,Black,Medium,7
4391,Nike,Clothing,Jeans,price_high,4840,0.4265392494476802,0.1690322395651923,56,2.6989238438304137,2182,Yellow,L,7
4392,Nike,Footwear,Sports Shoes,price_high,12550,0.5176337228661312,0.6872182543113661,4,,244,Yellow,UK12,1
4393,Adidas,Footwear,Flats,price_low,1500,0.37287309891994963,0.43252277799175065,3,,394,Yellow,UK12,5
4394,Nike,Clothing,Dresses,price_mid,2010,0.6405152837613082,0.5186995321545139,31,3.5506477045486684,1884,Green,S,4
4395,Levis,Clothing,Dresses,price_low,480,0.43195693982674155,0.18554111931282014,43,2.741815043811841,1706,White,S,7
4396,Libas,Clothing,Tshirts,price_low,410,0.5126774931483432,0.33305491992340486,39,3.059928951407115,3044,Black,M,3
4397,Adidas,Footwear,Sports Shoes,price_low,920,0.6300175755177706,0.31910383081519067,98,3.533857106369402,4681,Brown,UK12,5
4398,SwissBeauty,Cosmetics,Moisturizer,price_high,4370,0.9289947197040429,0.7596957218900763,123,4.722889539668451,4368,Black,Small,5
4399,Zara,Clothing,Tshirts,price_low,610,0.2657859663161595,0.17441983456974386,0,,0,Black,S,2
4400,Maybelline,Cosmetics,Lipstick,price_mid,1580,0.6868029509510999,0.6623449735759848,17,3.7799912328986744,460,Pink,Small,7
4401,MAC,Cosmetics,Lipstick,price_low,360,0.13606961483522081,0.7902831488397489,37,1.5184263850352349,1717,White,Medium,2
4402,Zara,Accessories,Bags,price_high,9890,0.5352988522660056,0.0759230232532977,57,3.1543536201678375,2716,Red,Medium,2
4403,Puma,Footwear,Sneakers,price_mid,5000,0.14812012016150894,0.5699946803492605,50,1.573245434850326,1829,Black,UK12,6
4404,MAC,Cosmetics,Moisturizer,price_mid,2000,0.5807516446697745,0.06570670612704055,31,3.3345036743429106,2506,White,Medium,4
4405,Nike,Clothing,Dresses,price_high,4510,0.8622643267528729,0.15948910984787257,54,4.471112045539022,3973,White,L,4
4406,Nike,Clothing,Kurtis,price_low,380,0.5475068026280425,0.5278244176009794,114,3.2070231567282184,4230,Red,L,2
4407,SwissBeauty,Cosmetics,Foundation,price_low,230,0.5003833027339801,0.09189247245257248,9,3.0629929504009596,240,Purple,Large,7
4408,Libas,Clothing,Tshirts,price_low,420,0.3438155201691052,0.1302882422916043,26,2.3840296493942477,1593,Black,S,5
4409,Nike,Accessories,Watches,price_low,700,0.31850822528630174,0.01860272864679069,31,2.254773704519405,1593,Blue,Medium,5
4410,MAC,Cosmetics,Foundation,price_low,500,0.40910636618696716,0.16989709553197818,18,2.6026919381879696,769,Red,Small,2
4411,SwissBeauty,Cosmetics,Lipstick,price_high,3690,0.8333888504685715,0.560025288817709,31,4.356148459256441,2672,Pink,Small,1
4412,Zara,Accessories,Watches,price_low,640,0.5334468459924889,0.2362204999920795,60,3.1160699810461088,2311,White,Medium,2
4413,Puma,Accessories,Caps,price_low,260,0.09647336299664853,0.7130038035765952,41,1.3789652089513023,2685,Red,Medium,6
4414,MAC,Cosmetics,Moisturizer,price_high,4610,0.8362394016973137,0.960591071894834,87,4.340735363219909,3412,Blue,Medium,6
4415,Puma,Clothing,Dresses,price_low,700,0.5491271460433356,0.5761918296821854,14,3.1488099354996737,360,Blue,XL,2
4416,Zara,Clothing,Kurtis,price_mid,2500,0.8803973648721614,0.1004947960893825,93,4.522135822188775,3671,Green,S,5
4417,Nike,Footwear,Flats,price_high,14550,0.7663660233966894,0.8270285263127753,114,4.074409374872283,4238,Red,UK10,3
4418,H&M,Clothing,Shirts,price_mid,1500,0.6871161513079713,0.33743397324427693,0,,171,Red,M,7
4419,Adidas,Footwear,Sports Shoes,price_high,11880,0.7817785843798618,0.20061265097025804,8,4.087834035703112,204,Purple,UK12,1
4420,MAC,Cosmetics,Moisturizer,price_low,260,0.35320204947846584,0.37719386434661284,28,2.4188585713847504,1694,Blue,Large,3
4421,Nike,Footwear,Sneakers,price_low,660,0.10777941929722193,0.8303663267312557,16,1.397712996667698,999,Pink,UK8,7
4422,Maybelline,Cosmetics,Moisturizer,price_mid,910,0.3561113578801335,0.8603479768551113,54,2.440908054341703,2675,Green,Small,1
4423,Adidas,Footwear,Boots,price_low,990,0.41260877387409467,0.0021906278649144184,69,2.6624438568965245,2582,Purple,UK4,5
4424,Zara,Footwear,Sneakers,price_mid,4620,0.16444942021481637,0.11209118255707384,28,1.6570723918592687,1837,Purple,UK4,4
4425,Nike,Accessories,Belts,price_mid,1620,0.9001592968056563,0.8147550516099227,69,4.601524498752096,2947,Purple,Small,3
4426,Zara,Footwear,Sandals,price_mid,4120,0.8694559301986059,0.9074768983960336,9,4.541824704468309,723,Pink,UK6,6
4427,Puma,Footwear,Sports Shoes,price_high,13700,0.6699495436255922,0.5580984788509055,47,3.658577836094252,2641,White,UK6,1
4428,Nike,Clothing,Dresses,price_high,8000,0.7523448093312143,0.08033277012233708,40,4.001602813897195,1654,Yellow,XL,7
4429,MAC,Cosmetics,Foundation,price_mid,1020,0.22966032966492758,0.291470146068893,46,1.9303678523821635,1637,White,Small,6
4430,Levis,Accessories,Belts,price_low,270,0.7259752263705793,0.29659310253953897,6,3.958886782511623,256,Purple,Small,5
4431,Nike,Accessories,Caps,price_high,12000,0.7376014329979809,0.7188991277123704,107,3.962278865167045,3901,White,Small,3
4432,Zara,Footwear,Sneakers,price_mid,2790,0.6881504481222755,0.2542062267894185,57,3.748421265537149,2217,Blue,UK4,7
4433,Adidas,Footwear,Boots,price_low,800,0.07047366898218721,0.5215167113872448,25,1.2716315643922231,1505,Black,UK8,4
4434,H&M,Clothing,Shirts,price_mid,1140,0.28650045258824164,0.059248572471382266,27,2.1322949019517696,1350,Green,M,3
4435,Adidas,Clothing,Dresses,price_mid,1370,0.5587065484902044,0.2546057905480468,8,3.2414951376714054,310,Black,M,2
4436,Zara,Footwear,Sports Shoes,price_high,11450,0.9335122720925559,0.26590345560734985,44,4.7130658311509235,2154,Black,UK6,4
4437,Puma,Footwear,Sports Shoes,price_mid,3680,0.4650377481944471,0.4456113516384975,98,2.843615711963888,4518,Yellow,UK12,6
4438,Adidas,Footwear,Sneakers,price_mid,5000,0.4632338012625617,0.8892935808898393,5,2.7871815605807724,146,Black,UK8,4
4439,Nike,Accessories,Bags,price_mid,2050,0.5723324522400821,0.386463636739376,75,3.3095140328274084,2617,White,Medium,3
4440,H&M,Footwear,Sports Shoes,price_low,620,0.20993341771444057,0.26148340047668295,33,1.8312063862134706,1084,Blue,UK8,2
4441,SwissBeauty,Cosmetics,Moisturizer,price_mid,850,0.46518651942328226,0.8827868999213998,112,2.8739172040559837,5000,Green,Large,4
4442,Puma,Clothing,Shirts,price_low,690,0.291686899649591,0.25088428883565395,13,2.112663744313214,614,Green,L,6
4443,Nike,Clothing,Tshirts,price_high,7910,0.5222718778887427,0.5415044185611063,16,3.0870575512129967,1358,Blue,XXL,7
4444,Levis,Accessories,Watches,price_high,4620,0.7056524168120114,0.34888928521928453,119,3.8104680121528007,5000,Yellow,Large,7
4445,Nike,Accessories,Belts,price_low,700,0.276459489426097,0.48898623302067656,56,2.0805774361895866,2322,Brown,Small,7
4446,Levis,Clothing,Jeans,price_low,640,0.4904301744530265,0.6373466288652744,35,2.984943057865904,2429,Black,XXL,2
4447,SwissBeauty,Cosmetics,Moisturizer,price_mid,1090,0.7461174480839788,0.3283817620031678,102,3.985412547385889,4610,Blue,Large,4
4448,Libas,Clothing,Jeans,price_high,5480,0.5371845787849249,0.3483497197643425,34,3.1257878251048217,2974,Red,XL,5
4449,Levis,Accessories,Belts,price_low,450,0.5794019207860099,0.4339879488261368,37,3.310957157575427,1435,Pink,Small,1
4450,SwissBeauty,Cosmetics,Foundation,price_mid,890,0.401056236731435,0.42461062675925587,24,2.5871702638663843,1678,White,Large,2
4451,Nike,Footwear,Sports Shoes,price_low,1190,0.5114017294237542,0.16739915283985274,43,3.0727790576814553,3247,Yellow,UK10,7
4452,Levis,Clothing,Jeans,price_low,610,0.3408499550040122,0.04029008244324317,5,2.328274919951592,92,Purple,S,3
4453,Adidas,Clothing,Tshirts,price_high,5940,0.7270103362467727,0.651877320229446,61,3.917131429568652,3153,Brown,XL,4
4454,Maybelline,Cosmetics,Moisturizer,price_mid,590,0.846264042300595,0.3542224601682258,96,4.373339589495552,3935,Blue,Large,1
4455,Nike,Footwear,Sandals,price_low,1010,0.5440216527764152,0.7493526953482256,53,3.202644110290968,2299,Yellow,UK10,2
4456,Nike,Footwear,Boots,price_mid,3320,0.472124731199441,0.287242770754329,42,2.8810713090633615,1365,White,UK4,7
4457,Adidas,Footwear,Sports Shoes,price_low,1370,0.15296834976934262,0.28695019678224876,9,1.5649953137017152,1008,Green,UK4,4
4458,Libas,Clothing,Jeans,price_mid,1240,0.619210408370895,0.3438095548155594,65,3.4681099639909054,2360,Purple,L,7
4459,Levis,Accessories,Watches,price_high,6380,0.4827857088818473,0.6519071914085219,118,2.9473411553725746,5000,Brown,Large,3
4460,Puma,Footwear,Sneakers,price_mid,2020,0.41887766824475037,0.5454374541951493,21,2.6408039215549466,2220,Pink,UK6,5
4461,Puma,Clothing,Jeans,price_low,550,0.062270269818558426,0.9954027897870188,44,1.2325608420135263,2340,Purple,XL,1
4462,Zara,Footwear,Flats,price_mid,3190,0.7644346244113482,0.06852918496918237,25,4.023014936043283,2286,Red,UK6,3
4463,Libas,Clothing,Kurtis,price_mid,1740,0.6681362549964105,0.43223030169011645,76,3.658949916610208,2785,Pink,XL,1
4464,Zara,Accessories,Watches,price_mid,2040,0.6616205163166742,0.20161700306976182,0,,136,Yellow,Large,1
4465,Nike,Footwear,Boots,price_mid,4100,0.5041291070826379,0.20142262071444084,56,3.0105464803647686,2219,Red,UK8,3
4466,Adidas,Clothing,Kurtis,price_mid,2330,0.4501176961933236,0.22985687313366054,41,2.770971642322041,3187,Blue,XL,3
4467,Nike,Footwear,Sneakers,price_mid,4030,0.4731629847049286,0.9738734767371576,30,2.884625149109871,2014,Blue,UK6,2
4468,H&M,Accessories,Bags,price_mid,1920,0.5387650426467165,0.8098310060470566,95,3.156900086701592,3195,Blue,Large,1
4469,Zara,Footwear,Sandals,price_low,1270,0.2123625993518736,0.5349288824876424,34,1.8639574666350087,1678,Green,UK4,2
4470,Nike,Footwear,Sneakers,price_low,1200,0.301723053917718,0.07267017598353032,3,,208,Brown,UK10,4
4471,Libas,Clothing,Shirts,price_high,4650,0.8661390013285226,0.4136373021703479,69,4.468292247684205,5000,Pink,XXL,5
4472,Adidas,Clothing,Tshirts,price_mid,1890,0.3199651064788651,0.5370268156717518,60,2.267010684146478,2489,Brown,M,4
4473,Nike,Footwear,Sandals,price_low,1290,0.36727694889193047,0.22329251424795193,46,2.454125132901324,2551,Red,UK12,2
4474,Zara,Accessories,Caps,price_mid,2150,0.5225212522855289,0.2738949017651282,46,3.0717861327839757,1901,Yellow,Large,3
4475,H&M,Clothing,Jeans,price_mid,1320,0.705408397025963,0.9664945809266163,47,3.8469027892228675,2989,White,M,6
4476,Libas,Clothing,Tshirts,price_mid,1350,0.38839187554516175,0.7997703171475883,37,2.5556985691456617,1823,Green,M,1
4477,Maybelline,Cosmetics,Moisturizer,price_low,270,0.09643144435279427,0.3857159874678633,0,,48,Blue,Medium,6
4478,Levis,Accessories,Watches,price_high,6840,0.8259831993584221,0.4375232540457943,2,,190,Green,Small,5
4479,Libas,Clothing,Shirts,price_mid,1490,0.3913347644198718,0.4026944129602572,53,2.544456741611272,1836,White,XXL,6
4480,H&M,Accessories,Bags,price_high,8720,0.75316217243541,0.12993398158075176,62,4.032699831219356,2149,Black,Small,6
4481,Adidas,Footwear,Sandals,price_mid,3510,0.41710992377019,0.06626739878876331,25,2.6369429487612828,809,Brown,UK12,7
4482,Puma,Footwear,Flats,price_low,1220,0.439126995005084,0.5936635251997427,9,2.7757751404748365,365,Yellow,UK10,4
4483,Puma,Accessories,Bags,price_mid,2570,0.2604153544411414,0.41648576990556907,34,2.0532385484085087,1966,Brown,Medium,3
4484,Libas,Clothing,Jeans,price_mid,1500,0.5917435056249473,0.5628584782637366,64,3.3698634825930096,4433,Pink,L,5
4485,Nike,Clothing,Dresses,price_high,6340,0.6041956320211611,0.6978568896044147,104,3.4100792844171597,4190,Pink,XXL,5
4486,Puma,Accessories,Caps,price_high,4660,0.9188197579971039,0.13052699915076205,51,4.652798899347215,3146,Red,Small,3
4487,Maybelline,Cosmetics,Moisturizer,price_low,400,0.2762200027955066,0.8120120355266041,4,,51,Purple,Large,5
4488,Nike,Footwear,Sports Shoes,price_low,650,0.1590625770095653,0.23414739547787922,31,1.6587743834175186,1213,Yellow,UK6,5
4489,Adidas,Clothing,Kurtis,price_high,7160,0.9572525267961312,0.030949550151975536,87,4.836751637969432,4142,Pink,S,6
4490,Levis,Clothing,Kurtis,price_high,5810,0.5004934144201331,0.3753227168234001,47,2.9992844459300683,1992,Blue,S,5
4491,H&M,Footwear,Sandals,price_mid,4080,0.4007729462239133,0.0030811195569180327,10,2.611566945624259,246,Brown,UK6,5
4492,Maybelline,Cosmetics,Lipstick,price_mid,590,0.2795362968756348,0.6762473543804028,47,2.125968356529487,2564,Pink,Small,3
4493,Nike,Accessories,Belts,price_low,460,0.6826302922221539,0.3193431755511338,40,3.723879403933827,3463,Black,Small,6
4494,Nike,Clothing,Tshirts,price_high,6280,0.6378432828028454,0.7482151370829072,11,3.601987761308104,575,Purple,XL,1
4495,Adidas,Accessories,Bags,price_low,590,0.39291196922447985,0.7631151672944348,36,2.5719859520129096,2410,Blue,Small,5
4496,Adidas,Footwear,Sandals,price_high,14480,0.9340624070303751,0.4080202421441951,32,4.749338793159384,2765,Blue,UK8,2
4497,H&M,Accessories,Watches,price_mid,1290,0.35162396703677135,0.29187115053548773,34,2.4124994337816097,1217,White,Large,5
4498,Nike,Clothing,Tshirts,price_mid,2500,0.470122398462076,0.8168802960743476,91,2.871252974095966,3128,White,L,4
4499,H&M,Clothing,Shirts,price_mid,1470,0.31826880033893606,0.19053785702825943,43,2.269340082368854,2833,Green,XL,1
4500,Nike,Footwear,Sports Shoes,price_low,1280,0.4293170687044982,0.6080005966456962,33,2.7003075918276593,2407,Black,UK12,4
4501,Nike,Footwear,Sandals,price_high,13560,0.8649339403102821,0.6855081030377371,153,4.468157327265626,5000,Purple,UK12,5
4502,Nike,Clothing,Jeans,price_low,800,0.6020011175873505,0.9376771919861914,0,,26,Pink,L,1
4503,H&M,Clothing,Tshirts,price_mid,1320,0.42524748350893454,0.4501849458550319,19,2.671253868470615,1155,Green,M,6
4504,Maybelline,Cosmetics,Sunscreen,price_mid,1200,0.7419459330840746,0.29430623513049325,57,3.9739078782522297,3405,Blue,Large,2
4505,Puma,Clothing,Dresses,price_mid,1640,0.48956497793441967,0.4395262271661965,8,2.8899448409548696,677,Red,S,4
4506,Libas,Clothing,Kurtis,price_high,4870,0.8596618100133916,0.1311199884007629,11,4.498684591669796,327,Black,M,4
4507,Zara,Clothing,Dresses,price_mid,1300,0.3386378488731569,0.6810105917624365,25,2.378015433685453,2034,Red,L,1
4508,Libas,Clothing,Jeans,price_low,450,0.20218197118967746,0.3612711415033226,17,1.8099343653306434,1522,Yellow,M,6
4509,Adidas,Accessories,Caps,price_mid,2170,0.7901467384428248,0.5893533261245202,14,4.198668730895054,474,Purple,Medium,5
4510,Zara,Accessories,Bags,price_mid,1890,0.30119944684432265,0.6700159834616797,16,2.1621220153540763,403,Brown,Large,5
4511,Adidas,Accessories,Bags,price_mid,2600,0.3577083467886758,0.13824723196825162,52,2.4157223758653585,3909,White,Medium,5
4512,Puma,Clothing,Kurtis,price_low,460,0.2837669223890779,0.5459012651511014,9,2.1262919816549335,225,Brown,XXL,5
4513,H&M,Footwear,Sports Shoes,price_mid,2960,0.8369839692374929,0.5648450993963472,72,4.34255902055442,4679,Pink,UK4,5
4514,MAC,Cosmetics,Lipstick,price_mid,1690,0.7077848062324268,0.6099047739277689,55,3.8247043968317045,2403,Pink,Medium,4
4515,Libas,Clothing,Shirts,price_low,380,0.2405104773316996,0.7263423588168736,48,1.9418264223655353,2053,Black,S,1
4516,Nike,Footwear,Flats,price_low,1180,0.30460685790547226,0.9048307244093199,2,,441,Blue,UK12,2
4517,Zara,Footwear,Sports Shoes,price_low,1120,0.14610399417050504,0.16834007189856348,0,,160,Red,UK6,3
4518,Zara,Footwear,Sandals,price_low,1470,0.22979972537891274,0.5598289717150792,22,1.8939895841287553,1799,Brown,UK10,4
4519,Zara,Footwear,Sports Shoes,price_low,930,0.30876114807166294,0.6540480008151156,54,2.2101940009632806,2412,Green,UK8,4
4520,H&M,Accessories,Caps,price_high,10870,0.5544888136164345,0.6916131062177303,51,3.213306580337541,2400,Black,Small,1
4521,Maybelline,Cosmetics,Foundation,price_mid,810,0.5538595086676481,0.4063859189385062,2,,21,Brown,Medium,1
4522,Nike,Footwear,Sneakers,price_mid,3150,0.10684707383974822,0.5341402971698348,5,1.3615881681130537,180,Yellow,UK6,6
4523,MAC,Cosmetics,Moisturizer,price_mid,1490,0.5430703057778455,0.02722588636012191,5,3.1981804324166454,93,Black,Medium,7
4524,Maybelline,Cosmetics,Foundation,price_mid,850,0.7631798950291029,0.2969431077616229,0,,200,Yellow,Medium,5
4525,Puma,Footwear,Sneakers,price_mid,3330,0.5849232631768215,0.048396668620812155,95,3.3410960730809682,3652,Red,UK4,6
4526,Levis,Clothing,Shirts,price_low,550,0.7724757796077037,0.5326353535737974,4,,139,Green,S,3
4527,Libas,Clothing,Tshirts,price_mid,1400,0.48682477321793527,0.4263163478597355,7,3.003805455461256,347,Red,S,1
4528,H&M,Footwear,Sneakers,price_mid,2750,0.48207321418864607,0.8061468549107507,28,2.9392722214257327,1945,Pink,UK4,3
4529,Puma,Footwear,Sandals,price_mid,2690,0.20098573334892075,0.4231548720394789,20,1.828072785209067,638,Blue,UK6,4
4530,Zara,Footwear,Boots,price_mid,4650,0.2998406416168075,0.8043277654164195,5,2.256305060810073,118,Purple,UK10,7
4531,Zara,Footwear,Sneakers,price_mid,3170,0.4166633031620835,0.32048235422184645,0,,0,Black,UK4,4
4532,Zara,Accessories,Belts,price_high,10880,0.8139492388914037,0.9139333942153213,145,4.247313110912085,5000,Red,Large,4
4533,Nike,Clothing,Tshirts,price_low,650,0.5252610266956053,0.9378674021226638,86,3.087208176630636,3483,Yellow,M,6
4534,H&M,Footwear,Sneakers,price_mid,2960,0.4684530615044297,0.7011401347310192,35,2.8753357450079413,2754,Pink,UK10,6
4535,H&M,Clothing,Kurtis,price_low,560,0.29694810968625196,0.280446549783851,38,2.1731853394689815,1896,White,M,4
4536,Levis,Clothing,Tshirts,price_mid,2190,0.876530924051408,0.5130126969341356,65,4.513511500423795,4175,Brown,XXL,1
4537,Zara,Accessories,Belts,price_high,7720,0.7923469198906711,0.8153048130916268,13,4.186988522677707,808,Green,Medium,6
4538,SwissBeauty,Cosmetics,Lipstick,price_high,3720,0.8818011617647351,0.4228362650133939,74,4.535588732375754,2782,Red,Medium,6
4539,Nike,Accessories,Caps,price_mid,3000,0.2405842144073326,0.2837254626217065,34,1.9715082880651378,1489,Purple,Small,2
4540,MAC,Cosmetics,Lipstick,price_mid,1680,0.8834215122294131,0.5029907067823648,83,4.51805032396373,3316,Red,Medium,6
4541,Levis,Accessories,Bags,price_low,560,0.3416970896809683,0.6716199884844609,6,2.3481625835915017,86,Pink,Medium,6
4542,Nike,Footwear,Sports Shoes,price_low,1280,0.17651819187554602,0.43075709125883566,10,1.7557904774887056,355,Purple,UK12,4
4543,Libas,Clothing,Shirts,price_mid,1240,0.24729741406417255,0.31559399169046354,11,2.0065603448664744,1053,Pink,M,7
4544,Nike,Footwear,Flats,price_mid,4000,0.4294800322828506,0.6879553893239578,7,2.727325652216553,527,Red,UK4,5
4545,Zara,Accessories,Caps,price_low,510,0.23874333921400043,0.9340880209570158,24,1.955469733477446,1457,White,Large,4
4546,Zara,Clothing,Shirts,price_low,310,0.3467343495547,0.03794568210761473,18,2.349443930618931,1595,Yellow,M,6
4547,H&M,Footwear,Sneakers,price_high,10460,0.5991511216045183,0.7689724244847684,27,3.4105781280493526,2099,Purple,UK10,7
4548,Libas,Clothing,Jeans,price_low,550,0.26637640119320405,0.7332352617689428,59,2.0498325603944143,3574,Yellow,M,5
4549,Levis,Clothing,Shirts,price_low,580,0.36617842835666886,0.35110353737657796,29,2.487161962974069,1590,Brown,XXL,3
4550,Maybelline,Cosmetics,Moisturizer,price_low,340,0.529511841859771,0.9402399648381184,8,3.1523384474664247,319,Purple,Medium,2
4551,SwissBeauty,Cosmetics,Lipstick,price_mid,730,0.8027738894861173,0.6821185935582155,67,4.210034184836095,2366,Brown,Medium,7
4552,Adidas,Footwear,Flats,price_mid,3410,0.5610821778417167,0.7558722033610162,68,3.250816922408471,2828,Red,UK10,7
4553,Zara,Clothing,Tshirts,price_low,670,0.23810941278019096,0.6403302063625905,5,2.033191912603654,173,Yellow,M,4
4554,Levis,Clothing,Jeans,price_mid,1830,0.6366030343057274,0.8225350627914739,17,3.5368367692040574,715,Brown,S,6
4555,Libas,Clothing,Dresses,price_mid,1110,0.3432983858232365,0.2520831555157077,21,2.3402072954165085,1906,Red,XL,3
4556,Nike,Clothing,Shirts,price_low,610,0.6372014493681667,0.48001049455710676,64,3.5361223398355657,2334,Green,S,2
4557,H&M,Clothing,Kurtis,price_mid,890,0.7223192615114554,0.47766501631980407,6,3.851816242615575,216,White,S,5
4558,SwissBeauty,Cosmetics,Lipstick,price_low,130,0.4241294318032606,0.19585835752870662,33,2.6747633379646536,1347,Green,Large,6
4559,Nike,Accessories,Watches,price_mid,1820,0.6840466308290272,0.12532529155319128,27,3.7486479959593946,1730,Black,Medium,6
4560,Puma,Footwear,Boots,price_mid,3720,0.31811523756124366,0.3465677587907806,50,2.271723549574555,2070,Black,UK8,2
4561,Zara,Accessories,Watches,price_low,550,0.18602564815332961,0.8950435352465282,78,1.7284295846780944,3903,Red,Large,1
4562,Libas,Clothing,Jeans,price_mid,1180,0.4919891530384577,0.33052992193652686,53,2.987902639408229,2409,Red,S,7
4563,Adidas,Accessories,Caps,price_low,470,0.281137388587825,0.6957336162611254,17,2.108107627695968,1656,Red,Large,4
4564,Adidas,Clothing,Jeans,price_mid,1410,0.5037633260807501,0.4907352711282298,44,3.035077793608021,1985,Pink,XL,7
4565,SwissBeauty,Cosmetics,Foundation,price_low,120,0.10774759673360876,0.39345523760696455,53,1.43783263155262,1962,Yellow,Medium,4
4566,Zara,Footwear,Sneakers,price_low,1180,0.4145188968763111,0.039354987889252735,10,2.6318839688493627,456,Red,UK12,6
4567,Levis,Clothing,Dresses,price_mid,1170,0.27528663909936874,0.10473248850779482,20,2.0626124273848467,956,Red,L,7
4568,Puma,Footwear,Flats,price_mid,3220,0.589407843795877,0.6297945258793566,76,3.353455038975041,3021,Purple,UK10,5
4569,Adidas,Clothing,Kurtis,price_low,590,0.2557023924789566,0.7282301881924272,0,,79,Pink,XL,5
4570,Zara,Accessories,Bags,price_mid,2290,0.4487428040789831,0.6188684223888478,10,2.7635727380518382,270,Yellow,Large,7
4571,H&M,Accessories,Watches,price_high,6240,0.8078182348945495,0.21721230276609038,71,4.243441248258237,3321,Red,Medium,3
4572,MAC,Cosmetics,Sunscreen,price_low,400,0.23906374006296874,0.5445696128465031,12,1.9270269390575518,327,White,Small,1
4573,Libas,Clothing,Kurtis,price_low,380,0.7289674791071125,0.3472175166183752,60,3.895999218279951,3234,Black,L,7
4574,SwissBeauty,Cosmetics,Lipstick,price_low,140,0.18068068446098595,0.4711052317453438,31,1.7417494218223126,2053,Yellow,Small,2
4575,MAC,Cosmetics,Lipstick,price_mid,2000,0.7275260000092217,0.9818462683878075,20,3.9347907827393223,1048,Yellow,Small,5
4576,MAC,Cosmetics,Sunscreen,price_high,5800,0.8444013463672149,0.9733702081658778,76,4.3674545100947375,5000,Red,Large,6
4577,Puma,Footwear,Sandals,price_low,1280,0.17342267250471496,0.5021175594679862,20,1.70166355287442,1246,Yellow,UK4,4
4578,Zara,Accessories,Caps,price_high,6060,0.8916280494959128,0.09992364148451693,75,4.547277086504104,2977,Black,Large,1
4579,Levis,Clothing,Tshirts,price_high,6300,0.7571246808426356,0.453876182431282,59,4.010135662283536,2854,Black,M,3
4580,Adidas,Clothing,Dresses,price_mid,2400,0.24111522670907093,0.4515995540808583,0,,158,White,S,4
4581,Adidas,Footwear,Sports Shoes,price_mid,4480,0.64334489973566,0.3071365736488242,47,3.5739939250873833,3313,Yellow,UK8,7
4582,Puma,Footwear,Sports Shoes,price_low,1180,0.1607261801558397,0.2918201757744353,25,1.6469761494557436,1011,Green,UK8,4
4583,Puma,Footwear,Sandals,price_mid,4000,0.5774746093651131,0.7174492886840215,71,3.3331102312219643,2750,Yellow,UK12,3
4584,Levis,Clothing,Shirts,price_low,410,0.3877500354092022,0.6680719528407857,44,2.551450925120543,1828,White,S,1
4585,H&M,Clothing,Dresses,price_low,520,0.6444622148066619,0.06177492945555818,77,3.579402844370807,3665,Blue,L,6
4586,Nike,Accessories,Caps,price_low,570,0.35112400963811335,0.7374246211536237,15,2.3671683152006917,364,Red,Large,3
4587,Puma,Footwear,Sports Shoes,price_mid,2400,0.7872992771865842,0.09146485746948418,83,4.135353097369742,2974,Purple,UK6,2
4588,Maybelline,Cosmetics,Foundation,price_low,360,0.22587318336848,0.9880690476550071,6,1.9200300614380155,420,Red,Medium,2
4589,Adidas,Footwear,Sneakers,price_mid,4450,0.3232876977340905,0.3976052630958671,24,2.3226726686028814,2437,Yellow,UK4,5
4590,Puma,Footwear,Sneakers,price_mid,3050,0.445981103203105,0.20003482158565178,96,2.7720353624166787,3366,Yellow,UK10,2
4591,Levis,Clothing,Kurtis,price_high,5770,0.8229577111898594,0.6155411349907206,66,4.294219325267168,5000,Yellow,L,4
4592,Zara,Clothing,Shirts,price_mid,1860,0.49185232623476394,0.1442456624980143,11,3.0063547281745313,703,White,L,2
4593,Libas,Clothing,Jeans,price_low,490,0.36187208639239715,0.14005901955693467,29,2.4839749016708494,1582,Pink,XXL,4
4594,H&M,Clothing,Jeans,price_mid,1420,0.5392126007608931,0.42062473797811273,16,3.1620452303695306,1169,Red,XXL,3
4595,Levis,Clothing,Tshirts,price_low,540,0.5620006493897255,0.2057325782123577,7,3.266595955842071,274,Green,L,5
4596,Levis,Clothing,Dresses,price_mid,1780,0.23033261848507572,0.9828033924283613,11,1.9413528234681814,655,Red,L,7
4597,Libas,Clothing,Dresses,price_low,610,0.206619031131476,0.46761140544210045,8,1.8250765299188658,287,Green,M,3
4598,Adidas,Footwear,Sports Shoes,price_low,1390,0.07562395363934302,0.412223373299228,22,1.326754515923226,937,White,UK8,1
4599,Nike,Footwear,Sandals,price_low,1230,0.3216664503739645,0.32770405158810745,29,2.2891058987871724,1388,Red,UK8,1
4600,Puma,Footwear,Flats,price_low,1000,0.30574903273535825,0.5265458967909015,1,,144,Black,UK10,3
4601,Adidas,Footwear,Sneakers,price_mid,3280,0.3081080871663333,0.1788004521737777,56,2.231797707633174,1855,White,UK12,7
4602,Libas,Clothing,Shirts,price_low,610,0.22290319673305145,0.7813297296132731,4,,365,Purple,M,3
4603,SwissBeauty,Cosmetics,Moisturizer,price_low,300,0.24632001016717198,0.6633594869747637,76,2.006137800378587,5000,Yellow,Medium,1
4604,Adidas,Footwear,Sports Shoes,price_mid,4700,0.5500580463480872,0.09870643245578958,8,3.260228682628854,448,Blue,UK4,6
4605,Levis,Clothing,Jeans,price_low,600,0.5622622173298932,0.6805135524778,46,3.2346402187908456,2134,Green,XXL,5
4606,MAC,Cosmetics,Sunscreen,price_mid,1330,0.44091992658263723,0.9832466609415567,20,2.739999146453912,492,Blue,Small,4
4607,Nike,Footwear,Sports Shoes,price_mid,2760,0.7453955363157735,0.32169010777157603,78,3.9697899070584417,3679,Purple,UK6,7
4608,MAC,Cosmetics,Moisturizer,price_mid,1330,0.4825288484502449,0.4874533829832217,101,2.940520416423983,3603,Pink,Small,5
4609,Puma,Clothing,Kurtis,price_high,6690,0.9666471524872035,0.5951012725653091,40,4.8567428097000676,2950,Red,XL,3
4610,Maybelline,Cosmetics,Moisturizer,price_low,300,0.42955873299474356,0.03293653692717191,42,2.736635453545498,1747,Yellow,Medium,4
4611,Puma,Clothing,Shirts,price_low,530,0.27382311872442167,0.129495512877994,8,2.0739242651673284,306,Green,M,5
4612,Adidas,Accessories,Bags,price_mid,3000,0.8297172826956757,0.5544235706936539,26,4.295636678036731,943,Brown,Small,6
4613,Levis,Accessories,Caps,price_mid,920,0.5706141231038228,0.24742889404334734,21,3.2878739160101405,1529,Yellow,Medium,5
4614,Zara,Clothing,Dresses,price_mid,2030,0.5015188499710492,0.7859766239267553,75,3.0055002960447568,5000,Green,S,7
4615,Nike,Accessories,Bags,price_high,9230,0.35112322267759477,0.8996335250406963,57,2.3835862554001905,3546,Green,Small,2
4616,Zara,Accessories,Watches,price_mid,1570,0.38123381708821036,0.3662779276752024,12,2.5542976002220485,937,Blue,Large,5
4617,Nike,Clothing,Kurtis,price_high,6150,0.5887948808437162,0.13409099444486583,0,,30,Pink,M,6
4618,Nike,Footwear,Sports Shoes,price_high,10700,0.7389515967974255,0.16749389248705415,14,3.9665104508393463,922,Yellow,UK12,5
4619,Maybelline,Cosmetics,Moisturizer,price_mid,890,0.5974546968163283,0.3238048058088677,8,3.344506717416014,766,Red,Large,2
4620,SwissBeauty,Cosmetics,Sunscreen,price_low,290,0.18925276843625982,0.5041521366569243,45,1.765551458383723,1444,Green,Large,6
4621,Libas,Clothing,Tshirts,price_mid,1570,0.3815545612527134,0.8874857160052333,60,2.5472621763648102,2018,Red,L,3
4622,H&M,Accessories,Watches,price_low,440,0.44523419766312566,0.5870190889342207,9,2.812900978201449,242,Red,Large,7
4623,Maybelline,Cosmetics,Lipstick,price_mid,940,0.26730880013718505,0.6586409669878057,63,2.0806629112201636,3030,Green,Medium,5
4624,Maybelline,Cosmetics,Moisturizer,price_mid,900,0.33138294279679403,0.8508095760886308,41,2.3299305851784124,2630,Blue,Small,5
4625,Levis,Accessories,Watches,price_low,390,0.05312299227631827,0.7832020559615275,30,1.204541902402413,2539,White,Medium,5
4626,H&M,Clothing,Jeans,price_low,360,0.5707382978577076,0.9113158567239408,66,3.279624808361064,3172,Black,L,6
4627,Nike,Footwear,Flats,price_mid,5000,0.6995769934805336,0.8282330338344331,59,3.7934178177928626,3966,Red,UK8,4
4628,MAC,Cosmetics,Sunscreen,price_low,290,0.47277497001029795,0.7626937080740631,136,2.9078271096194817,5000,Purple,Medium,3
4629,Maybelline,Cosmetics,Moisturizer,price_low,410,0.10578812031955466,0.9046407915465499,44,1.425784512341402,3809,Black,Large,1
4630,Maybelline,Cosmetics,Foundation,price_mid,530,0.6345457631227063,0.10394155487016188,39,3.561024382795049,1788,Brown,Small,2
4631,Maybelline,Cosmetics,Lipstick,price_mid,910,0.5583998486877682,0.6455216182859601,0,,0,White,Large,1
4632,Zara,Clothing,Shirts,price_mid,1200,0.5794348297108871,0.8962746534561854,59,3.3138242862497336,5000,Green,L,6
4633,Libas,Clothing,Jeans,price_low,650,0.4015053747392334,0.6890959626778288,38,2.5907200938844785,2150,Pink,XXL,4
4634,Puma,Footwear,Sneakers,price_high,7310,0.7206648568394872,0.6861970464246404,125,3.8681530322408286,4785,White,UK6,6
4635,Nike,Footwear,Sandals,price_high,13160,0.6071194073801631,0.036953558892881655,36,3.4456063397172247,2725,Black,UK6,3
4636,Puma,Footwear,Flats,price_low,640,0.35443406336935523,0.2641565567953654,4,,451,Red,UK6,2
4637,Adidas,Clothing,Dresses,price_mid,1810,0.6315906458058731,0.24919238101540897,55,3.5013292719774776,3512,Black,XXL,7
4638,MAC,Cosmetics,Foundation,price_mid,1400,0.2652667664550352,0.4493243572109912,31,2.0548996948316254,1913,Purple,Small,3
4639,Adidas,Footwear,Boots,price_high,11090,0.556544859683571,0.7247178402281509,84,3.218936107377929,3145,Black,UK8,5
4640,Nike,Footwear,Sports Shoes,price_high,12060,0.9373214923799876,0.11156677621725264,70,4.767005357938157,2603,Red,UK6,3
4641,Puma,Footwear,Sports Shoes,price_mid,2980,0.5512684095999685,0.44472381935793237,9,3.1655641492204647,808,Green,UK12,3
4642,Zara,Footwear,Sports Shoes,price_mid,3250,0.3348980962364671,0.11826520181770583,15,2.3798054321336815,368,Purple,UK4,3
4643,Maybelline,Cosmetics,Moisturizer,price_mid,1010,0.22202205590265303,0.9095129172121232,76,1.9110078844393283,2746,Blue,Large,1
4644,Adidas,Footwear,Sneakers,price_mid,4870,0.3350552397556946,0.3639719460528724,58,2.338302027832321,2334,Purple,UK12,3
4645,Levis,Clothing,Dresses,price_mid,1540,0.18920241628617446,0.9310478243804489,46,1.7543536966240771,2294,Blue,XXL,6
4646,H&M,Footwear,Flats,price_mid,2090,0.23483039999972347,0.005808687662733236,15,1.9599424350975467,1308,Black,UK10,6
4647,MAC,Cosmetics,Sunscreen,price_low,480,0.3549066475077376,0.5455039190033095,59,2.4237026040774183,2312,Brown,Medium,5
4648,Nike,Clothing,Shirts,price_mid,2060,0.5374918759000261,0.27130408935493844,39,3.151136852251011,2028,Yellow,L,7
4649,Adidas,Footwear,Sports Shoes,price_mid,4420,0.5653205677663984,0.4179119175783965,9,3.3271744083684207,292,Blue,UK12,6
4650,Puma,Footwear,Sports Shoes,price_mid,3620,0.2752649070627694,0.055763472167155714,0,,107,Blue,UK12,4
4651,Nike,Footwear,Sneakers,price_mid,4800,0.4848522649131766,0.7360552999100133,70,2.925753290569296,2263,Red,UK8,2
4652,MAC,Cosmetics,Foundation,price_low,430,0.2365706337386694,0.49009209349149285,20,1.9358617197485306,1180,Brown,Medium,3
4653,Adidas,Footwear,Boots,price_mid,4060,0.5392010688712494,0.3743297648823213,17,3.182501069081111,717,Blue,UK6,4
4654,Nike,Footwear,Sports Shoes,price_low,1490,0.16851333974195082,0.1091956330932079,3,,0,Yellow,UK8,5
4655,Nike,Accessories,Caps,price_mid,3000,0.6096425130746642,0.3277822031304316,34,3.4065796120247374,2008,Yellow,Small,7
4656,Adidas,Footwear,Boots,price_low,1100,0.3900267856165529,0.8366950340564712,30,2.576077194647676,1698,Blue,UK10,2
4657,Maybelline,Cosmetics,Moisturizer,price_low,350,0.2200930212709706,0.28299386499024337,30,1.853103958204494,1788,Black,Small,2
4658,Nike,Footwear,Sneakers,price_mid,4200,0.44740866554111414,0.9568231108285266,96,2.795682635314287,4575,Blue,UK4,4
4659,Levis,Clothing,Jeans,price_low,470,0.17701336511456098,0.20783888703307285,9,1.747286036137475,405,Black,S,2
4660,Zara,Footwear,Sandals,price_high,9460,0.8396152209156642,0.7245610532659312,122,4.347329324278926,4010,Blue,UK10,6
4661,H&M,Clothing,Kurtis,price_mid,1880,0.39469527105251084,0.33077414446136055,50,2.558548174597427,2697,Blue,L,6
4662,Adidas,Footwear,Boots,price_high,8620,0.7163148634766912,0.13070644177213897,7,3.862196897457091,286,Black,UK12,3
4663,H&M,Clothing,Kurtis,price_low,430,0.2345445106569716,0.3884599734193942,45,1.9305555321179457,1886,Green,M,3
4664,Libas,Clothing,Dresses,price_low,590,0.2993549759495982,0.9276006052216574,10,2.1997538587129792,735,Yellow,S,7
4665,Nike,Footwear,Sneakers,price_low,710,0.21572639410826608,0.2663420242486215,8,1.920834877446446,436,Green,UK10,3
4666,MAC,Cosmetics,Lipstick,price_mid,880,0.6856427964580659,0.37404743894062886,15,3.721327113167678,556,Yellow,Small,3
4667,Puma,Footwear,Sneakers,price_low,1130,0.24695370805220102,0.5258158651749603,19,1.96675693507912,1827,Pink,UK6,5
4668,Puma,Footwear,Sports Shoes,price_low,1130,0.17797434770331216,0.04379552509062068,29,1.7281907389079654,1266,Purple,UK10,6
4669,Zara,Accessories,Belts,price_high,3870,0.8859901985885835,0.6237478999316173,139,4.5361344302539965,5000,Green,Medium,6
4670,Adidas,Footwear,Sports Shoes,price_low,1170,0.25220583137825786,0.9090232206156152,0,,53,White,UK8,1
4671,Levis,Clothing,Shirts,price_mid,1830,0.5626421343965176,0.7653289929922337,71,3.2726364485607125,5000,Red,XL,3
4672,Puma,Footwear,Sandals,price_high,12600,0.7399058294651035,0.7125735143800789,113,3.947938230517301,4257,Green,UK8,2
4673,Adidas,Clothing,Tshirts,price_low,370,0.1824632929218567,0.10503840347680093,8,1.7598027459577248,917,Black,XXL,4
4674,MAC,Cosmetics,Sunscreen,price_low,300,0.4161887034640177,0.5917351996789426,93,2.682279881793085,3657,Blue,Medium,6
4675,Nike,Clothing,Kurtis,price_mid,1440,0.5506713644265558,0.8157278608114572,41,3.211458187146437,1741,Brown,XL,6
4676,Levis,Accessories,Bags,price_low,570,0.5164415509764257,0.6360155588952061,13,3.042650662116238,907,Pink,Small,2
4677,Levis,Clothing,Tshirts,price_low,400,0.6075158723846225,0.6913465867303383,57,3.4106841985302943,3329,Red,S,1
4678,Puma,Clothing,Jeans,price_mid,1860,0.3527180709158214,0.6720788341843765,0,,9,Yellow,L,1
4679,H&M,Footwear,Sandals,price_mid,2560,0.2385956963758744,0.2302533817211727,31,1.959850979450898,1388,Purple,UK10,1
4680,Puma,Footwear,Sports Shoes,price_mid,4610,0.5956559990678416,0.69633298754279,62,3.364177481303962,2338,White,UK10,3
4681,H&M,Clothing,Kurtis,price_high,5250,0.7529102642787537,0.4543069188175499,79,3.9996755454325323,2964,Purple,M,4
4682,Adidas,Clothing,Jeans,price_low,590,0.07622896107346286,0.5974148143362535,21,1.3179975159326918,1243,Yellow,XL,1
4683,Zara,Clothing,Dresses,price_mid,1720,0.43698173045666255,0.4698830234968231,63,2.733339790856432,3320,Black,S,4
4684,SwissBeauty,Cosmetics,Lipstick,price_low,160,0.267748332360742,0.3212511525426216,36,2.0417890353233568,1419,Brown,Large,4
4685,SwissBeauty,Cosmetics,Lipstick,price_mid,710,0.18345303677610197,0.30072486545328003,24,1.7405823326232521,1980,Green,Small,3
4686,Adidas,Footwear,Sneakers,price_high,15000,0.6990336679076075,0.8541444631150917,59,3.772683039149617,3565,Blue,UK6,5
4687,Adidas,Accessories,Caps,price_low,550,0.25616843340159273,0.02794795024977559,20,1.9940025470384333,989,Red,Large,7
4688,SwissBeauty,Cosmetics,Sunscreen,price_low,260,0.4403915274331452,0.09589523076021012,11,2.73499621279153,468,Blue,Small,3
4689,Puma,Clothing,Jeans,price_low,680,0.28084653632614043,0.38787049384992733,72,2.1362763041120156,2407,Brown,XXL,2
4690,Nike,Footwear,Flats,price_mid,2350,0.5879911120256872,0.41498316011486625,41,3.335375293879203,1494,Yellow,UK6,6
4691,Adidas,Accessories,Watches,price_low,450,0.39696412931556363,0.8189992965195956,11,2.6401825191562063,476,Yellow,Small,6
4692,Adidas,Footwear,Boots,price_low,1280,0.5495685683790424,0.7313650019887539,39,3.203853298152326,3053,Red,UK8,2
4693,Maybelline,Cosmetics,Moisturizer,price_low,250,0.38727535659803425,0.5703824560758907,35,2.5434884765405616,1452,Green,Medium,7
4694,Nike,Accessories,Bags,price_mid,1690,0.8805701097130665,0.005677398160501168,0,,0,Black,Small,5
4695,H&M,Footwear,Sports Shoes,price_low,1050,0.16627928868183772,0.2851286267219365,42,1.6835001071176259,2528,Purple,UK6,6
4696,Nike,Footwear,Sneakers,price_low,1300,0.45647999584073135,0.8694390011061558,33,2.824917850029405,2455,Black,UK12,2
4697,MAC,Cosmetics,Sunscreen,price_high,6180,0.9423814237067651,0.7462798667901194,41,4.738838277960384,2442,Green,Large,6
4698,H&M,Footwear,Sandals,price_low,1010,0.3957080149990348,0.795981720913731,68,2.5876250762695823,4166,Red,UK8,3
4699,MAC,Cosmetics,Foundation,price_low,350,0.3478963607802441,0.4081570688314561,80,2.413188330162792,2696,Brown,Small,7
4700,Adidas,Footwear,Sports Shoes,price_low,1070,0.5960315122311399,0.40229634420735494,51,3.3723607221841747,3128,Yellow,UK6,4
4701,MAC,Cosmetics,Foundation,price_mid,1850,0.25754817989885725,0.9784128942724184,9,2.0427841463882825,505,Black,Medium,3
4702,Zara,Accessories,Bags,price_mid,1290,0.3529849585546797,0.9885447265256627,8,2.3816920718487027,695,Red,Large,6
4703,Levis,Accessories,Belts,price_low,280,0.15596866081485417,0.14935713924192084,1,,224,Pink,Small,7
4704,Levis,Clothing,Shirts,price_mid,1730,0.5261478658236166,0.24745840318907408,38,3.120877319041304,3103,Purple,M,6
4705,Nike,Accessories,Belts,price_low,460,0.24060069946298654,0.7376275946193169,95,1.9642788965508933,3509,Pink,Large,4
4706,Levis,Clothing,Tshirts,price_mid,1940,0.6543595385928398,0.38133588649684,49,3.63235660621274,3494,Brown,XL,6
4707,Puma,Accessories,Watches,price_mid,1080,0.3429256389136784,0.524200723166253,34,2.3797762106444966,1690,Blue,Large,1
4708,Adidas,Clothing,Kurtis,price_low,720,0.23692218829226977,0.3719195007661642,62,1.9524340036761199,2257,Pink,M,1
4709,Libas,Clothing,Shirts,price_mid,870,0.31678411851935384,0.2794655506028013,33,2.26264531944164,1865,Red,S,4
4710,Puma,Clothing,Tshirts,price_mid,1600,0.38828785656810605,0.5700155733003337,55,2.5646025827645595,2790,Pink,XXL,5
4711,H&M,Clothing,Shirts,price_low,400,0.3410231950883715,0.13009176457959803,18,2.401601077526123,544,Red,L,6
4712,Nike,Accessories,Caps,price_low,230,0.3014968181794506,0.08816463026726495,0,,0,Brown,Medium,5
4713,Libas,Clothing,Tshirts,price_mid,2050,0.6243928737501718,0.3577234867772634,45,3.4967515467022086,1665,Blue,L,5
4714,Zara,Clothing,Shirts,price_low,520,0.6547517417460507,0.2658348733140298,86,3.6171647314631827,3007,White,XL,1
4715,MAC,Cosmetics,Moisturizer,price_mid,1070,0.5740750122146756,0.9646148781102443,9,3.2669149812212166,347,Blue,Large,4
4716,H&M,Clothing,Dresses,price_low,560,0.3267804976864617,0.6163368239462976,40,2.3348725932190497,3509,Red,XL,1
4717,Puma,Footwear,Sports Shoes,price_mid,4910,0.8587404845717336,0.8732656575657984,60,4.448684350766537,2834,Purple,UK8,2
4718,Levis,Clothing,Jeans,price_mid,1240,0.8486987959026558,0.14562562858236028,0,,0,Purple,S,5
4719,Puma,Footwear,Flats,price_mid,3140,0.2308568708483117,0.020000819480371468,25,1.9571442728703545,1034,Red,UK12,4
4720,MAC,Cosmetics,Moisturizer,price_low,300,0.45392145528755456,0.038976155960071424,20,2.825607530327887,2110,Yellow,Small,7
4721,Levis,Accessories,Belts,price_mid,1700,0.1640865158813696,0.05892160554036707,39,1.6318882058347497,1294,Brown,Small,2
4722,SwissBeauty,Cosmetics,Foundation,price_mid,1440,0.618618644197323,0.5872313390353125,15,3.438815880830078,471,Green,Large,5
4723,Zara,Footwear,Sandals,price_low,1210,0.2533688013456058,0.9038539398975288,5,1.9341668362661608,539,Purple,UK8,6
4724,H&M,Clothing,Kurtis,price_low,450,0.357156887572041,0.6447752876111231,4,,435,Brown,XL,6
4725,Puma,Footwear,Sports Shoes,price_low,740,0.25583561621398093,0.08301079301182634,5,2.029286887467129,0,Green,UK12,6
4726,Maybelline,Cosmetics,Foundation,price_mid,820,0.18133318244671834,0.7359276520167808,23,1.7663982159325318,2029,White,Large,5
4727,Libas,Clothing,Shirts,price_low,450,0.2024112603417865,0.5106805614468887,44,1.8188519283814215,2643,Pink,S,5
4728,Nike,Footwear,Sports Shoes,price_mid,4890,0.11723777358490733,0.21898187839236394,4,,13,Blue,UK8,4
4729,Nike,Footwear,Sneakers,price_low,1160,0.23723320776835655,0.08389665803781698,4,,62,Green,UK4,1
4730,Zara,Footwear,Sneakers,price_mid,3350,0.3462988857753944,0.11713507532484102,18,2.3978756423326724,1227,Black,UK4,6
4731,H&M,Footwear,Boots,price_mid,2210,0.6647609141044502,0.08743556477767112,5,3.6295095682520073,411,Brown,UK8,1
4732,Maybelline,Cosmetics,Moisturizer,price_low,280,0.5133570543936258,0.9461024552539721,100,3.0706285255994725,5000,White,Small,7
4733,Adidas,Footwear,Sports Shoes,price_high,9860,0.854072825995774,0.8162247656525294,125,4.400027895310592,5000,Purple,UK4,4
4734,Puma,Footwear,Boots,price_mid,4260,0.36208688741189327,0.34036852683291474,41,2.4679314498445635,1770,Red,UK4,3
4735,MAC,Cosmetics,Moisturizer,price_mid,900,0.28812318189265634,0.6257335068426885,55,2.170348403206073,2606,Red,Large,6
4736,Adidas,Footwear,Sneakers,price_high,15000,0.569597790518651,0.8911398308804647,2,,57,Pink,UK4,5
4737,Puma,Footwear,Sneakers,price_low,910,0.28570110865268106,0.06583237940399422,33,2.1628805844237213,1129,Red,UK6,5
4738,Zara,Footwear,Sandals,price_low,1090,0.7184417620360148,0.5812610173050368,0,,266,Brown,UK4,6
4739,Adidas,Accessories,Belts,price_low,510,0.21827886370826208,0.263527330830054,23,1.8529855475324803,1124,Green,Small,4
4740,Adidas,Footwear,Boots,price_low,890,0.3267819346942649,0.4782370882887652,2,,0,Purple,UK4,6
4741,Zara,Accessories,Bags,price_mid,1890,0.3290625229070886,0.8707984849741753,71,2.3174797069651425,4845,Blue,Medium,7
4742,Adidas,Footwear,Sandals,price_low,960,0.2874335937475974,0.32224204430309833,62,2.159232076304374,2287,Yellow,UK12,4
4743,Puma,Clothing,Jeans,price_low,550,0.1588720624411462,0.5552154513399837,37,1.623763173902089,1902,Purple,XL,4
4744,Levis,Accessories,Caps,price_low,280,0.5224299765964677,0.31547814792642725,0,,106,White,Medium,2
4745,Nike,Footwear,Sneakers,price_low,800,0.39312633418904797,0.5456905070302253,91,2.5791919330302746,2932,Red,UK6,4
4746,H&M,Footwear,Sneakers,price_low,730,0.5177346743476844,0.8654369712287326,74,3.0730815336800097,3597,Yellow,UK8,1
4747,Maybelline,Cosmetics,Moisturizer,price_mid,1110,0.8011030637210304,0.34749626732666405,47,4.200582844130352,2852,Brown,Medium,1
4748,H&M,Accessories,Watches,price_mid,1640,0.642575618878717,0.3124300037761123,7,3.5390881706627693,619,Red,Medium,2
4749,MAC,Cosmetics,Moisturizer,price_high,5290,0.6753370990651656,0.07489222611613755,70,3.6836018906269707,3524,Green,Small,6
4750,Libas,Clothing,Dresses,price_mid,1430,0.3407970753743824,0.018654155287722074,0,,0,Red,M,6
4751,Adidas,Footwear,Sneakers,price_mid,4860,0.35517898561731,0.41226928201094726,71,2.4391885277952223,3393,Green,UK4,6
4752,Puma,Footwear,Sports Shoes,price_mid,4650,0.7047603472466976,0.8735452218200235,46,3.8289640433202123,3822,Yellow,UK6,6
4753,Zara,Footwear,Sports Shoes,price_high,15000,0.9714310650564738,0.532241612990572,71,4.905055703583418,2734,Brown,UK8,5
4754,Nike,Footwear,Sandals,price_low,1000,0.22001240615348694,0.7161007735671444,76,1.9026719776069632,3343,White,UK6,4
4755,Maybelline,Cosmetics,Moisturizer,price_mid,1070,0.6295823656516936,0.43835664048381606,4,,321,White,Large,3
4756,Adidas,Footwear,Sneakers,price_mid,4250,0.22586774313618443,0.1797215767985617,12,1.94568351387067,551,Red,UK6,3
4757,Puma,Accessories,Watches,price_high,7390,0.9114696662678198,0.8469491020043383,38,4.617887543010674,4012,Blue,Medium,1
4758,SwissBeauty,Cosmetics,Lipstick,price_mid,890,0.4440234571864961,0.4032419453199878,37,2.804944160021683,1250,Brown,Large,4
4759,Nike,Clothing,Dresses,price_mid,1770,0.3111238762486036,0.8856116058057731,57,2.2328527551573525,2278,Green,L,2
4760,SwissBeauty,Cosmetics,Foundation,price_low,240,0.17950857232605094,0.5567919374852343,35,1.7269132794753521,1450,Red,Large,6
4761,Adidas,Clothing,Shirts,price_mid,2500,0.6732545458985473,0.550534772868467,9,3.655852651364636,593,Yellow,L,4
4762,Levis,Accessories,Caps,price_low,310,0.1988347203817081,0.2574898473487305,69,1.7929560058309957,2669,Black,Small,2
4763,Puma,Footwear,Sports Shoes,price_low,1220,0.7928733546276506,0.7096749461608929,46,4.172097938324972,2749,Blue,UK8,6
4764,Nike,Accessories,Bags,price_high,10970,0.5259945004037503,0.10440463288105051,58,3.1041670846773877,2070,Pink,Large,5
4765,Maybelline,Cosmetics,Sunscreen,price_low,140,0.5590059896758394,0.7107868922140266,62,3.2256381890818515,3668,Yellow,Small,3
4766,MAC,Cosmetics,Moisturizer,price_low,500,0.7996445383243757,0.7438674662371755,12,4.2371625836943725,396,Blue,Large,2
4767,Libas,Clothing,Jeans,price_low,450,0.06326042370630798,0.9061770119404936,27,1.286675712121916,1537,Purple,S,4
4768,MAC,Cosmetics,Moisturizer,price_low,480,0.16754454444339567,0.5948329594399484,4,,0,Red,Large,6
4769,Maybelline,Cosmetics,Foundation,price_mid,950,0.3850643558256586,0.0005865025115494582,21,2.5636315104563905,1712,Yellow,Large,3
4770,Zara,Footwear,Sandals,price_high,10790,0.8422194061147972,0.059649099799322314,28,4.360922865187823,2033,White,UK6,2
4771,Nike,Accessories,Bags,price_low,430,0.14445527961024335,0.9950926106891658,2,,168,Blue,Medium,6
4772,Levis,Clothing,Shirts,price_mid,1960,0.7543233664427836,0.508304580159256,39,3.9989580649579755,2811,Green,L,6
4773,Adidas,Clothing,Shirts,price_mid,1540,0.3306272503027874,0.44960136474065315,63,2.328616719916232,2137,White,XL,2
4774,Libas,Clothing,Shirts,price_high,2850,0.7435350600436222,0.49260084084942113,33,3.9416832255118934,2170,Blue,XXL,4
4775,Zara,Clothing,Tshirts,price_mid,1990,0.6754010768462778,0.327403816672556,11,3.6836151494978497,453,Yellow,L,5
4776,Maybelline,Cosmetics,Lipstick,price_mid,1150,0.9069727749973493,0.9642238881950106,50,4.600855873773845,5000,White,Medium,3
4777,Puma,Clothing,Shirts,price_high,6710,0.9669548910980303,0.2831200163405412,43,4.866743184195385,2239,Yellow,XL,3
4778,MAC,Cosmetics,Lipstick,price_mid,1160,0.5945008645034925,0.818449946910721,51,3.359041130589577,3465,Black,Medium,2
4779,Zara,Footwear,Sports Shoes,price_low,920,0.24110078081391023,0.36983476401599114,36,1.9782279126350626,2097,Pink,UK4,2
4780,Maybelline,Cosmetics,Sunscreen,price_mid,1540,0.6100604001262311,0.24680168632459942,9,3.487667047814934,247,Purple,Medium,2
4781,Puma,Footwear,Boots,price_low,720,0.14179022905514269,0.5783815999478377,9,1.5351289725062827,339,Purple,UK8,3
4782,Puma,Footwear,Sports Shoes,price_mid,2870,0.6952661273265341,0.6615680603566404,46,3.7728272838988373,2532,Red,UK4,5
4783,Maybelline,Cosmetics,Moisturizer,price_high,2920,0.6416773947927235,0.4462750707748293,52,3.5927981654086225,1912,Yellow,Large,5
4784,H&M,Clothing,Dresses,price_mid,1050,0.5833933601425416,0.8760144736855088,86,3.322836476594815,5000,Brown,M,3
4785,Maybelline,Cosmetics,Lipstick,price_low,320,0.06597569321882084,0.6198750264135562,51,1.2785934855697185,2252,Yellow,Large,3
4786,Zara,Clothing,Tshirts,price_low,420,0.4728444249076648,0.896999023820884,64,2.8719086280381267,2894,Brown,S,3
4787,Maybelline,Cosmetics,Foundation,price_mid,1150,0.7587261054340566,0.7112454768845967,90,4.01456693668863,4260,Red,Large,6
4788,Nike,Footwear,Flats,price_low,1300,0.44623660065706344,0.48763983074991235,14,2.7511085689300185,618,White,UK4,1
4789,Adidas,Footwear,Sneakers,price_mid,3980,0.49164996817416223,0.341377302179074,4,,154,Black,UK6,1
4790,MAC,Cosmetics,Sunscreen,price_mid,1270,0.8524543819910402,0.5275406444258673,100,4.42864630557259,3328,Blue,Medium,1
4791,SwissBeauty,Cosmetics,Sunscreen,price_mid,1190,0.6476665404153207,0.39780169297130397,77,3.583420069866709,4029,Blue,Medium,2
4792,Levis,Clothing,Shirts,price_mid,1840,0.3888875551863806,0.5771824392903535,34,2.559984018874442,2860,White,XL,2
4793,Nike,Accessories,Bags,price_low,530,0.15370830795322182,0.6291701542585798,30,1.6117687822468816,1274,Pink,Medium,4
4794,SwissBeauty,Cosmetics,Moisturizer,price_mid,1410,0.27646380464832204,0.4558455579169097,69,2.084171918277605,2448,White,Small,6
4795,Levis,Clothing,Shirts,price_mid,1640,0.2990524904004672,0.5367767912939377,63,2.176430213045689,4588,Yellow,L,2
4796,Nike,Footwear,Boots,price_mid,3090,0.7456992984409389,0.7584652160866702,53,4.0024341466711935,2200,White,UK6,3
4797,Puma,Clothing,Shirts,price_mid,2190,0.22432093599338412,0.09588492634945045,4,,756,Purple,XXL,2
4798,Levis,Accessories,Watches,price_mid,1800,0.5756752059176431,0.44461562553106926,81,3.304589149303915,3495,Red,Medium,7
4799,Libas,Clothing,Jeans,price_high,5000,0.6902549458148232,0.826707719791674,2,,156,Blue,XL,7
4800,Adidas,Clothing,Tshirts,price_mid,1740,0.41576397457308795,0.34878026934261497,93,2.6552535325075644,3096,Yellow,L,2
4801,Zara,Clothing,Kurtis,price_high,7280,0.8630090956727872,0.08854600066739471,39,4.427703107474665,1612,Purple,L,6
4802,Puma,Footwear,Flats,price_low,1150,0.05718250634372082,0.6685256034530939,63,1.2088614841700098,1984,White,UK10,1
4803,H&M,Clothing,Jeans,price_low,480,0.21682723948287425,0.7255512038316311,0,,0,Yellow,M,1
4804,Adidas,Clothing,Dresses,price_low,550,0.4154948059114226,0.8046081655803108,47,2.6825075256305255,2486,Black,XL,5
4805,Adidas,Footwear,Boots,price_low,1200,0.4925583099035477,0.23527281298754132,33,2.9817469554125573,2534,Pink,UK8,6
4806,Levis,Clothing,Dresses,price_low,520,0.05768145914506837,0.9546301230340258,46,1.2312644047015906,3083,Black,XL,7
4807,Puma,Clothing,Tshirts,price_mid,2140,0.29520018760564776,0.2747538696274454,11,2.1604200294292593,680,Pink,M,5
4808,Nike,Footwear,Sneakers,price_mid,3040,0.5052236693257638,0.4468984995979388,77,3.0008369130512667,3325,Purple,UK4,4
4809,Puma,Footwear,Flats,price_low,1150,0.516387974862133,0.20704781638562286,16,3.04036838779759,451,Blue,UK4,2
4810,Puma,Accessories,Bags,price_mid,2040,0.4222826638025267,0.5875232127063317,14,2.6969381685995923,386,Red,Small,3
4811,Zara,Accessories,Belts,price_mid,1940,0.4236236901582666,0.34937654391104744,4,,136,Black,Small,4
4812,Adidas,Footwear,Sandals,price_high,12080,0.7504087386331699,0.9500207248142664,90,4.013110532602419,3011,Red,UK4,7
4813,Zara,Accessories,Caps,price_high,8730,0.6618999609549865,0.07924462708722146,49,3.6381553310175523,2037,Yellow,Small,7
4814,Adidas,Accessories,Belts,price_mid,3000,0.5496083484926785,0.49360045240812,26,3.184911020558542,3157,Blue,Large,1
4815,Zara,Clothing,Shirts,price_low,620,0.072885121000422,0.655629214991812,5,1.3275062893880585,415,Blue,XL,5
4816,MAC,Cosmetics,Foundation,price_high,7000,0.9206428649908382,0.7993250910784906,88,4.665216582398998,5000,Blue,Small,4
4817,Libas,Clothing,Shirts,price_high,4900,0.4948742460216421,0.018068774854900327,8,3.002413454161766,423,Purple,XXL,3
4818,Nike,Footwear,Sports Shoes,price_high,15000,0.8091165828706154,0.8898535063723054,117,4.233235656049694,4232,Black,UK12,1
4819,Nike,Clothing,Dresses,price_mid,1630,0.5388769888595482,0.7418943227555836,35,3.1872811266665595,2754,Black,L,2
4820,Puma,Footwear,Flats,price_low,950,0.4276146667720588,0.6077605001099504,34,2.681862200203472,2096,Red,UK4,7
4821,Nike,Footwear,Sneakers,price_low,980,0.1876869671537289,0.6307085602318236,40,1.7271316568474422,3018,Red,UK8,2
4822,H&M,Clothing,Dresses,price_mid,2070,0.4412558154076614,0.6771589665759615,47,2.7503156114498317,3610,Brown,XXL,6
4823,Zara,Accessories,Watches,price_high,7460,0.8468912532031486,0.595939051326033,44,4.381614367455395,1828,Black,Medium,5
4824,Adidas,Accessories,Watches,price_high,10100,0.7240994412189322,0.5701707507090237,43,3.906528215566444,1688,Pink,Small,7
4825,H&M,Clothing,Dresses,price_mid,1720,0.3875912928851729,0.7817226669878233,35,2.5509561425132694,2478,Yellow,L,2
4826,Adidas,Footwear,Sneakers,price_mid,4070,0.5323706961106448,0.6936120420429841,23,3.121466181690773,917,Black,UK10,4
4827,Maybelline,Cosmetics,Moisturizer,price_low,150,0.08842018036257494,0.5073605396886913,43,1.362732086153179,3000,Brown,Medium,5
4828,Nike,Accessories,Caps,price_low,420,0.14980977902377954,0.589915059611276,24,1.6374009599480157,1294,Brown,Large,6
4829,Zara,Footwear,Sports Shoes,price_high,11730,0.7135741079348649,0.6344261640642391,36,3.855362483659977,2288,Yellow,UK12,6
4830,Maybelline,Cosmetics,Lipstick,price_low,250,0.23288954185161814,0.20615023934485965,50,1.9051094807701305,1833,Red,Medium,5
4831,Maybelline,Cosmetics,Moisturizer,price_low,230,0.1964596005799184,0.6919049625214185,4,,67,Brown,Medium,5
4832,Puma,Clothing,Dresses,price_mid,1660,0.6098539936953369,0.6538304322778598,0,,53,Red,L,1
4833,Maybelline,Cosmetics,Lipstick,price_mid,990,0.36370067458309413,0.4942665538090536,30,2.461055878141144,1279,Red,Medium,5
4834,MAC,Cosmetics,Moisturizer,price_mid,1870,0.31196093027287336,0.7410238395271017,53,2.2602380862041853,3127,Pink,Large,1
4835,H&M,Clothing,Shirts,price_low,420,0.11880551993516959,0.8840868268087997,44,1.479573543942212,2889,Black,M,3
4836,Maybelline,Cosmetics,Lipstick,price_low,180,0.09134690698586963,0.9609418937303712,8,1.356287228947595,256,Brown,Medium,1
4837,H&M,Clothing,Jeans,price_mid,1160,0.7282305171240813,0.14564897558698864,14,3.9025975139231828,630,White,XL,1
4838,Zara,Clothing,Shirts,price_high,4650,0.400782520923847,0.7501348383978783,37,2.605843853784058,2212,Black,L,7
4839,Levis,Clothing,Kurtis,price_low,510,0.036357721552773725,0.7878867046008312,2,,155,Pink,XXL,1
4840,Levis,Accessories,Bags,price_low,340,0.15001327080940968,0.20703155710735077,58,1.5957818496708671,3973,Red,Small,4
4841,H&M,Footwear,Sports Shoes,price_low,1350,0.16320644010462543,0.6505384926848186,62,1.6593159817877818,3439,Green,UK6,5
4842,SwissBeauty,Cosmetics,Sunscreen,price_low,190,0.2003358024876136,0.2934312167826659,2,,124,Black,Small,2
4843,MAC,Cosmetics,Foundation,price_mid,1710,0.43813768409826714,0.3137819989130183,64,2.7715663462305593,2889,Red,Medium,6
4844,Nike,Footwear,Flats,price_high,15000,0.7625361812325013,0.1618107074849946,46,4.062183586199663,2287,Black,UK12,2
4845,Puma,Footwear,Sports Shoes,price_low,680,0.4759923631048272,0.5019247791950494,44,2.915494273267726,1776,Pink,UK4,1
4846,Maybelline,Cosmetics,Lipstick,price_high,3480,0.764041925931036,0.46056944806257594,46,4.071452547872077,2946,Brown,Large,7
4847,MAC,Cosmetics,Foundation,price_low,320,0.4808940182715712,0.3572885745628399,7,2.892034457490171,661,Purple,Small,5
4848,Nike,Footwear,Sports Shoes,price_low,1190,0.34197431382296983,0.12821495944030759,8,2.346903668963168,255,Pink,UK12,4
4849,Zara,Accessories,Watches,price_low,350,0.18119416020850032,0.8911208819964233,54,1.7205399132818617,4239,White,Small,4
4850,Nike,Clothing,Jeans,price_mid,1510,0.6175248937026265,0.3123683603489398,51,3.4523885057011343,2558,White,XXL,7
4851,Zara,Clothing,Tshirts,price_low,680,0.27207132528318584,0.3797474960773144,57,2.091500460301027,3272,Yellow,S,2
4852,Puma,Clothing,Dresses,price_low,280,0.5733264042459038,0.11312128015558276,3,,122,Black,L,7
4853,Nike,Clothing,Shirts,price_mid,1980,0.658403854398065,0.8749261101854084,28,3.6531369218904994,2340,Purple,L,6
4854,Nike,Accessories,Bags,price_mid,2180,0.7940936528832793,0.9424264480217825,57,4.175106958342043,3425,Red,Large,3
4855,Puma,Footwear,Boots,price_mid,3740,0.6000795220976246,0.9661302232604002,143,3.3840871786008977,5000,Green,UK8,4
4856,Maybelline,Cosmetics,Moisturizer,price_low,200,0.1460542006830448,0.015417537495852729,31,1.556184374226114,2131,Black,Medium,5
4857,Puma,Footwear,Sandals,price_mid,2840,0.15124909265009595,0.5647369057750521,62,1.6245832839162109,2727,Red,UK10,1
4858,Zara,Accessories,Bags,price_low,540,0.019655721716133053,0.7809287038160918,21,1.1167452600202057,1622,Green,Small,1
4859,Zara,Clothing,Kurtis,price_mid,2270,0.6345362782927264,0.008214561136230425,15,3.5162651223608714,1369,Green,L,5
4860,MAC,Cosmetics,Moisturizer,price_low,450,0.4199948576868454,0.0857130125775677,40,2.711532966426794,1384,Yellow,Small,4
4861,Levis,Accessories,Watches,price_mid,2640,0.36190910809254856,0.8797028784786987,1,,172,Pink,Medium,5
4862,Puma,Footwear,Sneakers,price_high,13080,0.6393076401693539,0.5800406212397077,52,3.577339420031859,4763,Blue,UK4,3
4863,Zara,Footwear,Sneakers,price_mid,4910,0.6263017793445091,0.49471917835945456,34,3.498152146045521,2901,Purple,UK12,4
4864,Libas,Clothing,Tshirts,price_mid,1180,0.40023832451449626,0.8405264936561688,75,2.5896000974345985,2493,Brown,XXL,6
4865,Zara,Accessories,Caps,price_high,8340,0.9250373470515977,0.8124442270484092,108,4.705312947031271,5000,Brown,Medium,3
4866,H&M,Accessories,Bags,price_mid,1710,0.492111747676326,0.06547794541343221,31,2.988913861056787,1958,White,Large,3
4867,Nike,Footwear,Sneakers,price_mid,4760,0.7961407595695434,0.7738663294088722,89,4.165290439160602,4508,Green,UK8,3
4868,H&M,Accessories,Belts,price_mid,1680,0.5025131843054788,0.052160220493319254,28,3.0109266591009223,932,Black,Large,4
4869,Levis,Clothing,Tshirts,price_low,410,0.2263256541384018,0.4897798353198728,30,1.8887697608572425,2545,Yellow,L,7
4870,Puma,Footwear,Sports Shoes,price_high,12540,0.46410269612927596,0.374897671492854,0,,235,Yellow,UK6,6
4871,Nike,Footwear,Sports Shoes,price_mid,3940,0.3351170954471932,0.3176476241305056,0,,0,Pink,UK4,7
4872,Adidas,Clothing,Jeans,price_high,5770,0.5647179069695754,0.6618758696182506,2,,142,Red,XL,5
4873,MAC,Cosmetics,Sunscreen,price_mid,1960,0.36657393374893404,0.6309126588694723,36,2.4383871684892853,2037,Yellow,Small,1
4874,Puma,Clothing,Kurtis,price_low,400,0.23438425882895766,0.17208843649579952,0,,0,Green,S,6
4875,Levis,Clothing,Shirts,price_mid,1350,0.43318622980711413,0.05226618324762988,22,2.724713195167663,1021,Green,L,7
4876,Maybelline,Cosmetics,Foundation,price_mid,1020,0.3122738251601304,0.15601292940304845,40,2.2649431421714326,2638,Pink,Small,7
4877,Puma,Accessories,Watches,price_low,550,0.5624576575122491,0.7821080994153703,60,3.239416311481039,2625,Green,Small,3
4878,Libas,Clothing,Dresses,price_mid,1450,0.6087789508505953,0.3759912650321069,72,3.418727730816577,2473,Red,S,6
4879,Libas,Clothing,Tshirts,price_mid,2010,0.5364626311226053,0.4391210762429285,73,3.1562697642018382,3254,Red,XXL,2
4880,Levis,Accessories,Caps,price_low,540,0.4054135043056509,0.9899813951710619,9,2.556002535001306,570,Green,Small,3
4881,Maybelline,Cosmetics,Foundation,price_low,270,0.13352632082128119,0.9104005070654027,2,,0,Purple,Large,5
4882,Levis,Clothing,Tshirts,price_low,580,0.2405710641201909,0.2643870791210986,4,,85,Red,S,7
4883,Puma,Accessories,Watches,price_low,440,0.3281431741868513,0.03409109486248996,25,2.3229217535601756,1583,Black,Small,2
4884,Nike,Accessories,Watches,price_mid,2800,0.29783361171972644,0.31504540983296125,79,2.1754424060152378,3544,White,Large,7
4885,Levis,Clothing,Tshirts,price_mid,1670,0.3265170486780027,0.08061506561428222,33,2.31570839242871,1502,Yellow,L,2
4886,Libas,Clothing,Tshirts,price_low,290,0.24752423406589408,0.6848162639532254,101,1.9965480598688452,4719,White,M,2
4887,Libas,Clothing,Jeans,price_high,5940,0.8641468067844214,0.9125349261362972,60,4.449903856325582,4793,Black,XL,3
4888,H&M,Clothing,Tshirts,price_mid,1470,0.4828443254780676,0.8867119229655942,0,,331,Brown,XL,2
4889,Zara,Accessories,Watches,price_low,290,0.18838698043436647,0.20661278093670288,14,1.7731097306252328,1454,Green,Large,5
4890,Puma,Clothing,Tshirts,price_high,4480,0.5765530725330901,0.21037399370563936,40,3.3206505344191237,2331,Red,L,3
4891,SwissBeauty,Cosmetics,Foundation,price_low,170,0.4446869651235469,0.2786570381392497,93,2.764081555873647,4271,Black,Large,3
4892,Nike,Footwear,Sneakers,price_high,9490,0.8480096866811428,0.10483011898410777,85,4.387731490885025,3565,Purple,UK8,6
4893,Libas,Clothing,Shirts,price_mid,1540,0.20433520802922547,0.05569171259011818,12,1.8587254878668953,806,Pink,XL,1
4894,Maybelline,Cosmetics,Moisturizer,price_low,250,0.3226456128824669,0.38005521202728465,40,2.3153345498562943,2103,Black,Large,7
4895,Zara,Footwear,Sports Shoes,price_low,1320,0.3873038475200582,0.7575824245527653,41,2.552646372568214,3656,White,UK10,7
4896,Levis,Clothing,Shirts,price_high,3530,0.8885327391879594,0.01061040316212758,13,4.557970113435421,602,Green,M,4
4897,SwissBeauty,Cosmetics,Lipstick,price_mid,1120,0.20958795533949168,0.9821621774940377,48,1.8326685539404999,3494,Red,Medium,5
4898,SwissBeauty,Cosmetics,Sunscreen,price_low,240,0.5357278949998294,0.9114127338275294,13,3.1276923366897442,571,Black,Large,2
4899,Puma,Clothing,Shirts,price_mid,2100,0.6063420786407241,0.07693634788861159,11,3.449058043282983,708,Purple,S,2
4900,H&M,Clothing,Kurtis,price_low,690,0.3821129539080441,0.07717822049126943,44,2.517459549218953,1397,Green,M,2
4901,Zara,Accessories,Belts,price_low,400,0.19356740870438233,0.5519589963784817,35,1.7582906464776928,1156,White,Medium,1
4902,Puma,Footwear,Sports Shoes,price_low,950,0.715181175179197,0.9137446875057628,119,3.8691986361410344,5000,Brown,UK12,7
4903,H&M,Accessories,Bags,price_mid,1380,0.7178408161838258,0.9970805470860936,13,3.8404012815240907,589,Brown,Small,6
4904,MAC,Cosmetics,Foundation,price_low,410,0.1640375876572618,0.351682751128105,49,1.6794127605588096,1695,Green,Medium,4
4905,Puma,Footwear,Sports Shoes,price_mid,2050,0.9423544505557794,0.5888413292856526,54,4.786385611229881,3813,Yellow,UK4,1
4906,H&M,Clothing,Jeans,price_low,510,0.15338806125312412,0.6919235766616876,88,1.6287903209430605,4649,Red,L,4
4907,Zara,Accessories,Watches,price_low,380,0.4953603364415318,0.8017234808727771,70,2.9959570858945708,2782,Blue,Small,7
4908,Puma,Footwear,Sneakers,price_mid,2950,0.21013191923919394,0.17542414837225884,25,1.8106375339698415,875,Black,UK12,5
4909,Levis,Clothing,Shirts,price_mid,1730,0.839175246890083,0.8759961137619744,6,4.302234195647347,452,Yellow,XL,6
4910,Zara,Footwear,Sneakers,price_mid,2220,0.3386820583905863,0.4713289750655093,88,2.3581151691652518,3674,Brown,UK4,7
4911,Zara,Accessories,Caps,price_low,670,0.3512929620603481,0.41644812315827917,30,2.4410499336438765,1482,Brown,Small,5
4912,SwissBeauty,Cosmetics,Lipstick,price_mid,1080,0.6207331220806502,0.2627734394327773,79,3.482084249489724,3133,Yellow,Medium,6
4913,Puma,Clothing,Shirts,price_low,690,0.6343531958742199,0.18567841115522365,78,3.554278618831383,3211,Pink,M,4
4914,H&M,Footwear,Sandals,price_mid,3060,0.42577570828920075,0.18536890220381996,16,2.7315532123288038,397,Purple,UK8,2
4915,Nike,Clothing,Tshirts,price_mid,2060,0.7334835074541746,0.7773155113589403,35,3.934642746500649,2140,White,L,3
4916,H&M,Clothing,Shirts,price_mid,2250,0.695152162096155,0.7813625564314144,0,,236,Brown,XL,2
4917,MAC,Cosmetics,Moisturizer,price_low,240,0.2820833659278319,0.19929463849262574,11,2.1311818157532096,605,Red,Large,3
4918,MAC,Cosmetics,Lipstick,price_mid,1460,0.3697148089764033,0.3048258491364153,86,2.496418921404656,3229,Blue,Large,1
4919,Nike,Footwear,Flats,price_mid,3800,0.6673876697114478,0.19330853027715056,47,3.6737027647258054,2279,Blue,UK12,3
4920,Adidas,Accessories,Watches,price_low,480,0.1068105287168616,0.21731224233382251,22,1.4222143836721728,954,Brown,Medium,7
4921,Libas,Clothing,Dresses,price_high,5130,0.8481648749906258,0.3606664117812697,83,4.4005796948734135,5000,Blue,XXL,4
4922,H&M,Accessories,Watches,price_low,300,0.26292243329955295,0.19731156809805894,52,2.0788334084996416,2121,Pink,Large,6
4923,H&M,Footwear,Sandals,price_mid,2560,0.626859931864015,0.6666291803459108,45,3.4882123912447867,3552,Yellow,UK8,2
4924,Nike,Clothing,Shirts,price_mid,1460,0.7534042405391166,0.4679180269641833,41,4.00722662573624,2484,Pink,M,2
4925,Zara,Clothing,Kurtis,price_low,630,0.16623862449357593,0.8100836255894523,129,1.6586528834853198,4918,White,M,5
4926,H&M,Clothing,Kurtis,price_mid,2050,0.6359845947419326,0.2573736343067652,49,3.563844034128894,3239,White,L,1
4927,Puma,Clothing,Dresses,price_mid,2060,0.6502249155668117,0.3269279451276502,40,3.6061455641680307,2881,Yellow,M,2
4928,Nike,Footwear,Sports Shoes,price_mid,3490,0.28603474360056,0.9652676673053776,76,2.1387575450525103,2622,Black,UK6,6
4929,SwissBeauty,Cosmetics,Lipstick,price_mid,600,0.2574497742720601,0.6737084088001649,32,2.04395974835601,3081,Blue,Medium,2
4930,Puma,Accessories,Watches,price_mid,1290,0.713505055563716,0.35852047705376344,36,3.871540809336967,1764,Yellow,Small,6
4931,Zara,Footwear,Sneakers,price_low,1140,0.4745292071300623,0.4101670201458818,0,,281,Green,UK6,1
4932,Adidas,Footwear,Sandals,price_mid,5000,0.41731653789040396,0.2547072272076599,54,2.6744952624783465,3485,Red,UK6,5
4933,Adidas,Accessories,Bags,price_mid,2320,0.2751925769504965,0.686691261679703,27,2.098026245798008,2479,Brown,Small,4
4934,Maybelline,Cosmetics,Foundation,price_mid,720,0.2020524416536669,0.3024374494123686,12,1.751431100164627,441,Black,Medium,1
4935,Zara,Clothing,Dresses,price_low,460,0.7405629246079539,0.46594578543552634,35,3.9354910270705483,1995,Black,S,4
4936,H&M,Clothing,Shirts,price_low,460,0.03274559612144838,0.019838604957608696,2,,251,Yellow,XL,4
4937,Libas,Clothing,Shirts,price_low,480,0.34978371006854764,0.9144157011391628,51,2.4034754590807386,4834,Yellow,S,2
4938,H&M,Clothing,Kurtis,price_mid,1940,0.5903121159549561,0.6630456573327502,70,3.3628155524402845,2905,White,M,5
4939,Zara,Footwear,Flats,price_low,1180,0.5775314397554624,0.16970328698200765,28,3.3055409594679284,1505,Blue,UK10,4
4940,Zara,Footwear,Sports Shoes,price_mid,5000,0.3868060155387885,0.3851267150808051,43,2.531121732970579,2692,Pink,UK4,7
4941,Zara,Accessories,Bags,price_low,390,0.49848378894937817,0.12068244407364048,8,3.020474024338424,441,Purple,Small,3
4942,Nike,Footwear,Sneakers,price_mid,3990,0.4178490486148046,0.7331812672508966,38,2.7002864866682468,2869,Red,UK6,5
4943,Nike,Accessories,Watches,price_low,450,0.04685857574273181,0.4181652726123073,35,1.213376396512045,2410,Red,Large,3
4944,Puma,Clothing,Dresses,price_mid,1930,0.31594085919408865,0.3923170730219874,6,2.187502127228726,374,Red,M,5
4945,Adidas,Clothing,Jeans,price_mid,1590,0.18896025020529006,0.9405499637881182,5,1.843747734318905,235,Black,XL,5
4946,H&M,Clothing,Shirts,price_high,5080,0.638604791379356,0.683127512567818,15,3.59983447958461,749,Blue,XXL,4
4947,H&M,Accessories,Bags,price_low,570,0.4935588855744047,0.7036131084028218,1,,403,Green,Small,3
4948,Maybelline,Cosmetics,Lipstick,price_mid,1000,0.7550353582347032,0.42093360725973583,53,4.035332362651556,1773,White,Small,1
4949,Nike,Footwear,Flats,price_low,990,0.4254258741568878,0.6369211401231034,38,2.694989998999677,1970,Purple,UK8,2
4950,Zara,Footwear,Flats,price_mid,3880,0.47122148179946294,0.6153355116910152,54,2.9028071381542633,3817,Green,UK12,3
4951,Nike,Footwear,Flats,price_mid,4460,0.4544649727541464,0.7038779195433037,101,2.7984746050389786,4951,Purple,UK8,1
4952,Nike,Footwear,Flats,price_mid,5000,0.5416137147540606,0.08515047514611329,30,3.147830180556794,2611,Blue,UK8,2
4953,Adidas,Accessories,Bags,price_high,11690,0.7105948372232825,0.5797939255936428,71,3.8235520877931424,2269,Black,Small,3
4954,H&M,Accessories,Belts,price_mid,950,0.9309290161137117,0.022590130183673285,96,4.741934833583081,3809,Green,Large,6
4955,Maybelline,Cosmetics,Foundation,price_high,2120,0.784607479275836,0.36818044074988054,12,4.161070433456697,386,Black,Medium,7
4956,MAC,Cosmetics,Sunscreen,price_mid,1730,0.6023876317767353,0.4415625897820187,63,3.3974802591562017,2265,White,Medium,1
4957,MAC,Cosmetics,Lipstick,price_mid,1410,0.5469690503737107,0.8169907328948917,56,3.169062977294116,3501,Pink,Small,4
4958,H&M,Clothing,Tshirts,price_high,4740,0.41545732242805633,0.3625520223855224,15,2.7016842848485894,934,Blue,S,4
4959,Puma,Clothing,Tshirts,price_low,400,0.18863056652707152,0.31770955836803294,3,,0,Yellow,XXL,1
4960,Levis,Clothing,Shirts,price_low,640,0.5901005080300952,0.3038503784031066,21,3.32592217058816,1999,White,M,5
4961,Adidas,Footwear,Boots,price_low,1020,0.26943970827257313,0.5040181814714457,43,2.0587080580942883,2587,Red,UK8,5
4962,H&M,Accessories,Watches,price_mid,1530,0.6273496602532546,0.9282635118379122,76,3.504468739105815,3033,Green,Medium,2
4963,H&M,Clothing,Shirts,price_high,5370,0.934969112753939,0.5440366409094944,22,4.743340763373013,619,Black,L,1
4964,Nike,Footwear,Sandals,price_mid,4650,0.5690820447724426,0.5591535653015794,56,3.276239018993833,2261,Yellow,UK4,1
4965,Nike,Footwear,Sandals,price_mid,4270,0.44689941974422265,0.7393306587855968,126,2.78742750294611,4472,Red,UK6,3
4966,Adidas,Footwear,Flats,price_low,1500,0.221452413473822,0.9651907867589931,46,1.8972319081182458,2974,Yellow,UK6,3
4967,Maybelline,Cosmetics,Sunscreen,price_mid,610,0.41703261817747095,0.7581096940006479,31,2.675942335477482,1828,White,Small,5
4968,MAC,Cosmetics,Sunscreen,price_mid,1590,0.6453378482049053,0.09202217907339716,26,3.555641159216974,1525,Red,Medium,6
4969,Puma,Clothing,Tshirts,price_mid,1690,0.45313049892779367,0.9914017366973041,3,,477,Blue,S,6
4970,MAC,Cosmetics,Sunscreen,price_high,4240,0.34278084801197034,0.8701102751160986,101,2.35899007301348,3594,Brown,Small,4
4971,Zara,Accessories,Belts,price_mid,1510,0.6674899918854982,0.8401465167859787,65,3.6634007986095734,5000,White,Large,3
4972,Libas,Clothing,Shirts,price_mid,1910,0.12222960025329271,0.6057240788302174,92,1.4959839388237104,3230,Purple,L,7
4973,Nike,Footwear,Sports Shoes,price_mid,4040,0.5752773024046832,0.3921476838181991,20,3.319192990331941,1582,Red,UK6,2
4974,Nike,Footwear,Sandals,price_low,830,0.682780528257452,0.6336754884198607,95,3.7420737472094094,3117,Pink,UK8,1
4975,Adidas,Footwear,Sneakers,price_low,1320,0.16252045107650323,0.7671048155371656,12,1.6457375012485873,582,Black,UK12,2
4976,Nike,Footwear,Boots,price_mid,4960,0.7123230757500338,0.08963090199648283,35,3.8464429031438163,1282,White,UK6,2
4977,Libas,Clothing,Shirts,price_high,4230,0.7073398107401381,0.2164002057018577,84,3.8261360983660664,3273,Brown,S,7
4978,Adidas,Clothing,Shirts,price_mid,2060,0.5605459990653628,0.17126973893843656,61,3.2567838937917495,2945,Purple,XXL,3
4979,SwissBeauty,Cosmetics,Lipstick,price_low,320,0.3552928419814636,0.9819959523861401,1,,559,Purple,Large,3
4980,Adidas,Clothing,Dresses,price_mid,1500,0.4574414058876083,0.4465832953976484,26,2.8659320632743803,1274,Blue,XXL,7
4981,Nike,Accessories,Bags,price_low,330,0.25151667290153407,0.6517191711967006,0,,0,Red,Small,3
4982,SwissBeauty,Cosmetics,Moisturizer,price_high,3430,0.49417391698771246,0.5741708284202217,52,2.9957494724732645,3329,Yellow,Small,1
4983,MAC,Cosmetics,Lipstick,price_mid,1110,0.4262526111922324,0.7619389598635518,20,2.7088878433171586,1233,Green,Large,4
4984,Libas,Clothing,Kurtis,price_low,410,0.18566330963601219,0.9690576353253701,110,1.7475171011235386,3624,Yellow,XL,1
4985,Puma,Footwear,Sandals,price_mid,4790,0.42588544958202784,0.7446717486646383,36,2.699407616298524,2149,Red,UK6,2
4986,Libas,Clothing,Shirts,price_mid,1590,0.775068787756705,0.17428335635423287,142,4.103226045113508,5000,White,L,4
4987,Zara,Clothing,Tshirts,price_low,760,0.4158835215895451,0.3476201263198052,10,2.632323566278207,315,Purple,XL,3
4988,Nike,Footwear,Boots,price_mid,4440,0.5253756645467785,0.8449795886744803,16,3.1427662939136995,477,Pink,UK8,1
4989,Maybelline,Cosmetics,Sunscreen,price_mid,1010,0.4491821113168967,0.19597013112371242,4,,137,Brown,Large,7
4990,Zara,Clothing,Dresses,price_mid,1740,0.6013829891344544,0.42841074548472846,5,3.48349243730123,363,White,XL,4
4991,Zara,Footwear,Sports Shoes,price_mid,4250,0.4263018423228177,0.32155691919931395,68,2.7044031593631184,2136,Purple,UK4,4
4992,Adidas,Footwear,Sandals,price_high,14870,0.22814328576621995,0.06662046983417436,0,,53,Red,UK8,5
4993,Zara,Clothing,Shirts,price_mid,990,0.7969619623430951,0.872582213324991,24,4.195983212112444,1135,Black,XXL,4
4994,Nike,Footwear,Sandals,price_low,1400,0.18463165303041157,0.6886417299317463,12,1.7473775820639117,250,Red,UK10,2
4995,H&M,Footwear,Flats,price_mid,1840,0.7546218383280561,0.2957505740390025,62,4.040380375368477,2273,White,UK8,1
4996,Zara,Accessories,Bags,price_mid,1550,0.4933907779721148,0.3346298722533976,28,3.00440540521476,2144,Yellow,Large,1
4997,H&M,Clothing,Kurtis,price_low,590,0.27650876575172423,0.9790639354825682,79,2.09573433778649,2614,Green,XL,4
4998,Zara,Clothing,Tshirts,price_high,6070,0.6376861476139218,0.26355547152542624,61,3.5512451777714533,2866,Blue,L,6
4999,Levis,Clothing,Dresses,price_low,650,0.5657049227379651,0.56030554025094,70,3.249596885866282,4089,Brown,L,2
5000,Levis,Accessories,Bags,price_mid,2260,0.582982751657148,0.5704805747352939,15,3.353434438423904,534,Blue,Medium,5
